8.566500752871530899e-02,2.693359668230721482e-02,-1.898053835404986955e-01
9.897298535517773388e-02,-3.803680350090643536e-02,1.986512777354305648e-01
-9.859787681967513429e-02,6.745437243961927010e-02,2.498652370503376963e-01
9.426474077051161249e-02,-4.310872044983671270e-02,-1.875072548999189292e-01
-8.222126880314006847e-02,2.470868308219739129e-01,-4.865191005661824164e-01
-1.146008724025531222e-01,7.074236339783102068e-02,-4.384831403947196948e-01
1.248911884926762195e-01,-8.550903693712608167e-02,4.691412664685993272e-01
-9.514730750461164455e-02,-1.205447471726580622e-01,-4.972553884145842762e-01
-1.530247375454372172e-01,1.133941255772369372e-01,2.223968525434161236e-03
-1.894784797511954721e-01,2.474019906899486143e-01,-3.941853344195860309e-01
-1.498622094922984482e-01,1.570611099242219533e-01,8.900842346236448321e-02
-1.477866204117815885e-01,-5.519927361276510958e-02,1.247488488325311229e-01
1.461539910553441013e-01,-7.310925491038167134e-02,-1.274173377395521056e-01
1.214633003962616309e-01,1.617883640631849751e-01,4.554779885539539386e-01
-5.623512526771579090e-02,2.285762263992671128e-01,-4.489632868628663509e-01
-1.681930412641243766e-01,2.443132222444128754e-01,4.045888731917667291e-01
3.653697927847077143e-02,2.516172631405777516e-02,-2.814339222355738412e-01
-1.565473106979550222e-01,-9.719336623291874311e-02,-1.756918094362169835e-02
1.433364570282862349e-01,-4.841416956170330188e-02,-1.128599255725992734e-01
-4.587822902085469945e-02,2.963307703547135574e-03,2.205127976609772000e-01
1.407052880347072765e-01,8.474627835710413226e-02,1.478817505890125394e-01
2.000745943172846930e-01,2.369304802532269383e-01,4.532813186809517836e-01
-1.590023117080400228e-01,1.288421361197323867e-01,6.303129875762325529e-02
9.251478912127075738e-02,-2.384513375320299611e-01,4.523722725088443752e-01
-7.932767339781576776e-02,-8.579536094730566553e-02,-4.962024049299780248e-01
-9.356561957617282044e-02,1.054710665476622511e-01,2.404363825899638041e-01
1.898836979167002337e-01,1.911495984658396763e-01,1.855783298806066295e-01
1.542052889362425239e-01,1.041577636943646912e-01,1.240543885594631579e-01
-6.245850736671443304e-02,-8.330470359479702491e-02,4.261557198379428701e-02
-1.644246452828523886e-01,-8.040209760486194401e-02,-4.030562807259530089e-02
-5.834202923474762770e-02,2.177889053849827450e-01,2.802943026062689746e-01
-1.875330016238214714e-01,2.345143346512094107e-01,3.586653197434236384e-01
1.576621586684364695e-01,1.494149811433488351e-01,8.638540742927747207e-02
8.413778110973879620e-02,-2.076282690886794846e-01,4.078331231725543793e-01
-6.418960119219019322e-02,1.630665043360743915e-01,9.676481492481103786e-02
1.463969624858130203e-02,8.432674937865081155e-02,-4.983315632849574239e-01
-1.845177912525257646e-01,2.492612725568131848e-01,-4.610000429672079791e-01
-4.224175229558102540e-02,1.068308959631680821e-01,2.304965779381278335e-01
-5.630124830580962580e-02,-9.976978665193936280e-02,3.249688025098435018e-01
8.823015039442927421e-02,2.349556000810623102e-01,-3.594523333623771411e-01
1.381883605969626005e-01,5.752518482719248816e-02,1.285795104610075734e-01
1.615058336828366636e-01,-9.198006834843297508e-02,4.960786547756432796e-01
1.026280927150690081e-01,3.213784619458859293e-02,-2.015118469054592021e-01
4.633362979780608626e-02,-2.337740353985352515e-01,3.364707095480419241e-01
7.124836454716432232e-02,-1.214562421064905307e-01,4.944963443813578108e-01
1.662595706785791050e-01,2.439501962260737233e-01,3.437597897839058669e-01
-1.268505030077889950e-01,8.078721198611304999e-03,-4.375316594223402911e-01
-4.909437729329169109e-02,1.725961454676467888e-01,2.062466879447271140e-01
-1.364269984629766785e-01,1.826113426579830668e-01,3.025073711039070190e-01
-6.922398782940142326e-02,-5.345530348868265946e-02,-3.233861396147241773e-01
1.643022820732307210e-01,-1.035232338333769153e-01,2.427622606627344304e-02
9.268516992112652009e-02,-1.626024948349957810e-03,-1.008159917004880501e-02
-5.805279671318186452e-02,5.953220288005478533e-02,1.663631356345057766e-01
-1.685375765561628603e-01,2.086538877454205965e-01,-4.430749436508572003e-01
-8.000476961644964469e-02,-1.386998655782032408e-01,-1.122182590041105321e-01
1.841709591593980733e-01,-1.852074835055513846e-01,4.404345793589397040e-01
-1.161654601741367587e-01,-5.488227583618376926e-02,-1.403421088040209819e-01
1.239558591650147257e-02,1.256942289561370218e-01,-3.911729177741092300e-01
1.128631784245931469e-01,-5.060026712499920976e-02,-3.119140615340552092e-01
-2.094075049044054060e-01,-2.106668658924635285e-01,4.788978767285985150e-01
6.016516660060422517e-02,3.896891694164283937e-02,5.659292799203663460e-02
8.100124102853301089e-02,4.271576630425100163e-02,-1.916101098652308599e-01
7.874704253054765068e-02,2.124889531340758975e-01,-3.507549264198415173e-01
-1.316575626723458514e-01,-7.001127024117814734e-03,8.173434108069921322e-02
1.747322063396902214e-01,-2.365667625780970562e-01,3.289360663026951181e-01
-7.542447691834908152e-02,-5.406972250160035909e-02,1.513769986005000234e-01
-1.571255355267372478e-01,-1.000142029791390996e-01,-2.873583815474733960e-02
-1.114066238135139608e-01,2.401057714742991234e-01,3.328254625733307881e-01
-3.770300506334423041e-02,1.858052222422026389e-01,-4.598808065755259911e-01
6.096850993252411754e-04,-1.580644785420549647e-01,-4.950519202649624750e-01
-6.057972643132480961e-02,1.253532264596194379e-01,-3.403740419218936886e-01
2.016072822913991258e-01,-2.265928942067236829e-01,4.308911658150441637e-01
-2.136151880330871000e-01,-2.225681054934994796e-01,4.975369934564493057e-01
-1.168978986742972292e-01,3.134461443807512460e-02,-4.920631251765582581e-01
-6.486851155901640631e-02,8.945712465014843406e-02,-9.610500452664971771e-02
-2.145007491692383361e-01,-2.221388842014150322e-01,-4.071329694352617823e-01
1.632148272842727232e-01,-1.132310808055421170e-01,4.949823197969878130e-01
1.040435989791044236e-01,-9.743615656051285434e-02,-3.518289390819772100e-01
-2.092914875278468756e-01,-2.369826006453817913e-01,4.403385088463449559e-01
-7.627367030802734149e-02,-6.444217204521263120e-02,-9.607429580519222245e-02
6.132244512808171510e-02,2.321306126057836039e-01,4.474249355731366729e-01
1.136902198221583227e-01,9.690368968704787811e-03,-2.799971477337783732e-01
-8.841555121107602666e-02,1.016829988489986736e-02,4.904898829102702917e-01
-8.048649577665134558e-02,9.448546514523792350e-02,-8.675147973318964034e-02
6.694842991417992994e-02,-1.623172872586248205e-01,4.754758400241370087e-01
1.213181038332060702e-01,-2.511398458537572598e-02,-1.282713907366117567e-03
-1.249947614285928932e-01,8.385785853870020290e-02,-3.318558507885412956e-01
9.905691404330063676e-03,-3.707045903267536247e-02,-4.922896408586128203e-01
1.402943417651569824e-02,-2.487584307978984999e-01,-4.445554886942748585e-01
-3.781614522976228798e-02,1.854481222003174778e-01,1.787286584442132620e-01
-2.197496306982209546e-01,-2.477052991659415282e-01,-3.841742547312906320e-01
-7.336867901746035869e-02,8.426220599402622913e-02,4.970263194912246663e-01
1.894391329438145366e-01,2.226774682881349499e-01,3.638480910538306468e-01
-3.149749650768884912e-02,2.426429592727966655e-01,-4.305767384321077529e-01
-1.639108890804382712e-01,-1.347994151313587352e-01,-6.429293574218530871e-02
5.113744749686488511e-02,-2.480130719224292735e-01,-4.034422073076620041e-01
-9.729111268008017177e-03,-1.477325484589373517e-01,-4.923864926078376225e-01
-7.801792088447701001e-02,-8.184314005342852028e-02,4.813719376862504173e-01
4.393936131790621147e-03,-3.168848551735747865e-02,-1.959529815852023571e-01
-2.151982356311877842e-01,-2.235712075888183215e-01,4.639438521441504593e-01
-2.650389808012465487e-02,1.286469602902895470e-01,4.680760480257672995e-03
2.889709221079173052e-02,1.402001672267187971e-01,3.831773282962502858e-02
-1.846032653437039706e-01,-1.722532931333541351e-01,-4.096264976235765021e-01
3.025555934939350156e-02,-1.397090437102567195e-01,-4.243119139337443446e-01
6.172691620375869714e-02,7.606591465637835281e-02,-3.278608800588476146e-01
-7.200333750330056848e-02,-9.607631874048672138e-03,-3.328178864417530303e-02
5.156430145990265057e-02,2.051033252437538534e-01,2.892168863806883206e-01
2.043301803971264707e-02,-2.472777422923269075e-01,-3.861477625886325926e-01
1.419099606408521508e-01,2.403314032042870307e-01,4.829258166075188763e-01
2.026911414261498567e-01,-2.361544208218713248e-01,4.957746731506846860e-01
-1.437673111580677343e-01,-8.416664339014745533e-02,7.251733327017406694e-02
-1.672007527647856318e-02,1.124612794535573279e-03,-1.524576776627215580e-01
1.800190684462006363e-01,2.159261667634670978e-01,4.932434179004010488e-01
7.293228182524713610e-02,-1.581461885597226225e-01,-1.566370248994307657e-01
-1.276106769541195396e-01,-1.706626847515874124e-01,-2.638447628930905564e-01
-1.179060474912757561e-01,-1.424823339151504165e-02,-7.872078415354533121e-03
1.363221751043323104e-01,6.799948721974558019e-02,1.387832253648930703e-01
3.702516104758368787e-02,-1.532460178221269897e-01,-4.422873232924730003e-01
1.441946989690710001e-01,2.347543028894389927e-01,4.270513014391659201e-01
4.814735641548439915e-02,-9.939104817719279783e-02,-8.842210438026132380e-02
7.795071733967684491e-02,-4.720940734228884494e-02,-4.575274210840341027e-01
-1.269132472665949196e-01,1.090482424889421820e-01,4.974155239602344736e-01
-1.302344863516475826e-01,1.293988446733909115e-01,4.583402115380116326e-01
-1.208231419157055342e-01,8.082206789720569606e-02,-4.889135438204257333e-01
1.148438587284058565e-01,-1.672051764253523753e-01,-1.780780047306728120e-01
-1.758919567442452925e-01,1.913891145545603134e-01,4.903657874804622230e-01
-2.508571232867318201e-02,7.212774565901114432e-02,8.837692239286376594e-02
-3.030041937608363156e-02,6.491054837817444856e-02,-6.481675964771604903e-02
-1.053522011719533191e-01,2.439455382869325506e-01,3.920811891164979190e-01
1.096699379335019930e-01,6.189686289519324980e-03,4.873558673891524862e-01
1.529087802406365881e-01,1.173336851716842988e-01,3.800845649764583722e-02
1.307297351086205150e-01,1.809863796023735150e-01,3.330557551081476664e-01
-1.260596476138964306e-01,-1.202320580351233792e-01,-2.864650556655327085e-01
-1.863851736067007048e-01,-1.686942415023290343e-01,-4.579607380519307158e-01
-6.277103179900811458e-02,-1.869794787231227051e-01,-1.881569924947915640e-01
-5.168116538897615797e-02,4.503011815718804822e-02,-2.806179721437263019e-02
-1.905965179469415460e-02,-2.412871372967666517e-01,-3.671415824362971314e-01
1.820870577243146604e-01,1.709332512474517340e-01,1.881381384178376637e-01
1.050890734151761485e-01,2.317882776277468970e-02,4.592755235257288682e-01
5.275219145518317276e-02,-4.051767284237028921e-02,3.717764634238167609e-01
2.281615935058722844e-02,1.225319185608261252e-01,8.721572114171238788e-03
-9.528998701913471425e-02,-7.176442303928931565e-02,-1.420410595202696857e-01
-1.787964784625859505e-01,2.463220634730266534e-01,-4.335950358328859444e-01
1.342549124459413434e-03,1.248678920037193940e-02,-1.957388090263784131e-01
-7.376474383191233830e-02,3.926972860300337320e-02,-4.958266416422776324e-01
-2.137512973339376066e-01,-2.363769242005988591e-01,-4.046299399795082463e-01
1.201471260960595977e-03,1.072644967879836653e-01,-4.682272798282595128e-01
-6.215602382661533643e-02,-1.700809209104818809e-01,-1.390098555522192303e-01
9.124414087655097205e-02,7.720610840298736122e-02,4.808539160267635282e-01
-4.061544921367898908e-03,-1.088190011423800785e-01,-1.124511117044674213e-01
2.248784181201379795e-02,-3.043419045316375637e-02,6.786045467084622640e-02
6.521065308040208119e-02,-1.521694776759412449e-01,-1.442712272445610955e-01
-1.298927634708906265e-01,-2.130901201614290308e-01,3.178369706867798516e-01
5.993853243530988806e-02,-1.365593987250335317e-03,5.157139717527992051e-02
1.274902484777198364e-01,3.346768892245910454e-02,-9.107979677517052952e-02
-5.752977842193518487e-02,1.204906310218877286e-01,-4.999802360453406980e-01
1.081816214486492900e-01,2.106560525853297117e-01,4.752039316032163896e-01
1.863718768698119366e-01,1.852370216190295515e-01,1.838936032584503888e-01
-7.694774990774588819e-02,2.299813633026115411e-03,4.416760305240876594e-01
-1.091059672461005547e-01,-1.421846556508457038e-01,-3.898131941356839381e-01
1.041823106397776755e-02,-4.925217056313879738e-02,2.306893916941810119e-02
-1.219370591047602703e-01,-2.058472398474497922e-01,-2.549084770926425270e-01
2.080930135701308803e-02,-2.945602775563849196e-02,-4.463040287146062823e-01
9.882479453092052335e-02,-1.160916177349687883e-01,3.796594003191871014e-01
6.206160680692041076e-02,1.621271992477538726e-01,3.867777655211612764e-01
-1.697969557890852688e-01,-1.067347633249120520e-01,1.759007163190462464e-02
-1.412569453326408819e-01,-5.216397197430733268e-02,1.096970802115646570e-01
1.536498221938386033e-01,-2.114058812955358357e-01,4.817160023266697788e-01
-9.892817545231125109e-02,-1.589493059602919978e-01,3.130659813403454672e-01
7.991494096958096094e-02,-1.734260544142425253e-01,4.944406512548449317e-01
1.018782842550846057e-01,5.412244560791557024e-02,-3.340925414135215155e-01
6.701839167368839334e-02,-7.995752778286568940e-03,-2.014468009035345064e-01
-7.552641629435796755e-02,-5.934548487040802733e-02,9.850179390455671147e-02
1.237810115970841007e-01,1.452457288980597561e-01,4.891282239813925514e-01
-1.573266520498111110e-01,-1.056752454979125178e-01,4.997022328701428151e-01
-1.489947623965492962e-02,-9.859860790973373756e-02,-1.376873654239979539e-01
5.329860578809653138e-02,2.256473395298566054e-01,3.092987030791126690e-01
7.542120829302723095e-03,-1.298211585829511794e-01,-2.217647192796319278e-01
-1.369905014589308800e-01,-1.693566031785054271e-02,-2.397577579690340910e-01
6.070649424282192896e-02,8.879253240311224538e-02,4.806019934685579198e-01
-1.581839203251707016e-01,-6.049051213036082952e-02,4.089602111157053521e-02
-1.485397111882329479e-01,1.089503149030044415e-01,2.038312964791155757e-01
4.427338976995498498e-02,-1.714886960798613913e-01,-4.883012628895796459e-01
-1.326210538481673584e-01,-1.089532749971691139e-01,-2.221444225423231389e-01
-1.565412071856747689e-01,1.364867498945787627e-01,2.443941179056413615e-01
1.734285665143632249e-01,1.691295622843698165e-01,1.139881796687881588e-01
-2.154637703729432863e-01,-2.279608243364217302e-01,4.147217084785594921e-01
-1.014379442917989760e-01,2.412552929309415006e-01,4.009422991429432148e-01
1.577867686145750792e-01,-1.000977019188946660e-01,3.664374667923564477e-02
1.204701269471228908e-01,4.930823952126950349e-02,1.344563572619017489e-01
-1.150695847375544645e-01,-3.712936440139513739e-02,-4.962871230593046690e-01
1.618796741728225630e-01,2.338581306671927429e-01,4.670195531356763352e-01
-1.103195459096195652e-01,1.883315273786169142e-01,4.138422190465723682e-01
-1.386475969288886168e-01,-6.825912666080535818e-02,3.358922098978139870e-01
-3.144726735890401859e-02,-6.990138596353612233e-02,-1.426244948381701905e-01
-1.695570042600662575e-01,-1.071777585472791783e-01,7.736340264650976017e-03
3.415740431950986533e-02,1.539186657509300504e-01,9.314553088326338326e-02
-6.094971445317221015e-02,1.353590706658837073e-01,-4.969389747917849487e-01
-7.483592011051198867e-03,-1.288356383339854805e-01,-4.695410612623823754e-01
5.808271436711509583e-02,1.162940376025877187e-01,-4.757199221674097700e-01
-9.587958575937360894e-02,1.007595737122324309e-02,1.032791406488209329e-02
-9.315810603798102552e-02,1.877489419455902198e-02,4.505352649173230972e-01
-3.769221989272575346e-02,-2.302363288060134128e-01,-3.228216790607497666e-01
5.297955552743938146e-02,1.853856541987615181e-01,2.351976816495778833e-01
2.784313133236149262e-02,-7.615028554962821605e-02,1.030921419636965375e-02
-1.775372210308575616e-01,-2.091076552997360727e-01,-3.736687984663592532e-01
5.009144766220019473e-02,-1.268977970500324570e-01,-1.481191620765827111e-01
-2.062704611316679149e-02,-1.554820748816220233e-01,-1.654040133501706311e-01
-8.494918807440299258e-02,-5.486674909026489910e-02,4.983425727264916283e-01
-4.580253587943472482e-02,4.892161915281756368e-02,-4.877143689294416440e-01
6.398958701477908129e-02,1.546580380236569630e-01,1.562200683575730720e-01
1.495166997438320822e-01,-1.518513153266137783e-01,-1.137658664604520586e-01
-1.598697753404046962e-01,-1.091749966776767167e-01,4.031192703528490018e-01
-1.835045819452444382e-01,2.308376305875778911e-01,2.941197937378409177e-01
-4.965655375925859261e-04,2.454418919076900574e-01,-4.331998237615409808e-01
1.068452065446614530e-01,-1.046237819309050465e-01,4.775469873235225204e-01
-1.024135673080304176e-01,-8.131062614677664335e-02,3.997074596154933657e-01
3.258917408185901810e-02,1.127459037847811096e-01,2.068042366188589387e-01
-1.214677203035318120e-01,-5.083929849882673491e-02,-4.279570845492356446e-01
-9.026955874787867540e-02,1.026894527422759218e-01,6.414044566092202970e-02
-5.832259046904542110e-03,-8.186860752065505675e-02,-2.246856890548734054e-01
3.559229963877919012e-02,1.481287777985796916e-01,-3.303139225136997315e-01
-1.593885128884624525e-01,-2.338395944235238666e-01,3.129889390363845836e-01
-4.921927127806036140e-02,2.228719937087418890e-01,2.735797903149901344e-01
-4.819821189918715998e-02,6.188648050822032065e-02,-2.363211671294007665e-02
-9.854200336891905110e-02,8.870435728281678145e-02,-8.588274641773707696e-02
-8.279140982083821321e-02,-1.746236961262205289e-01,-2.175786399586996378e-01
-6.110746864782246046e-02,4.179522494035725622e-02,-4.691671737074909476e-01
-1.245360957060483997e-01,1.300240046538964078e-01,-3.785768917151522972e-01
-8.532334838575617031e-02,-2.369100218562211202e-01,-4.945922499098667213e-01
-1.041648220524882262e-01,2.489396860877701734e-02,1.265231327753182367e-01
-1.301269912932326855e-01,7.131614102978622860e-02,4.899719887432142373e-01
1.251736430649523779e-01,-1.662750815679467919e-01,4.706358819909837177e-01
1.819356682269945846e-02,-9.789768209764071472e-03,-4.653547346467541423e-01
1.635883766222698821e-01,1.542005222395815833e-01,1.232357422721601647e-01
-1.587845941700694041e-01,1.417966396708092436e-01,4.666294562679471625e-01
2.058948991302019804e-01,-2.260901102974163246e-01,4.437349395047607281e-01
5.844962877714021676e-02,2.424762142842008528e-01,3.575079219405213893e-01
5.052191545377504589e-02,-1.356115332424557840e-01,-1.474661474094900449e-01
1.583375562296468475e-01,1.903369974170657786e-01,2.532375364510917048e-01
-2.141906980938727001e-01,-2.459809961210118745e-01,-4.802054398615454023e-01
-1.538883160070946277e-01,-1.656235666102402471e-01,-1.571830314434833342e-01
-1.753453449874570191e-01,-1.119730361074251501e-01,-4.963782289069867959e-01
-1.715314253885336093e-02,-2.275731083360480467e-01,-3.644386440729834309e-01
-5.293516543173093503e-02,1.425846299283866081e-01,1.135196844143697703e-01
6.124443773676246927e-02,4.927087879288327699e-02,-6.678728631301544816e-02
1.622697014759407752e-01,2.416549570487681597e-01,4.925477133118876250e-01
-1.172315681485559535e-01,1.189006618228306555e-01,4.618162760802532185e-01
-1.024367509651264996e-01,2.230923551216074108e-01,-3.373409678501153586e-01
9.418281864168454032e-02,-5.918539886564166963e-02,3.615984452340813560e-01
-1.328642049551044257e-01,-1.831588246297917166e-01,-4.062406235886157901e-01
1.286285252262582279e-01,-1.738885569847169466e-01,-2.087401853609384128e-01
-1.178264887746162115e-01,-2.027877551504870812e-01,4.960439933521952893e-01
-2.080088734532087313e-01,-2.196781804949613504e-01,-4.618085861626669564e-01
1.854244128569559891e-02,3.850368035984530479e-02,-9.112353168198539244e-02
-6.989584218838607033e-02,8.821380539748613359e-02,4.997456834251392532e-01
1.512840218927293812e-01,7.103607944499390481e-02,-8.242429788081218067e-02
2.001005161005194877e-01,-2.297822101100787107e-01,3.259984077553285120e-01
5.782979105611563142e-02,2.409854778378909268e-01,4.260009832232438676e-01
1.490694004394802485e-01,-7.346316003571551345e-02,-1.164234481311635649e-01
1.332315915236381709e-02,-1.440844656472490826e-01,-4.977688085212373936e-01
-1.531606974432458967e-01,-5.503218706175261321e-02,3.131565545319874300e-01
4.705535983145081591e-02,-2.412703235727917672e-01,-3.359475376495510979e-01
-1.793181291479326589e-01,2.354523724253715367e-01,-4.334601894323346638e-01
9.280342677647479555e-02,-4.079220728374144400e-02,4.485671718568620125e-01
-1.592690958196940620e-02,9.734924381980869512e-03,-3.305637611906196982e-01
2.190158188183932708e-02,1.725500823991820143e-01,-3.914566361902638292e-01
-4.007100200532753842e-02,-7.937050512653365253e-03,-4.204970155140214105e-01
1.459174222312040747e-01,-8.357265301473359997e-02,1.178763688545625410e-02
6.299400033335933458e-02,1.618344863138532208e-02,2.585568250643055510e-01
-2.762500540368451052e-02,-2.015403970606570727e-01,-2.532384989032619993e-01
-1.477536994772394863e-01,-1.418326120408337498e-01,-1.394619052070522613e-01
-5.225945834031509030e-02,-2.348393692467682925e-01,3.223481897938426100e-01
-1.534193816721247661e-01,1.885053777667304864e-01,1.990356043821579490e-01
1.291726736041347579e-01,-9.287699899679258131e-03,4.634086202366061169e-02
1.295695139231444193e-01,-1.543921453901352381e-01,3.214864459966546573e-01
-5.745257727911179391e-02,2.486627620005974482e-01,-3.733033947201281899e-01
2.014923589054721242e-01,2.356225985489455166e-01,3.416974029738526486e-01
4.087295591880635293e-02,-2.394230876430233357e-01,-3.944522958164247139e-01
2.679348437389172943e-02,-7.969638307972426450e-02,4.188627068889927418e-02
-5.809639572888869452e-02,2.604533343775117249e-02,2.074532764996197542e-01
1.476573123247715280e-02,-1.732085222393744406e-01,-1.779371653408523546e-01
-1.302190918033886424e-01,9.373275745495501798e-02,3.034396073187117793e-03
-6.651662278236802894e-02,8.086298273171355078e-02,2.762510320666184960e-01
2.084587585257248188e-01,2.435453117587723648e-01,4.448701507612989881e-01
-2.043383956687253589e-01,-2.195694788288379273e-01,3.967294418232060194e-01
-2.003798851640817835e-01,-2.096794081305415336e-01,-4.804791365973352102e-01
1.213038922910792961e-01,-1.678926171287823399e-01,3.852753613843585834e-01
-7.085766393340509062e-02,1.031405270315532974e-03,2.167065920866896311e-01
-9.213416435965926521e-02,-2.356214185271030548e-01,-4.950890356301508310e-01
-1.665338284992823326e-02,6.772428409525810267e-02,-8.474829063437705479e-02
-1.105520267209192387e-01,5.529228926927687304e-02,-4.989123185529629190e-01
1.837786553099454157e-01,-2.111955569256305232e-01,4.998516623300993666e-01
3.139223985393735372e-02,-3.051187526158893881e-02,1.430451158810448486e-01
1.136789799614201790e-01,-8.133436883017564067e-02,8.009203849111956597e-02
1.815265665850746002e-01,1.868222432388396692e-01,2.015201888199376068e-01
-2.029114663668881713e-01,-2.035105414279763103e-01,4.818018211619896629e-01
-1.580381942386791527e-01,-2.197013426330207686e-01,-4.638417756009907134e-01
8.285565992778720634e-02,3.868838932007401255e-04,9.953513488964815803e-02
1.879120497934254619e-01,2.412499510857866181e-01,4.946134924267201471e-01
2.943471779104056552e-02,2.983179681470149447e-02,2.099178420893650365e-01
-1.019644055961550499e-01,2.465915590088184617e-01,-4.470543814320192544e-01
1.079232818516850934e-03,8.529298239048743735e-02,-4.839146396699811614e-01
-1.109659686807215051e-01,1.684067071401713633e-01,1.142706694832387182e-01
-8.131800692943380593e-02,-7.777032493310742645e-03,-1.819841984279093605e-01
-1.774996360864434797e-01,1.940854239749715271e-01,-4.897611523049526516e-01
1.955196488827812829e-01,-1.975421533272918584e-01,4.746675689960380140e-01
1.589587531032941037e-01,1.957414017198989553e-01,4.954472989093190449e-01
-9.486165213785091588e-03,2.459965199164920735e-01,-4.636377148349803967e-01
-7.186626248564775832e-02,2.423549361505340505e-01,4.551334293525299834e-01
1.225851892683178512e-01,-1.931094818218026532e-01,-2.591523557970073499e-01
1.205135109975198349e-01,2.172535790903673547e-02,-2.237072442023064767e-01
-6.519511956007995046e-02,2.438229295174221267e-01,-4.971959529257010679e-01
1.528345957356763707e-01,9.097319387325930595e-02,-7.970216048166700595e-02
-1.571401774393569317e-01,1.513023514407031422e-01,6.580971449139960683e-02
9.633890554576529652e-03,4.786535017044990514e-02,-4.712721265129549142e-01
-1.520819192680686882e-01,1.495923423223776139e-01,-4.805089076619269983e-01
1.190594443525661017e-01,-1.987840345125625463e-01,3.125501783052206939e-01
4.455454334918074188e-02,-1.157483671700689776e-01,-4.892461046124157997e-01
-1.123323918198113613e-01,2.398744863532679128e-01,-3.708486783508233575e-01
8.706410879568227124e-02,-6.544340693266770259e-02,-4.117612735600448826e-01
-1.086863946241458656e-01,-3.909300783150571057e-02,-4.950126929475843207e-01
-1.094555564464655406e-01,-1.550787593267388687e-02,4.005160383484533959e-01
-9.630461214907781731e-02,3.858315272668966234e-02,4.443271656654238511e-01
3.470534278178960541e-02,2.487703751716878742e-01,-3.438968840343551436e-01
-8.098379949328715632e-03,-2.003462968250908638e-01,-3.535484877309276186e-01
-9.138848886702111152e-02,1.003103522378467893e-01,8.145615937992112254e-02
-1.198098587239682100e-02,-1.776917520743622747e-01,-4.593831835792001606e-01
-1.927965056252670673e-01,-2.381754736970949082e-01,4.709340436683182585e-01
1.002996462545518996e-01,5.083835139989545393e-02,4.965289371603144319e-01
5.768712006726683938e-03,6.572929592461462800e-02,-2.202469885320490484e-02
-1.224211375336801133e-01,-2.443461606601037284e-01,-4.293408740860994444e-01
4.920790814479991671e-02,2.385786303331112190e-01,3.785673914861902301e-01
3.156600299394185516e-02,2.391509159401967732e-01,-4.157745898315566846e-01
-1.806834286290140978e-01,1.959356394314659688e-01,-4.837321387674063944e-01
1.904631572172408305e-01,-2.276463164718892651e-01,4.577340511283788382e-01
1.092639924406928476e-01,2.190196989004182804e-01,-3.293332728459142933e-01
3.428819293808327284e-02,4.783920371009375838e-02,2.594449342279211423e-01
-1.456438229939550633e-01,1.342785793266050298e-01,4.792323058588624507e-01
-1.951313847447585514e-01,-2.257261221317261590e-01,-3.885822412165184092e-01
-6.216373901222671527e-02,1.955133411617840933e-01,-3.452276634476046935e-01
-1.323953621515832069e-01,-2.462266257230434352e-01,-4.620703465369022656e-01
1.648855168281112560e-01,1.560695187986891330e-01,9.241423391511949248e-02
6.043896276244042909e-02,3.100742806650125249e-02,4.000090388982595613e-01
6.729756063753566941e-02,-2.371633929350935865e-01,4.213748639661325512e-01
1.475094239744603186e-01,7.912189159664306803e-02,4.959147732728506064e-01
1.272840531572516642e-01,-1.825578096748217138e-01,-2.061768333818296828e-01
1.541380609296589821e-01,1.635074424578576435e-01,4.617454787490543611e-01
-5.500649742224483774e-02,2.380958211169128536e-01,3.391120729530346933e-01
-1.783529828926311289e-02,2.441049236766613673e-01,-4.974762892477203602e-01
8.447745766758618657e-02,9.634513510241138334e-02,4.811550736093591629e-01
-2.546910261386559071e-02,-9.285555203245954292e-02,-4.902740736715419656e-01
-1.452805864665249747e-01,-1.615634202258398044e-01,-1.825918499954022334e-01
-1.577701497424680577e-01,1.268954703263202033e-01,2.843704776213940022e-02
2.082748153046051209e-01,-2.318002220726432805e-01,3.954443696787255380e-01
-1.572783172555812792e-01,-1.200159277007858405e-01,-6.435106580986049707e-02
-3.841379445837000972e-02,9.306796350414836549e-02,-6.257871005643300677e-02
-1.919294353413044663e-01,2.231973912436324703e-01,2.878433585655481020e-01
1.133347083448106307e-01,6.989986384446555956e-02,2.836226319457915146e-01
4.670194458539500548e-02,-3.191734707604954036e-02,3.496767979790255110e-01
-1.445710809135343222e-01,-1.522820816074272887e-01,3.817075311031193907e-01
1.577278546235838519e-02,-6.399315281502804265e-02,2.680056838748146042e-02
-1.936486799603300835e-01,-2.176173339675889773e-01,-4.314136970925079861e-01
-1.817037277680494389e-01,-1.326772382424277197e-01,4.474647814720343897e-01
1.942993978545776157e-01,-2.116579234557659506e-01,3.372750645598716623e-01
1.063553925118779775e-01,1.751286370945178694e-01,1.442750971550903483e-01
4.957337732369981875e-02,-1.644044151008109411e-01,-3.611712176174041167e-01
2.732391165623615503e-02,5.449512272885015385e-02,1.241753929909238385e-01
6.101256112539088505e-03,6.265642437819007871e-02,-8.351515656154440137e-03
-1.340713039318125466e-01,-9.687569399997741915e-02,-4.326180716288560157e-01
3.195166205388721981e-02,3.998552676931488303e-02,-4.618441344712966856e-01
-2.026206149930468436e-01,-2.045261373514450920e-01,4.741676846415775470e-01
-6.792843572140883079e-02,-2.230440243037031811e-01,4.930977234765531181e-01
2.942002518606123829e-02,-3.883614491861453466e-02,1.922431154013941601e-01
-1.516413778463880924e-01,-5.304618955689399673e-02,1.622624851807293878e-01
1.400696207561100692e-01,2.440430330157851158e-01,4.999402976222196981e-01
1.234550999145586081e-01,-2.314803645279659428e-01,3.343548529199192876e-01
7.889766669398556864e-03,-2.245317573494924890e-01,-2.939613512740488765e-01
-2.540362646209426423e-02,2.185006908598152719e-02,-4.974600042681681655e-01
-5.014137078060387775e-02,2.665157233956227945e-02,2.666956630234244008e-01
2.023728541048499530e-01,-2.176028510337356670e-01,3.573330489634328755e-01
8.320909855820357581e-02,-1.930759834431072797e-02,2.389790643056315389e-01
1.048161009042203329e-01,-2.319086893938328009e-01,3.870571345589594037e-01
-4.406042571438617550e-03,-9.170856478634126230e-02,-1.534188018691416966e-01
1.051102986518989146e-01,-1.406831190000641385e-01,-3.713114785372929605e-01
-4.898812169481070455e-02,-5.360692727607130337e-02,3.210537994316078336e-01
1.747116337978558143e-01,1.529444403366811978e-01,6.351844842300047311e-02
-6.226929726789265374e-02,-1.000661404231607543e-01,3.291446590903801539e-01
4.829889317765589940e-02,2.216842817218578343e-02,-2.096259150557239215e-01
3.302333646319144389e-02,2.363529221584625972e-01,-4.096820151788449493e-01
1.261187721624142943e-01,1.182492879386870532e-01,2.729909025503374220e-01
9.743365129803793767e-02,-1.776102795590706052e-02,4.966597366173597372e-01
8.386532449645889287e-02,4.537410162916588607e-02,-3.707241889905608101e-01
-6.248978538233385116e-02,-2.378747322472828385e-01,4.334082709295047353e-01
1.314712976580935111e-01,3.733956618547917827e-02,4.731429517502174775e-01
-7.584839794618325470e-03,1.742932453081522670e-01,-3.343189423285514161e-01
1.691915692091764400e-01,-1.443476407658221827e-01,4.929186790520370121e-01
-1.354815219257354819e-01,6.981548286574179585e-02,5.501687007722466660e-03
-1.512597295097326544e-01,1.300855025331490999e-01,2.163183538811397355e-01
1.049311752839028333e-01,-8.326638362418592454e-02,-2.294406419930663521e-01
1.582786758478919031e-01,1.622275212765785790e-01,4.566637814573656362e-01
-1.536277278497288901e-01,2.317021085188489815e-01,3.074157457562697315e-01
-2.512964185481525448e-03,-2.129453658777252789e-01,-2.927022499279314793e-01
-1.478492010437142401e-01,1.471617394299346016e-01,3.842059513159115092e-01
-1.940369064480867989e-01,2.421190078145540880e-01,3.373911925388991540e-01
-4.789239605870265759e-02,-5.771596151489633009e-02,-2.966499121891921220e-01
1.928860581028334353e-01,-1.781246281426789313e-01,3.752083980552357589e-01
6.379716456984252382e-02,-1.134823739321492164e-01,3.386413481702786887e-01
1.627875144715996703e-01,-1.627558815419182237e-01,4.039589320586945975e-01
-7.890651807175919075e-02,1.392451915194663492e-01,4.082303289494690901e-01
1.335962012470458538e-01,-2.823776909153441483e-02,4.876658125662003407e-01
1.694647845678649567e-01,1.319369591513138706e-01,3.143571645940670400e-01
-1.795331648893049303e-01,2.333348282629180703e-01,-4.342946717763400688e-01
-1.919813294242068702e-01,-1.615546418319372401e-01,4.210190996663898400e-01
7.217768773483279610e-02,-3.212167062482051971e-02,4.940184224929131673e-01
-1.214622981369508636e-01,3.704349228128234195e-03,-3.765148427002280584e-01
-1.614570486272055572e-01,1.761343092489306983e-01,1.905505814681092147e-01
1.146461497067005064e-01,-8.129946306435331671e-02,4.998809071392166237e-01
-4.445477228262950664e-02,1.246749417723816977e-01,-3.518910887227577611e-01
-1.263307425906921022e-01,2.406166187104707976e-01,-4.544962513716872543e-01
3.041449288609499035e-03,2.446708487819193589e-01,-3.513873064703261218e-01
-4.584074996432829785e-02,1.401238100281829713e-01,2.599080655673203788e-01
9.442610385726857292e-02,-5.795887540146815731e-02,3.525760302937134272e-01
-1.606539146972858489e-01,1.911440760587075349e-01,2.206128840459046225e-01
1.311220546296009148e-01,-8.802990298921364865e-02,-2.118308041043220902e-01
7.768505861135321933e-02,-2.481227105807716216e-01,-3.800993964940344583e-01
-4.914316743331292869e-02,-4.887981090683191088e-02,-7.913275758512750002e-02
-8.145737227800808888e-02,2.391375497262164807e-01,4.474456640326253121e-01
-1.841717765975096066e-01,-1.850453997345589130e-01,-3.755584810643509686e-01
5.110864688283611734e-02,5.638115493070761097e-02,6.764755836284941370e-02
-9.966969247926549258e-02,-1.601733630455797197e-01,-4.687716277617204330e-01
1.315824113868334644e-01,-3.300237845023012984e-02,-1.391602430570303417e-01
1.015588133155096440e-01,2.413505637368309475e-01,4.830823078800867698e-01
5.550196274920038420e-02,2.496582604186731169e-01,-4.128522327209104281e-01
4.181500480182953616e-02,6.130396411406469070e-02,2.617026310472582162e-01
-1.897826433325233708e-02,-2.415570980741239548e-01,-4.564433655021329361e-01
8.670891321266194218e-02,2.996247621321346255e-02,3.921681758766147885e-01
-7.661200125534284311e-03,-2.479902780233164128e-01,-4.300721711000725644e-01
-1.711158166169178818e-01,-2.199984792280341717e-01,4.951300871634820577e-01
1.622601766504438991e-01,1.176089571476893747e-01,2.077036974888424314e-02
1.544605484744913104e-01,8.967982990839484803e-02,-8.628260204868887229e-02
8.888773580579756306e-02,2.403634608636140424e-02,-1.529229145071171470e-01
-4.818043352620371422e-03,1.649935441645025147e-01,-4.426140464878560721e-01
-1.011838455940323733e-01,-1.240597348585744664e-01,-1.617972680516313044e-01
3.153954734142960792e-02,1.914830126117872400e-01,1.788558114502813989e-01
1.268451937907891791e-01,-4.703205061443171964e-02,1.661775384725918681e-01
-9.280297387069480486e-03,1.899965544352615332e-01,-3.351400865450231414e-01
-7.816402894408469582e-02,-4.233948880852766994e-02,3.765216697184659012e-02
7.030278341504425654e-02,-4.985032303797365394e-02,4.883478102304396051e-01
1.852903260283280673e-01,2.160503572725652743e-01,2.759759727080064451e-01
-4.814218842241824170e-02,-6.393341087874715445e-02,-4.401693550296863489e-01
1.358330055430523320e-01,7.265491336017748658e-02,-9.355546015912230562e-02
1.165481165851164347e-01,-2.011570584954681662e-01,-2.933671393315037124e-01
1.897188470877900768e-01,-2.317081369914762989e-01,4.824833078197373615e-01
-8.029245715488075863e-02,-2.930625496127803320e-02,6.068048780131085618e-02
2.000959036584037953e-02,3.877381820771574894e-05,1.037109771127350255e-01
1.779054675258284757e-01,1.747045745552276985e-01,1.976941167982764203e-01
-4.442819109918261233e-02,-2.360986692825880473e-01,-4.042745302370468474e-01
7.301291380997332325e-02,1.584268975931145684e-01,-3.484811789891845146e-01
-5.554874852099600524e-02,2.491390038992502554e-01,-3.448580541431602864e-01
2.039135135825588252e-01,-2.109130709916586799e-01,3.285513876750193463e-01
-1.831764801930021447e-01,-2.369724262115616709e-01,-3.997015055826471652e-01
1.946579013180926854e-01,-2.238382964931331376e-01,3.158966493423198685e-01
6.450584910128132066e-02,1.792991383922132309e-01,3.493750080626950583e-01
-2.004068896954853685e-01,-1.964712960261201236e-01,4.040476110202989579e-01
-1.660314703218931376e-01,1.761198890954803753e-01,2.006935304571683121e-01
-1.864110899654808362e-01,-1.985022706423930083e-01,3.297520898192614069e-01
-1.923399137395048752e-01,2.266795007256228178e-01,3.876196798128261900e-01
2.077029838793872374e-01,-2.321586567277302837e-01,4.535795765452186323e-01
-4.989524737334782856e-02,-2.370438181872673855e-01,3.346717170410057340e-01
-1.585254678976243392e-01,1.760619513449845908e-01,1.319494103388265671e-01
-8.030248545435569874e-02,1.819072076261772919e-01,-3.302699643103502725e-01
-1.378258661627417281e-01,-2.347004317396297335e-01,4.863195743426476092e-01
-1.603642172476564820e-01,1.843291621090124011e-01,-4.623180419689264520e-01
3.190532250288335980e-02,2.354936603904804748e-01,-3.771864444527077698e-01
-1.165985672564222586e-01,2.292365341136493040e-02,-4.996546516589741582e-01
-1.379654865618528126e-01,-1.046641474307463682e-02,4.943746164325178993e-01
-2.490273114416574618e-02,-1.051982927589577566e-01,-4.857720606283812970e-01
-1.758773185632057645e-01,2.470002414602604501e-01,-3.965848188458424017e-01
-2.752360149077903717e-02,1.425671848945364584e-01,7.991268156705233494e-02
2.069461536058904150e-01,-2.286098764001559536e-01,4.040955065085596321e-01
9.769192666651105306e-02,1.562148305658541680e-01,4.713457415945279116e-01
9.252686136515497761e-02,2.000572796959194655e-01,-3.856784463985686306e-01
6.900027875883174566e-03,-5.798786519231602377e-02,-4.091353013357388324e-01
1.868242916845096468e-01,-2.295036025564620719e-01,4.286846091229719047e-01
1.935133673040559943e-01,1.989954849577396656e-01,2.457990546011971089e-01
-1.413163450961999468e-01,-1.721858893719667716e-01,-1.839144375578336543e-01
1.152662310334184870e-02,6.702111279552269707e-02,-4.171340681311598297e-01
1.556441138261819290e-01,2.069995804723009369e-01,3.531483045245328301e-01
3.802553882623616044e-02,1.305945474042635723e-01,-4.118822609294321424e-01
-8.178192942147610722e-04,1.366163307426270235e-01,-3.272821784727901751e-01
-1.635278318688493382e-01,-1.221295894373182200e-01,-7.194751004251953574e-02
-3.119877151921668368e-02,6.106556323599598990e-02,-1.142256683477288481e-01
2.610474305737220391e-02,1.717459056953569707e-01,1.655674050449985613e-01
-1.615118543775302395e-01,-7.884122126097581340e-02,4.782315015241284106e-01
-7.335059629656404123e-02,1.525043650663546746e-01,6.922600934962941377e-02
-5.524133554402044233e-02,-1.446663962295958727e-01,3.326850365141771348e-01
-4.888193565051446310e-02,-1.821438744617370764e-01,-2.827826884408514152e-01
1.060923245071618837e-01,1.258342128910157065e-01,3.697895265691000244e-01
-1.686832184775148846e-01,-1.364984417097452329e-01,-4.929622365789070315e-01
