3.194443164066729235e-02,-3.868206234499669272e-01,5.309663730562463879e-02
1.311791073980786981e-01,-2.558822397977166263e-01,-2.066634116149472788e-01
-2.207938571002716621e-01,-3.585032330489881236e-01,4.226119821498902640e-01
1.000176218281324525e-01,-1.587163939849528527e-01,3.491250387284705603e-02
3.129820401579862521e-01,3.447612658670260455e-01,3.703260385683940781e-01
-2.665352816723431939e-01,-3.530470730970938220e-01,1.368027424433234662e-01
-3.133074350514586381e-01,1.377022317895774117e-01,4.592221206348923168e-01
2.850578561552614687e-01,2.211725682056567832e-01,9.403776796789320436e-02
2.928080303762841119e-01,2.253340766972853348e-01,1.856455594151102950e-01
3.132430914185944104e-01,2.899283273203594469e-01,4.265787124490483251e-01
-8.931598962936515562e-02,3.566938455957190390e-01,2.790492733398152181e-01
-1.433525700295065208e-01,2.281278698808125727e-01,1.052825232844936121e-01
-1.644633179864243289e-01,-3.587081018486582007e-02,-2.471563546405061151e-01
1.009621193812348938e-02,-2.746726719457279753e-01,-4.537558127195726598e-01
2.503267942771203458e-01,-3.674062548818471940e-01,-2.920853808632369875e-01
-1.283771702559973749e-01,4.485709043920591554e-01,4.347036141862535841e-01
-2.671060003494771795e-01,-8.815289261096115325e-02,-2.868623128796371491e-01
1.609126150967776780e-02,-4.056943404957187305e-01,9.202735463453515230e-03
-2.877668249297338221e-02,-1.462568987486632111e-01,-1.131127960659950027e-02
3.103769332117696234e-01,-4.418623672562014271e-01,2.877177196327374009e-01
-2.146013110776336941e-01,3.958592833086689300e-01,3.419046156201666076e-02
-2.206435365004388860e-02,-5.154378066338116682e-03,-2.082137209745149597e-03
2.095460920867787680e-01,3.041155955535730371e-01,-1.837895458128052661e-01
-2.554318015304053446e-01,1.757845664029362709e-01,3.917253118792178856e-01
2.625856810621344239e-01,3.499573841807629426e-01,-3.181155819470895540e-01
-2.743630633791760420e-01,1.726709683241138826e-01,2.087751379383916417e-01
1.548832036284113478e-01,-4.540806718548029419e-01,4.406783343953089016e-01
9.179531896706971672e-02,3.395365921061282988e-01,-4.417257500290101557e-01
-2.728664061674266339e-01,-2.918510350680708632e-01,-3.306075058453108451e-01
-2.657990390712685613e-01,1.138724637705951226e-01,1.222396059160231196e-01
-2.860586820370889516e-01,2.772132308473266304e-01,1.866945436305508244e-01
-3.612478600351920477e-02,-6.445114004504326477e-02,-1.474214386519545616e-02
-2.793838951707150464e-03,-4.314375716349905243e-02,2.682367806468521909e-02
6.759100568851295066e-02,-5.610009369224489006e-02,5.942589164191569573e-02
2.595936734795042389e-01,3.013636506132297832e-01,1.858976261315127276e-01
2.318721826634589922e-01,-4.396539446998845024e-01,-3.618144276365055090e-01
3.062567317612806539e-01,2.310418508565819096e-01,2.584887366154733357e-01
-1.327949760379671940e-01,2.358771855927189742e-01,-4.571881121823241356e-01
-1.797419163534186293e-01,4.168055011299066637e-01,-3.042239528489621980e-01
1.856455880293795824e-01,3.578689152849775512e-01,-5.050117967203826552e-02
6.118468126816978270e-02,-4.321806520359813275e-01,-6.012761400071897633e-03
3.202308481781186433e-01,-4.249320757678343163e-01,4.037289632035996334e-01
1.866758343595396052e-01,-4.228154455436122783e-01,-8.514360509318252834e-02
-2.467691817801825893e-01,4.567235992586331506e-01,3.990662278351650993e-01
-1.956787106008323063e-01,1.953533704350705058e-01,2.335740935706108745e-01
-2.769675192794767149e-01,-3.589334265675766522e-01,-3.018667869789026792e-01
2.461498272712825397e-01,2.323427097670106578e-01,-3.230208289846531189e-01
2.348531135365286016e-01,-3.036028069340357405e-01,4.387381609066939303e-01
-3.140986071158048398e-01,-1.867582567738079735e-01,4.626386128194601710e-01
-8.442602795702303098e-02,4.631863582233143317e-01,4.066418686240491631e-01
1.889019385184486088e-01,-4.456011104858914607e-01,5.640683354932074511e-02
-1.141671456630385384e-01,1.025302663875052867e-01,1.901961581884947794e-01
1.513986317979902907e-01,2.472184568323460008e-01,-4.554771988620438528e-01
8.946744294390562846e-02,-4.678676511198979204e-01,-3.673611497668370918e-01
1.915642817928195907e-01,1.709847418591675661e-01,4.461574310751253991e-01
-9.850030004389487281e-02,-2.306860966138424285e-02,2.138801472721163499e-03
-1.413799334805527774e-01,1.920671326060021666e-01,3.470444350170898140e-01
2.351839233882664359e-01,3.586125050403056180e-01,-1.296989837847718485e-01
-2.938585271993509052e-01,-3.432272618031224631e-01,4.402051959127442071e-01
-1.347953203786612653e-01,-1.531596034127469252e-02,-4.666283702755095186e-01
-2.626795189366022409e-01,-2.351428022331839562e-01,-2.524920030750801292e-01
1.442102448323678843e-01,-1.309768003434915729e-01,-1.597903521671557581e-01
-1.638418300624226998e-01,-3.894326595738384356e-02,-2.368110591338501436e-01
-2.844610879421022309e-01,-3.525724258247728837e-01,4.301299340358099021e-01
-8.377731684819933466e-02,-4.530423577831326210e-01,3.900444166857541806e-01
-7.798263943708261259e-02,1.710702465520916871e-01,-4.526476398550517422e-01
2.627248136875109941e-01,3.130644216130034074e-01,2.042505033630983569e-01
-5.241257161220791438e-02,4.413887595305320266e-01,3.733611931340471424e-01
-2.985996622360456154e-01,-2.263635843391595959e-01,4.687531704122067655e-01
-1.224769815907157389e-01,4.662422549556463069e-01,4.001460599655511929e-01
1.643497044587728384e-01,1.302176744486613913e-01,-2.262462510482610156e-02
-8.828699644489435006e-02,-1.270508586525593842e-01,-4.519402722066232503e-01
-1.651732835972771207e-01,-1.787656275928256600e-01,-2.523870112402295529e-01
-2.214874912416714414e-01,2.811088663352609984e-01,1.568437309978963912e-01
-2.818944844681036122e-01,6.508337976045508455e-02,-3.104959056347132984e-01
-2.255548932409037199e-01,-6.693028559489444529e-02,-2.225133326203665440e-01
-2.631654156932961008e-01,-1.207631624179410501e-01,-2.754088308515132422e-01
2.120631117638173135e-01,3.595733253915798233e-01,-4.160142929700616499e-02
3.043102000640343086e-01,-3.925770899723970420e-01,8.907571921617629673e-02
1.437247372065182383e-01,2.056555982179038011e-01,2.313832573355587563e-01
1.483016230463749530e-01,1.600606762393241844e-01,3.456676206225478554e-01
3.086364317340173358e-01,3.345728332029158647e-01,2.991857330068288245e-01
1.416860919864517676e-01,-1.131181000359082756e-01,3.388952487117409262e-01
-1.240243713034853146e-01,-4.867575208306191836e-01,-4.025302780841106820e-01
2.881283444882754008e-02,-8.147942643080330338e-02,-4.530163971223124530e-01
8.445726140087528311e-02,1.406685487387332456e-01,-4.626441863511541186e-01
-1.008324769960682321e-01,8.349024660159698463e-02,2.160105209880628374e-01
2.750209016858172761e-01,-4.110684696051856157e-01,1.335208472175932748e-01
-1.351347354712262305e-02,-1.790246284140623034e-01,-8.973658736580070183e-03
3.100921403034846424e-01,-3.426459130421206645e-01,4.264652010987169950e-01
-3.109275757262219830e-01,-1.520524544976011860e-01,4.532027019919611099e-01
2.175641382775108656e-01,2.748374876484458440e-01,1.622622428592808141e-01
-1.577371754341811982e-01,-4.980510606171573151e-01,3.326899101999792885e-01
-1.716267633674095627e-01,-1.169714441934485150e-01,-2.237989401971340886e-01
-2.919048967843890230e-01,-2.181958501124511285e-01,4.563171732222951471e-01
4.215525375129081098e-02,3.493763171149735225e-01,-4.679812962986299452e-01
-1.034097988448134942e-01,4.271401773073912889e-01,-4.783474191829719668e-01
-9.236265447629909975e-02,1.728712910804208747e-01,6.741498486840835636e-02
-2.673934015229111338e-01,-9.871199565830712785e-02,4.709750766614988482e-01
2.859408041175014459e-01,3.523791604645193365e-01,4.378187202339784978e-01
-4.109556737451780517e-02,-5.697793553609431516e-02,4.737343434250950169e-01
1.101882729657355231e-02,-4.431233917762609220e-01,4.459776282772349720e-01
1.446476059265405789e-01,-3.360274918566157343e-01,1.866414647912379987e-01
6.751659201724935500e-03,-4.306454336652606463e-01,4.488440596037981400e-01
9.062085163888178307e-02,1.029168482477300639e-01,-4.542102346470116014e-01
2.817756132689699378e-01,-4.440382103274982395e-01,4.396637560153792146e-01
5.581879800590339169e-02,-4.917501390768308500e-02,4.554874699225895940e-01
-3.021641393929497266e-01,2.954058695310661786e-01,4.385107182617709043e-01
9.378610909729268030e-02,-5.431624891923725329e-02,-4.335568124984333638e-01
8.411256082416518343e-02,2.003596675149716955e-01,7.087497306180834400e-02
3.061766461813674178e-01,2.638738921738058574e-01,1.952472638748961042e-01
-6.760737285011242381e-02,3.532064918274269161e-01,3.358487796102379574e-01
1.814972212876068136e-01,-4.246906997527150063e-01,-4.261736468201839934e-01
-1.205956139350974343e-01,-1.151500378408620850e-02,1.830564375137276878e-01
-1.032680173531244083e-01,4.510194822790586366e-01,3.890280906764845836e-01
-2.989744663099802580e-01,-2.729396699994759423e-01,4.610359939519429462e-01
2.375161027749290721e-01,-2.754241784087707590e-01,-1.250673948493814525e-01
-2.731160456254403401e-01,-3.075789699182444048e-01,4.453029296550504723e-01
2.851149473307031945e-01,3.507519120288024039e-01,-1.311097932908283914e-01
-1.346481049035672672e-01,7.120988531847405323e-02,-3.210420766259755032e-01
3.819212045846509529e-02,1.672030821689803881e-01,-4.464270632997171528e-01
2.004611938165690166e-01,1.844138260307829347e-01,4.223054372708088255e-01
-4.495119985023321441e-02,3.400647921641681837e-01,-4.604425124070171682e-01
-2.562726454350092720e-01,4.327876717094161219e-01,4.596692732771339163e-01
-1.611431307371075095e-01,7.874974397972100970e-02,2.139363314040737540e-01
-1.418890862666015718e-01,-4.891754326012139886e-01,2.849256874466693512e-01
2.313153984482752001e-01,2.752995418860683108e-01,4.236037404886051627e-01
3.484071806271238358e-02,3.140611694148016664e-01,-4.632917103070288700e-01
3.093347729421854764e-01,2.781427002102579982e-01,2.432828363398932270e-01
-1.916255034467236884e-01,-8.152195684610230586e-03,-4.524201904094589111e-01
-1.254491520097937851e-01,1.878906671511101356e-01,1.886417653208837253e-01
1.716583651948168088e-01,-1.456594014497628597e-01,4.841655463889482647e-02
-4.381428988451185891e-02,-1.896761257645783738e-01,-1.558692135246242394e-02
-3.100251245823082424e-01,3.549524707680753455e-01,4.786326815081122232e-01
-1.128069733119753115e-01,-9.763511525782786471e-02,3.506862864508677458e-01
7.545814972054232239e-02,-3.931080525257499847e-01,1.080163276807777351e-02
1.443800855011414530e-01,-4.428472310738754691e-01,-3.302458972944545268e-01
2.317681374327371646e-01,-2.490410753926772802e-01,4.391389014417297343e-01
1.249754468242408878e-01,3.477102046970863558e-01,-2.107273810248789792e-01
2.437369543243023129e-01,3.500888571741654909e-01,-8.464513984834809435e-02
-1.254728775953865005e-01,-4.747038776552897632e-01,2.780958960714854378e-01
1.592553517118737716e-01,-4.052763903851936966e-01,3.760522610915961739e-01
-8.942988431258558357e-02,-4.632263424910187943e-01,-4.157222735928292057e-01
4.481401711446175717e-03,1.315332270384468316e-01,4.502851021276176313e-01
-2.801742139551252064e-01,-3.581044699419233535e-01,4.212774072654023039e-01
2.112560714035393028e-01,2.930223209576130472e-01,-4.021200907593365237e-01
-2.427796098594494634e-01,-1.829324313288019921e-01,-2.445895848016060858e-01
-2.859635859074308728e-01,-1.293372878876827281e-01,4.722988173391533540e-01
-1.505887315140732596e-01,8.954170997178512170e-02,2.400199195363645899e-01
-2.860731490537427035e-02,-4.368542686296417177e-01,2.150754561355849859e-02
-2.771128268174735121e-01,3.721736200613816603e-01,4.804335481276869046e-01
3.176644650231308376e-02,-4.017309477585936373e-01,9.909431737499474480e-03
-2.777391275633940282e-01,1.191425440163469407e-01,1.964319527571105617e-01
-2.192540620353019554e-01,-8.782162299974793918e-02,3.267113235341779776e-01
1.783130927110465613e-03,2.222032864290224285e-02,4.694482658104690564e-01
-2.817712943683763349e-01,3.861957373244430114e-01,-3.132856540210235963e-01
1.105490935282813503e-01,-3.967740834492259339e-01,3.799572898200689330e-01
-2.372770290548296135e-01,2.831175510176182630e-01,-3.961841805496376656e-01
-1.698425312934780385e-01,-1.504683433755327204e-01,1.393841849877253125e-02
-2.835654862342119609e-01,4.348215918249793699e-01,4.161590830103635286e-01
-1.023905582067685671e-01,-7.180956481361300270e-02,8.297620436669383981e-02
1.004904719749364350e-01,-4.544818480199687150e-01,-4.098796852016186598e-01
-1.534160474706591781e-02,1.516965376137201504e-01,-4.560251024274835085e-01
2.531650626624537548e-01,-4.514226531006385601e-01,3.404282805132308187e-01
7.997936920185910736e-02,-2.720355170923955956e-01,-4.035256522783891020e-01
2.698738305529901904e-02,1.572926771294641535e-01,-1.116016888203918977e-02
6.080548640930216742e-03,-4.714151886117314838e-01,-4.104309837904088765e-01
1.488885480074350065e-01,-1.229460384900035175e-01,7.813192476431862765e-02
-2.017895902837238964e-01,-2.324077575214134050e-03,-2.238997628641002935e-01
-2.784975406504371920e-01,2.334200859548456464e-01,1.385777497932606517e-01
-3.027531160490798401e-01,3.557155757483344560e-01,4.399266730817886772e-01
-2.748738678007799363e-01,7.287622345664979129e-02,-3.133396031400933479e-01
9.488671540828774731e-02,-5.567810342721368766e-02,2.393958054148670467e-02
-2.341615188246726209e-01,-3.252899840812479848e-01,2.540474590217006723e-01
-2.026138362271735494e-01,3.196916381461526457e-01,3.556039292552246600e-01
-3.097739321832401194e-01,4.252798242426367725e-01,4.781303986704747988e-01
-1.458499252252438705e-01,4.071399400293560511e-01,-3.227890166387892279e-01
-3.034889791118317026e-01,-1.472320772081932017e-01,4.486500881618659120e-01
-2.353241794074361071e-01,2.133100814797036504e-01,4.459779930719930396e-01
1.432472939035023263e-01,-4.572964088499438251e-01,2.382366171478498273e-01
-2.657948990183102156e-01,-3.445922179260941798e-01,2.308456162443636162e-01
2.117820658710523052e-02,3.251482161498462364e-01,-4.768600803734716065e-01
-2.249637622366518208e-02,-2.126759748181741294e-01,-4.559567106605209030e-01
2.926763963901413135e-01,2.522521135256287073e-01,2.399870476044050349e-01
1.496549996787708281e-01,1.942300059710547755e-01,-3.317578431492904656e-01
-7.773420574170319952e-02,3.435253967292104527e-01,4.003877166727090042e-01
-2.442193794218205927e-01,-6.255944389655865301e-02,-2.539135945527534188e-01
-6.251270499983330176e-02,-1.250775580003121723e-01,3.985038755837282398e-01
-2.816747411762764441e-01,2.284335267226257349e-01,1.917061527328430826e-01
-1.508582573852924602e-01,-1.384427605692614138e-01,-4.132725291150274316e-03
2.294574499473311935e-02,-4.100195766765765137e-01,1.856557360077060181e-03
3.125832302377141714e-01,-3.274915898765632383e-01,3.221496633879132876e-01
2.654790309240845358e-01,3.545365168266468858e-01,3.196459131773395912e-01
-2.360050778920220749e-01,4.391578824385976576e-01,4.277735861320137722e-01
2.668759095120037950e-01,-4.240132135373756439e-01,-3.739263121891800434e-02
-1.679097762876656796e-01,-3.456063094746776310e-01,3.097085833109650688e-01
1.246231373912778384e-01,2.491095714810330763e-01,3.947670415803609112e-01
1.172927875297540279e-01,9.435283745666955824e-02,4.178494373558511166e-01
6.452290698064577779e-02,1.285185198368691273e-01,4.540174561539666032e-01
3.188913524654485299e-01,-4.319052821179609758e-01,3.818021121540913221e-01
-1.887860799330067785e-01,-2.947246678985872004e-01,-4.227525079663884133e-01
1.602241638735255602e-01,-4.285236207896371274e-01,-3.399327048630891301e-01
7.213220788239638193e-02,8.677872493583460578e-02,1.565983956019623147e-02
-3.180108982522829031e-01,-2.094812898333985318e-01,4.643973535821823706e-01
2.719616660758473747e-01,2.379579554103332661e-01,4.210463770126225969e-01
-1.971568683762739971e-01,4.353300403476210167e-01,3.828635401418366557e-01
1.527181941459101466e-01,1.161217065617465849e-01,8.115140426037692478e-02
-1.256682641731265981e-01,-4.800173493206146835e-01,-4.061533587462191619e-01
-1.208673313392718551e-01,-4.811449143595051270e-01,4.025993542396232305e-01
-3.462617288654967762e-02,-4.683914203850536584e-02,-4.147719921967812917e-01
1.753877285238434336e-01,-1.574617419595173429e-01,-1.673036451110645473e-01
1.741464990524344003e-02,4.862822775738437908e-01,4.393355046992258872e-01
2.214159032371573188e-01,3.549094627857817263e-01,-4.341095156485075268e-02
2.958558786154702469e-01,2.261794439433267856e-01,8.955408191038571886e-02
-2.180101463107656512e-01,-4.243577346172311415e-02,-2.325917624838763631e-01
3.151537306021133800e-01,-3.220123066949124313e-01,2.870336576977371434e-01
-1.595602250415993906e-01,3.698166351970100241e-02,1.677251412076452564e-02
2.303773840790055427e-01,2.058302288536448810e-01,-3.471194125326051427e-01
3.381076453468623289e-02,1.651218670361134233e-01,4.426530277877270825e-01
2.577765160849906367e-01,-4.474179819534789271e-01,1.347193610623650395e-01
-5.402002305359776546e-02,3.433545607864929572e-01,-4.888155191850345194e-01
1.298940624874839189e-01,1.232271450800044299e-01,-3.223421717314202128e-01
-7.614805703584115459e-02,3.522162661023201524e-01,-4.559840339638419060e-01
2.593269914312192892e-01,-4.381901136620957038e-01,1.725214907927884456e-01
-1.259061923808736383e-01,-3.633791776298238574e-01,-2.790569076047346719e-01
-2.580246108290701335e-01,8.230204216156278285e-02,3.968992044917968309e-01
2.297833487898515159e-01,-2.685313615105328067e-01,4.282045550108475318e-01
-1.053007697297942968e-01,-2.708623688470157553e-02,1.478831951955767998e-01
-1.647733905770906171e-01,4.001976814959586903e-01,-4.576219103276948363e-01
-2.145170093686055157e-02,-1.143418548094499165e-02,4.683455203792755706e-01
-2.799740831028212362e-01,5.683600444538139396e-02,1.965273774323658129e-01
-2.242920602260423113e-01,1.930942996058114813e-01,2.440383875622867960e-01
-9.376279387964792100e-02,4.255634062672455364e-01,-4.692191789131717750e-01
1.049389710065166126e-01,8.154929331207005916e-02,-3.274813973169500292e-01
-2.219236279818886937e-01,-2.913057576654130010e-01,3.441832441981772517e-01
1.437241522900448709e-01,-1.105005664366224272e-01,-1.723708618801180759e-01
2.850077401677885147e-01,3.566792517245058747e-01,-1.484979449991166156e-01
-2.536214476105326243e-01,2.901028742246803960e-01,2.754374926170785054e-01
-2.749801385779265805e-01,2.201768140184353628e-01,1.564160468298693152e-01
4.796571497993273869e-02,3.434652050997504258e-01,-4.786510814465003705e-01
-2.801945585849153764e-01,3.269955520242725511e-01,-3.133611564334672916e-01
-1.742097575825010125e-01,2.808267695638998473e-01,-2.480014896663587098e-01
3.178877371449145839e-01,3.277899229076950416e-01,4.334437180712349402e-01
-2.449487374532174355e-01,3.169987765317661133e-02,7.076908711604323887e-02
-8.127288321757941691e-02,-3.683271698283983042e-01,1.119967814009871221e-01
-1.723655226722567990e-01,-4.153809281272136111e-02,-2.348157091913066763e-01
-2.321195247733029987e-01,1.793698092109794473e-01,2.305378870632888155e-01
2.562851367112140011e-02,1.008989193848361943e-01,5.796210257749645489e-02
-3.084128617556372021e-01,1.913723035233961811e-01,4.706402127448946482e-01
4.407055282747363023e-02,-9.715631174561878414e-02,4.540917887848580081e-01
6.362454964693065040e-02,-3.815886985267969989e-01,4.457338153605058251e-01
1.679938240054368315e-02,1.763397236483893460e-01,6.860753146172360317e-02
2.533600141105901704e-01,-2.839718794001533375e-01,-1.396139242848373208e-01
1.008027612575346232e-02,1.563201308810028278e-01,-4.706258567733185849e-01
-1.033436048987311784e-01,-4.912025282201490928e-01,-4.200829545279953781e-01
-8.046551747370922492e-02,-1.187875282599363258e-01,-4.656846686790485634e-01
1.291522926367185686e-01,2.950762573977143699e-01,-2.583274148553179606e-01
1.717293892947164835e-01,-1.563030873574426938e-01,-3.396409368918615890e-01
1.732755804238962360e-01,-1.430981058716416232e-01,-7.821332673391256929e-02
6.040151731097120891e-02,-3.807041924348087969e-01,4.580205344403942558e-01
-3.052865417690593386e-01,1.913027815801047193e-01,4.471867759815326693e-01
1.027987720972162178e-01,1.284485384984418443e-01,-3.452921690718001591e-01
9.993744163516415924e-02,-4.567645814386618319e-01,4.512490579306697169e-01
7.451056501538577681e-02,-4.661856341956394090e-01,4.078720887333147083e-01
2.550349217164429305e-01,3.601156631490057825e-01,-5.100147711936131589e-02
3.749962554396113479e-02,2.968674357092776495e-01,-4.897283079473333522e-01
-1.596852109275108678e-01,2.030866944706665178e-01,-3.724314804838123605e-01
1.510773819262786200e-01,1.163491504409124300e-01,9.870833623959984759e-02
2.037497097301941285e-01,-4.376034320188614268e-01,1.941521698278192432e-01
-2.713860198487223485e-01,-8.408622428873313570e-02,1.176436648733869550e-01
2.796916932814182966e-01,-3.764465378755051939e-01,1.298672505472728833e-01
6.007692158280208972e-02,-2.944445440789442703e-01,4.192461399048282855e-01
-8.018144283268302530e-04,1.343330685770457444e-01,-4.634616684617974824e-01
1.830218079463741265e-02,-2.588433469226195660e-01,4.408412417752750612e-01
-1.593346872475076559e-01,-5.351443777905162680e-02,1.681246445462635242e-01
1.313264338897285333e-01,-3.875294440457928147e-01,5.447570025112646874e-02
2.967355967522838922e-01,-4.431497025686013114e-01,4.243076050780669739e-01
-4.006994815035658242e-02,1.566346648799510355e-02,-7.173615500283059276e-03
-2.389757178096424406e-01,3.346209192282134648e-02,2.550940432566344285e-01
1.650176087968383554e-01,-3.126319028611700412e-01,-4.428057911210436792e-01
-8.087158366148250455e-02,-4.760319672526304169e-01,-4.152407384035088356e-01
-1.164803765852998607e-01,4.434800871493642660e-01,4.084400850378655523e-01
-1.147654464234186822e-01,1.188216325288122821e-01,7.753981072753746151e-02
2.250425572074088443e-02,1.772105567945239102e-01,1.884113472931014943e-02
6.022937263156058485e-03,3.465406398966321966e-01,-4.574293192566782906e-01
-1.575440302607368226e-01,1.907175561487475246e-01,1.540528752438156124e-01
2.290592499745460753e-01,1.897738790914890172e-01,-3.337220468037870313e-01
1.765407594007113445e-01,-4.071728432410131049e-01,2.582106020339915986e-01
5.940070049715917566e-02,8.024095251294161013e-02,4.367238328207453391e-01
-1.243103732874533129e-01,1.123298115654013385e-01,-4.707586254258435687e-01
-5.621095725297886592e-02,-1.963516003473175786e-02,3.535103866333864087e-01
-1.326949160354218282e-01,4.174042366557728645e-01,-4.291637531792287241e-01
-2.719640318288232272e-01,7.903782361586553229e-02,1.367869955798010073e-01
-3.952596547300324392e-02,-1.482691771880378928e-01,4.051654485492073299e-02
1.676529692511609104e-01,3.037671498170143591e-01,3.150107831421588012e-01
1.583231837628306105e-01,-3.897509988011919058e-01,1.361911722316715423e-01
1.171009612550455437e-03,3.117229972238038105e-01,4.667105890889037267e-01
2.755790126698867137e-01,-2.974186722439102759e-01,-1.528686772128863280e-01
-1.173293776268347077e-02,-4.698855939830332007e-01,-4.290456959328767805e-01
2.289418601162587219e-01,2.053195302127905908e-01,-3.505986368329719882e-01
-2.413463286872907787e-02,-4.230811016824523874e-01,7.211120475144650044e-02
-2.713977180417888047e-01,3.952869018567237713e-01,-3.116056991635439699e-01
-5.265758522164820654e-02,-4.629404407492179185e-01,-4.192680669101542801e-01
2.574015620052859665e-01,-2.801048813809824400e-01,-3.298605200187175734e-01
1.614309458263395447e-01,-1.687022832483278112e-01,4.108423379375889528e-01
1.808611747743580356e-01,3.530196567185571732e-01,-2.847466495267004793e-01
-2.659756980528399373e-01,4.135303285792735206e-02,2.159753385797306136e-01
-1.525680207776115571e-01,4.575681422617086103e-01,4.322537460326592029e-01
1.185313167463948325e-01,-4.036421636300654425e-01,-3.279402183762116785e-01
3.192884559590055682e-01,-4.372693646640193332e-01,4.297590024078735693e-01
-8.663433729504432801e-02,-4.571887875207246710e-01,-4.213343817161582239e-01
3.105508993169758813e-02,4.819610293968176196e-01,4.642325317445512578e-01
-2.262567565698645478e-01,1.425364532688198071e-01,2.156300664174570780e-01
-2.610506359285935662e-01,2.942467194089426474e-01,-2.858589776109871083e-01
-1.283223243289344229e-02,-1.371825332476008796e-01,4.661906790590139016e-01
-1.326860686402542289e-01,-1.098534869318689156e-01,4.104957539195419614e-02
1.760245440519374593e-01,-4.032597431064736115e-01,3.485979153574959577e-01
2.752810129263724148e-01,-4.466242914130955644e-01,8.091782147356174626e-02
-2.825733640320450268e-01,-3.405861316987043308e-01,1.854915759653443796e-01
-2.468581361519620598e-01,1.142629413483892131e-01,8.221086568051583221e-02
-1.455855285052524151e-01,1.006450006887975590e-01,3.291016325099086481e-01
3.021413079729143858e-01,2.326260450963851811e-01,3.751072550933852723e-01
-9.923540354657001128e-02,-3.401393675809331052e-01,2.305702557586347679e-01
-1.990818950214899852e-01,2.654572061242328473e-01,4.431067227283405074e-01
-1.465042967540737262e-01,-4.988732095135397504e-01,3.403743010930851964e-01
-9.590231231765355968e-02,-3.366865735222990264e-02,-4.431514182568672133e-01
-6.480622722777173994e-02,-4.650507495291156257e-01,3.723876201804529051e-01
-2.301047315884431343e-01,2.755448271773486280e-02,-3.231427871966581211e-01
-1.666582821766934286e-01,-1.749651506894286390e-01,9.501623077768917014e-04
2.621582560753553670e-01,3.544518835022897330e-01,-2.870433989985657908e-01
4.242660044800306007e-02,-2.568897920909409827e-01,4.638567590722675327e-01
-2.615141133711277321e-01,2.214101733723276011e-01,8.750699092793667866e-02
-5.693339053954171725e-02,9.896337516258091327e-02,-1.424680126657273949e-02
2.317752277192522969e-01,-4.025186203238632077e-01,-1.087583741751252386e-02
3.208892701724985752e-02,-4.577396119058804169e-01,4.438311668827213952e-01
-9.129487779666989322e-02,-4.550937828902205107e-01,3.989552483544156480e-01
2.909052023619106420e-01,3.347175193502799351e-01,-1.614426845352103790e-01
1.178621010665827917e-01,-1.080675918513526179e-01,-4.492953836275777046e-01
1.500286436044652172e-01,-3.772666313524649651e-01,3.694020291326538530e-02
-2.170933410719197987e-01,4.032757366077922567e-01,-2.564671943293455048e-01
9.466416006183919762e-02,-4.720563242774642454e-01,-3.772875536035875665e-01
2.897809819001404552e-01,-3.931739529521647292e-01,-8.110467635167983858e-03
2.700883928545984025e-01,2.275715728473024502e-01,8.140850494465978748e-02
-1.383866145509824452e-01,-4.813185944242736047e-01,3.057685276197045221e-01
-2.485944566405028366e-01,-2.322967045898657323e-01,4.529228055336107506e-01
-1.095648108952598232e-01,6.321842524624399218e-02,6.423609981694555771e-03
-1.210611150930177571e-01,-4.876174872050308418e-01,-3.915097763782955376e-01
1.323605972194907832e-02,9.974688658075370196e-02,-7.383424600795551740e-03
1.322597034682434503e-01,1.184522170734433333e-01,-3.168372534629723125e-01
1.363906884884078519e-01,-4.303373947351666340e-01,1.811136664647283734e-02
5.187361746325247491e-02,-2.279183815866026031e-02,4.585696879255026781e-01
1.526771539958692303e-01,-1.795110178847051374e-01,-1.119105808738818375e-01
-2.788135301655377818e-01,3.086733236558438787e-01,2.030859953896578807e-01
-2.164187033129461035e-01,1.302531487916991360e-01,-4.182333219929930124e-01
-2.106151619842933087e-01,5.674965286093158756e-02,-3.281404042584923353e-01
-2.663935949591008656e-01,-1.547187527379360050e-01,4.553751982262657094e-01
1.685435182418381084e-01,-4.372574230835629683e-01,-4.288753921382241208e-01
1.459784072464448412e-01,1.706890406150427530e-01,1.063952959795260167e-01
8.659294117680793601e-02,-4.675391062672727971e-01,-4.058749606732428017e-01
-8.379707407446512768e-02,4.618211568987806714e-02,-4.731666579093103397e-01
1.290712239523005289e-01,-3.203613024928293473e-01,-1.748709205933399735e-01
1.520537667608838905e-01,-1.200707858758505164e-01,3.244915385790211326e-01
-2.629609406046085063e-01,-3.620835353808727897e-01,-3.661406391309905972e-01
2.050802343134257022e-01,1.981156238215926457e-01,4.375177358322782650e-01
-3.193088721377643768e-01,-2.708919497603040627e-01,4.722955308046141720e-01
2.914715292280306569e-01,2.915643100635167961e-01,-1.959692193752876621e-01
-4.788111508633519087e-02,-2.110012253153676909e-01,3.837072208062436429e-01
-8.100920679250167566e-03,-2.281426399797847893e-02,4.873117071873211970e-03
-3.080753272833092193e-02,-1.834699576082160499e-01,-4.255217986675531305e-01
2.984290787361797426e-01,-4.211793990045550329e-01,5.063826278168748196e-02
-1.707419715157734164e-01,2.563223519069052214e-01,-3.496121933944109639e-01
1.500941539405284963e-01,-1.463327922697624794e-01,-2.216685964740847670e-01
-1.848227349041156042e-01,-3.650728732597431359e-01,2.273043397235836593e-01
2.018664354770028924e-01,-2.229808617916354541e-01,-7.073060734454239551e-02
-2.739929213588476742e-01,-9.202265919249619230e-02,-3.029875210718770973e-01
-2.709473604044463357e-01,5.183904413950590762e-02,2.452872768284848348e-01
3.643666237839260358e-02,-2.347750742193144280e-01,-4.158439955999494453e-01
-1.611958745456769648e-01,3.918917703461008983e-01,9.058211838199659027e-03
5.669823549003161212e-02,-2.044167451895617660e-04,-4.154773036504872952e-01
-3.165042340279033972e-03,-4.773628855487480616e-01,-4.270070148821727418e-01
2.883863230063902217e-01,-2.919652742981342364e-01,-2.183620073642177362e-01
2.270008228287567764e-01,-3.482983501116519998e-01,2.656948546555896185e-01
-1.031895403335497674e-01,-3.227478327134525316e-02,1.898319861533342978e-01
1.531620883601076955e-01,3.317146722060607678e-01,-9.305722165747076779e-02
-4.473575944949881311e-02,-3.522856132377472083e-02,-4.505565810528111559e-01
2.562672835688244444e-01,-4.254013773308766844e-01,2.712709646616651149e-02
-3.180374621057985296e-01,4.225623870398709236e-01,4.591721614643501370e-01
-2.195079658532753664e-01,-3.617258870741058008e-01,-2.403023126059589121e-01
1.341725015613175476e-01,-1.315902719359054451e-01,-1.740825395397980202e-01
1.467516752734037144e-01,-2.176230134689273177e-01,-6.824075897353232278e-02
9.827713022629080974e-03,3.025021643727243692e-01,4.427981999865961971e-01
-1.820093561900505419e-01,-1.337963691965368129e-01,2.180958850667047422e-02
1.755700786626103183e-01,-4.165042364488459326e-01,-8.890057632118275599e-02
-1.719955494510228000e-02,-1.762493660223533043e-01,-4.235247997961429922e-01
5.423443529819493847e-03,-1.484163082889303764e-01,1.811210948646690966e-02
1.669441064378687223e-01,2.578199620613683685e-01,-2.580142444360906673e-01
-3.194086045084014724e-01,9.360976223076344915e-02,4.589392584430964650e-01
-3.218974964295018282e-03,-2.327390076054213219e-01,-4.252057644730234953e-01
-3.129426358981520773e-01,9.037959205304546551e-02,4.563136614981754269e-01
-2.597040643698770301e-01,-2.281059713079829354e-01,-2.708805847042814463e-01
3.753421089199149296e-02,5.445660238978167200e-02,3.093482235201083785e-02
3.018416325809569756e-04,4.818870397654804183e-01,4.573610556474951849e-01
1.579728855793109954e-01,-4.226758386038274029e-01,2.533149083722564532e-01
-3.258385086827131349e-02,-4.256420085876154724e-01,-4.247772905980985447e-01
-8.225618015455249399e-02,-2.298540722467301567e-02,3.578930364947460196e-01
2.562502240665708308e-01,-2.767982742615919811e-01,4.336397806422219725e-01
2.959803240489613518e-01,-3.995985795190323264e-01,9.545955111313397801e-03
1.294436068781368299e-02,2.728478410955637035e-02,4.375254005600566209e-01
4.179121128187046619e-02,3.507737253359589635e-01,-4.949921368624290441e-01
1.621596113133553230e-01,-2.470732431982467503e-01,-4.278733212389975726e-01
-1.424570659541498641e-01,-3.502558378861128086e-01,-3.931177148382506426e-01
3.055815060064248634e-01,2.284991732752981175e-01,1.114655290899471130e-01
1.841599362228028003e-01,-2.827492462337416468e-01,4.405646945867361941e-01
2.496945018657992232e-02,3.448513544487121774e-01,4.435825448522775494e-01
3.090572296220867043e-01,3.344190807763240958e-01,3.555071789281702976e-01
-2.622666164437388314e-01,-3.473957457761973622e-01,-3.414670298146569305e-01
-3.036453376268377635e-02,-4.332104595153930537e-01,4.258838883869398018e-02
-3.679527910132762702e-02,-4.836337672388955067e-01,-4.201755664264038570e-01
2.896950102303400554e-01,-4.478182951344129581e-01,8.432697842127490073e-02
2.937834665687403257e-01,-4.475090567647792561e-01,4.123134061150256491e-01
1.942661776073683066e-01,-3.739425926782752319e-01,8.996278435539439844e-02
1.520763532601889789e-01,3.495516357467451929e-01,-2.537212290887356225e-01
-1.299270669564490666e-01,-4.879137350454103572e-01,3.406093880587278688e-01
1.552749422849790673e-01,1.926332230310847660e-01,4.388098855740990567e-01
-5.075508748849832941e-02,-9.368298672511377045e-02,3.816105503456911352e-01
-6.181647970876780196e-02,-7.134123379745271887e-02,-4.660130607769565891e-01
1.912117825894477097e-01,1.755744874061145877e-01,-3.351383935123563029e-01
-8.697153468439322577e-02,4.377627392006699925e-01,3.710975575530636172e-01
2.820187988164118975e-01,-2.859496586788224937e-01,-1.927191378999859595e-01
2.048645385171776745e-02,4.869035014570078923e-01,4.437648041318517089e-01
-1.775608176797521809e-01,-3.397314765185984742e-01,-4.233950085493312088e-01
-1.452980217755909242e-01,-3.442320507727816281e-01,1.808991352285620469e-01
-9.096400180702257643e-02,-4.718036362337326706e-01,3.729166532218304297e-01
-1.205722357230930575e-01,4.414115458039338247e-01,4.034156294995554504e-01
-2.235443144281523686e-01,2.728192238190985108e-02,-4.186517652978665183e-01
-2.378811205220572322e-01,4.129185335437853821e-01,-2.574518995278606281e-01
1.800256457415678746e-01,-4.565877737861840924e-01,1.926682084683878360e-01
-2.128163719367532902e-01,-1.363483575211694721e-01,-3.760977964490774816e-01
2.049436435563855019e-01,1.697233154067022687e-01,1.365707614534761305e-02
2.538566790256281402e-01,-2.725563940564112997e-01,-2.218601145471247316e-01
8.201716532369596191e-02,-4.475839406674451126e-01,4.527469172519480445e-01
-1.392265225413152896e-01,-1.468875263773574691e-01,1.502284448415813767e-02
2.347395345648983778e-01,3.611600637802985236e-01,-2.294884764470327410e-01
-2.522566083698742911e-01,1.004673398378105320e-01,1.388650828041237961e-01
2.786112198474209878e-01,3.574903945712806230e-01,-3.200019158427624966e-02
-1.242849574924356215e-01,-4.767541191256781108e-01,2.424204553770108461e-01
-5.364795481835338276e-02,3.400038040020507690e-01,-4.851615925437745558e-01
-7.046503339530607590e-03,3.479900872729932981e-01,4.581161482192572798e-01
-7.836367151332968017e-02,-2.000049086529409603e-02,-4.499892191920776829e-01
2.697422039466282895e-01,-4.138989118266129807e-01,7.864693081489293469e-03
1.438164763840498184e-01,-2.179434580832435575e-01,3.788790552833232184e-01
2.315980323348364456e-01,2.914632902731950637e-01,-2.319014091116892162e-01
-1.688425630881930095e-01,-9.614921455190927890e-02,-2.612221575620383707e-01
-4.846549778539466224e-02,7.558210915161889254e-02,3.959951996241508620e-01
-1.670428558286464193e-01,-9.433686074854696901e-02,-2.399947715175902996e-01
5.328028298620623993e-02,2.730576868689699177e-01,-4.709099286286310138e-01
2.014073450017916933e-03,-4.527376189297738218e-02,5.380735449722551245e-02
-1.351019435320431894e-01,4.224690079057945580e-01,-4.759673976749392299e-01
1.416880557938919871e-01,-1.129744659752675018e-01,-4.242294463862689158e-01
8.832013036487496027e-02,-5.300082864003219374e-02,4.152584364772902159e-01
1.338328398375957518e-01,3.522087195275303007e-01,-2.412329866467938233e-01
-3.140958216696999594e-01,1.821776093949731834e-01,4.809996565448374506e-01
1.047871489028635583e-01,-1.077617169167316424e-01,5.632295750503080178e-02
-3.080097998426299943e-01,3.793468633240533183e-01,4.539300444963386694e-01
-2.618305439866550621e-01,4.210952908974255893e-01,4.721375021728324572e-01
-2.350543617549047948e-01,4.364403351002514864e-01,3.712880425610698421e-01
-2.178636043463729743e-01,4.248355458829048414e-01,-4.230893766144756540e-01
2.736779517454216437e-01,-3.783099654776872489e-01,-2.685310887206260322e-01
2.401164955315847616e-01,3.611947565295090534e-01,-4.075850320506146929e-02
-2.755607337099662546e-01,3.672785267658744690e-01,-3.328926904324310820e-01
1.213810066124280107e-01,3.442792980258411184e-01,-4.087563560411715535e-01
-2.987404654103681390e-01,1.263369297884647802e-01,4.651621727816568352e-01
5.052025516386615678e-02,-1.638999051431720977e-01,-9.147977124760786616e-03
-2.305233105795778670e-02,1.245200882640410400e-01,-4.840948446335803235e-01
2.226519325281038908e-01,-3.217731255054494532e-01,-2.732057902366944457e-01
2.197579720964993877e-01,-3.498816442258432247e-01,-3.962126209588761050e-01
2.867250275088826239e-01,3.604068311254501333e-01,-5.819843664473711708e-02
-3.163300747470997321e-01,4.010301104338196421e-01,4.823767848171467421e-01
1.486838438303927923e-01,1.184883928761736316e-01,-5.572103198399891433e-02
2.717580177717060508e-02,3.146069549108705399e-01,4.612731317675455855e-01
-1.750090861023901878e-01,1.072549700138545337e-01,-4.486046671626872095e-01
-1.156029421554223280e-01,-1.154861745951049068e-01,-4.219276876468587290e-01
2.265691958747959589e-01,1.819325411051527785e-01,3.794313539690201686e-01
5.100392415878007846e-03,-1.970606156529254305e-01,-9.326414389892345724e-03
-2.069827943173451201e-01,-5.843189695162798181e-02,4.077017304509955586e-02
2.783426786407008358e-01,3.421986497100696356e-01,-1.918931085106804213e-01
1.577571634623043950e-01,2.622692199485082698e-01,-3.319264220251327835e-01
-2.635280751089907891e-01,3.119745036503736024e-01,2.176266335688048503e-01
-2.523200717142619620e-01,-1.990607659484503467e-01,-2.457183711160804140e-01
-2.897642279541410293e-01,4.302861464674800906e-01,4.203746559768204438e-01
-1.378620488447154235e-01,-1.568709091227538099e-02,1.807274108820686731e-01
-1.110615343580519943e-01,-3.382155656966580048e-01,2.233357798006787576e-01
-2.056203642738646531e-01,-1.392722890788576917e-01,2.861766524252906674e-02
2.042685935509371831e-01,1.802347669181406653e-01,2.599899675026540180e-02
1.458008713920969646e-01,-4.460586354432026779e-01,1.532772262922357243e-01
-1.638750764040399766e-01,3.549750180726896076e-02,1.078767896099197543e-02
-2.671601883342451522e-01,-2.167676159749042375e-01,-3.432990221537248754e-01
-8.051552955324670080e-02,-4.845890693307773889e-01,3.386482952521920886e-01
-1.910215227653083714e-01,-2.930692696074393977e-01,-4.523621644846926859e-01
-9.407456939810088237e-02,1.768819559355299109e-01,5.724866705065212447e-02
