1.178381119448360659e-01,-2.560904327869215624e-01,-6.053116570118222128e-02
-9.006391885988018764e-02,-6.218945775291551126e-02,4.694033379590122346e-01
-1.784596793420402117e-01,2.185911918041419932e-01,-4.869304385725446993e-01
-2.409760395787542420e-01,-2.465940531775989708e-02,-3.444290689525347782e-01
-3.032060218501243520e-01,9.107583506187122424e-02,2.598063834767367908e-01
4.860655676131762082e-01,3.006203933863410560e-01,4.894449802918907633e-01
-1.597453439563500943e-01,4.539601472318884889e-01,2.449234795047701141e-01
2.171309765133401237e-01,-4.200071579419795142e-02,4.677814488417109118e-01
3.689349998812149201e-01,4.702365655132415556e-01,3.843143985409768204e-01
5.615433409054870761e-02,2.209574368859993365e-01,-1.149634145510537442e-01
2.709075598420227493e-01,-1.478248144827141175e-01,4.681418980104156136e-01
-2.711583747123045285e-01,8.922044611058121966e-02,1.944448927459256904e-01
-2.829672540702465877e-01,-3.845522145861235419e-02,-4.482491662609789929e-01
-9.656394407724500084e-02,-9.949767873999526557e-02,-1.248327708538183867e-01
-1.340844259134643668e-01,1.472863242490013436e-01,-9.763852479002466112e-03
4.103226750281085966e-02,-9.741851383675004250e-02,4.929031558893904874e-01
2.499429292640475975e-02,2.589116931201236316e-01,8.532766617468057202e-02
-4.757207563962029262e-03,-2.033948394850265684e-01,1.442299357554278627e-01
-4.159137865279415314e-01,-2.253578729001844971e-01,-3.314896084308569524e-01
3.696841203953522559e-01,1.697837313666863412e-01,4.780567107597878396e-01
4.936521596081155927e-02,-3.525570313716108739e-01,-2.296062476119762330e-01
1.879996201426026303e-02,-8.228671096667139473e-03,4.564743952550659456e-01
-2.431141851742952831e-01,3.795735011296252903e-01,-4.148766565362067560e-01
-4.395615121322249408e-03,4.889321910264953219e-01,4.709054072538156888e-01
-2.631648719817742954e-01,4.871244123870380749e-01,-2.798844877877746384e-01
-9.868322661458739375e-02,2.647079914747819673e-01,-4.438084253141267865e-01
3.035839455544708798e-01,4.741760277395019596e-01,2.741382951654869338e-01
-3.281085036706699043e-02,-3.579892865555464043e-01,-3.966649246780286076e-01
-3.921548375931060981e-01,-4.885253617585413322e-01,4.986299164513539051e-01
3.060162689601895192e-01,4.564895068761665176e-01,4.531807524194998438e-01
2.636939210196491690e-01,4.204664329064256023e-02,4.954391387703074301e-01
4.609924234192461778e-01,3.211623432199731676e-01,4.682756313035499884e-01
-9.371911027541712791e-02,4.508752560512028218e-01,-4.069190849875300442e-01
4.118120978172769009e-01,2.693213499415787471e-01,4.465603875276923374e-01
-4.829520746475586268e-01,-4.682075603577579015e-01,-3.615118609263234806e-01
3.925420343637527898e-01,1.580595226809098364e-01,4.688191373982076859e-01
-4.591550376865850547e-01,-2.540047958543324436e-01,4.841286540890911150e-01
-1.148522339926159042e-01,-2.346094100806358496e-01,-4.574668518847234688e-01
3.313265807476878377e-01,-3.012154919722672686e-01,4.820764508696039341e-01
3.614540620681789829e-01,1.971070890768986672e-01,4.063660453834960773e-01
3.728398054630674974e-01,1.423930489874906113e-01,3.848009410024214594e-01
2.774680675362981574e-01,8.795744094187174511e-02,2.781566209200260209e-01
6.640253453870281763e-02,2.610889617447653688e-02,-2.197475940235322778e-01
1.072958765941832704e-01,-3.221999286530603523e-01,-1.206018579670897761e-02
2.312528437675367421e-01,-1.574177633721906000e-01,1.808183328057887396e-01
2.968907376780259844e-01,-4.675398634839708079e-01,3.364447868724176338e-01
4.813287762179085938e-02,4.557452703158042517e-01,4.957488130226407330e-01
2.968835793780018051e-01,4.429609366842022222e-01,2.862560816261666696e-01
3.728315367797607749e-02,3.398675932720619519e-01,5.490142376448092776e-02
-3.375397983755419329e-01,4.716549393686514380e-01,3.372639370238577072e-01
-2.958120909321853009e-01,3.279603548248632983e-02,2.966675586264415632e-01
-1.109644052817218007e-01,3.537023140498049001e-01,4.751054398293363956e-02
1.102959613212739498e-01,1.492455248790479638e-01,7.264268253138439491e-02
-3.751472831332340885e-01,-1.360708627801973103e-01,4.416344752736446333e-01
1.194420072834979640e-01,-1.436499892700436876e-01,1.707963808613079948e-01
3.599743761536413622e-01,-2.173081443973584603e-01,4.821325997541995312e-01
-4.318237148827180905e-01,4.490452248470536700e-01,-3.010525979661504703e-01
4.958361914469879839e-01,4.358081514460547812e-01,4.870869455723227937e-01
-2.061291261750634041e-01,3.329419195349724303e-01,-4.647288324831004847e-01
4.911384517540947625e-01,-4.650888787852774930e-01,4.588314081999620431e-01
-3.008533563973803115e-01,2.834826423109633176e-01,-4.914057836165502957e-01
-1.856122001057762816e-01,4.901718800391678954e-01,-3.769599160740992883e-01
-2.083803368044585547e-01,-8.752925632689867452e-02,4.806464499933488232e-01
2.893829167428189075e-01,4.943581864288617567e-01,4.579572262435621655e-01
5.712647054863739804e-02,-3.315337632914072685e-01,-1.145257424648360445e-01
4.471586491488938053e-01,2.588193215845534523e-01,4.829121790887371812e-01
4.100786354461911642e-01,-4.836205936342879985e-01,4.768377323816822555e-01
-4.876341000295434380e-01,3.725861334094410227e-01,4.718710479239026645e-01
-2.478332382652839172e-01,-9.338188122658963586e-03,-2.755160897912236617e-01
-5.571619584238807210e-02,-1.385109896331571111e-01,-1.882245250484051446e-01
4.769621706742701583e-01,-2.755378293269838963e-01,4.657840595523105032e-01
-4.814767591672430846e-02,4.912683264352988299e-01,4.229779484605979967e-01
-3.582398843611770411e-01,-1.181650759348921165e-01,-2.659954249633111889e-01
1.205420130996965877e-01,-2.645478702071111243e-01,-9.425870633304966884e-02
2.345684793240002675e-01,8.455593937667793547e-02,1.357575709952351106e-01
-2.525221845445052571e-01,1.410528209666785937e-01,1.797313884791733596e-01
-1.149092531837756503e-01,4.813702263328450970e-01,-4.306049423350868377e-01
4.818724819308778384e-01,4.511135511164608980e-01,4.849888819852146149e-01
-2.635317038296227654e-01,4.993288095882484345e-01,-3.053891620660343920e-01
2.426826886263094840e-01,9.386668096650085946e-02,4.752615995226798784e-01
2.757413582198019464e-01,-1.920781244226614781e-01,1.613504691665512691e-01
-2.388708723893748775e-01,3.221651199414176103e-01,4.941032073342104258e-01
-8.810258532729375869e-02,4.820318333034194769e-01,-4.397524173937470415e-01
6.673506557689456997e-02,1.307769144122090665e-01,1.149170292297641005e-02
8.127400343613955247e-02,2.514791967115381777e-01,4.847591102806825258e-01
-3.071763256935613473e-01,1.086881018014784761e-02,4.783145428744003391e-01
1.759213572373796719e-02,-4.619298070892577934e-01,2.040119173999684898e-01
-1.559113395852518291e-02,2.202632567799367447e-02,2.725444363967727268e-01
2.489976002928624421e-01,3.455590785439399681e-02,1.946692123572396627e-01
4.101301372513199706e-01,4.891509951169416004e-01,4.608344343985855129e-01
2.899431170842016181e-01,4.914725613755153155e-01,2.449930513811691135e-01
2.136305995280423087e-01,-1.006499600830083052e-01,4.746230202629270201e-01
4.221208590689518036e-02,-3.294285758859640811e-01,4.795439346752317089e-01
-2.068671469624728809e-01,1.577982646716463710e-01,5.012097637425949603e-02
-3.327866803431768217e-01,4.766863975345220217e-01,-2.698243671729821935e-01
-1.502593014319834053e-01,-1.596946005259902712e-01,-7.507591002414271131e-03
-2.890573892948007373e-01,4.603597070534136693e-01,-4.897357412364254925e-01
1.426627783933664961e-02,-2.084009143399789821e-01,-3.327874653085840517e-01
-4.296734248355496000e-01,2.919321132567963550e-01,4.678281292636908839e-01
-3.745837601449331089e-01,2.079317629806081147e-01,4.943166605934463664e-01
-2.423555874351001060e-01,-1.328374548087640772e-02,2.353349669772747399e-01
-1.167564421186638723e-01,-1.891444749770574418e-01,-1.134240606838852194e-01
4.914809791345100543e-01,-2.695058053697300116e-01,4.635951263776411091e-01
4.259015847667726451e-01,2.433861214044439336e-01,4.850293690781645184e-01
7.943482654172884239e-03,-1.912445071617460135e-01,-3.426405190128851697e-01
-4.374879340812209971e-01,-4.830066153514178673e-01,4.574112723270368219e-01
-4.979743597357563223e-01,3.443247543806526867e-01,4.951360039917040989e-01
-7.883121371093371188e-02,3.692350645350310767e-01,1.670381328492240858e-01
2.904241895085286629e-01,4.548412652400759537e-01,2.593927065818324440e-01
2.430914298344633018e-01,8.526669971538092252e-02,1.787312208916420619e-01
-1.511845662961140979e-01,2.147539057357430448e-01,3.845145059890462402e-01
3.023780904927310109e-01,-4.583638311453681613e-01,4.995610543550640381e-01
-2.160255040353786793e-01,6.947940702087895826e-02,4.511013881031370465e-01
-1.347230698510769598e-01,-4.136520504903618001e-02,-5.895059151105763728e-02
-8.229128520798123514e-02,1.359078843727196118e-01,-2.170192337041398911e-01
-2.719370190931971187e-01,8.659860914656980491e-02,-2.737298981842167800e-01
5.435159394057320625e-02,-4.988379934994299214e-01,4.709890413420345645e-01
-4.580348472131025028e-01,-2.880224558384166800e-01,-4.471565254552740676e-01
-6.124538496048437253e-04,-1.997286067585297697e-01,4.988061217518094947e-01
-2.965678791977058859e-01,4.558738739881065261e-01,-3.107599087815114958e-01
-2.964641039840227865e-01,1.736369783148659085e-01,-4.694861143488310296e-01
-4.759905129736791141e-01,4.936091908166211351e-01,-3.878581006649116647e-01
-1.015665147740678620e-01,-4.958110652940703744e-01,3.544742535903037117e-01
4.382839508627720537e-01,-1.934975773428776469e-01,4.832058203750753123e-01
-1.795673641490888039e-01,-7.315826057614371880e-02,-4.732345647270098654e-01
-3.696341818128678902e-01,-4.748176817971856423e-01,-4.623810119147092612e-01
-2.526827384805241383e-02,4.852926506905794746e-01,3.644990851574020363e-01
-3.993208679904699521e-01,-4.971120853583634869e-01,-3.650122633976365938e-01
-2.304095743656813244e-01,2.079243363796426936e-01,1.015701245504226913e-01
-2.812985756600847598e-01,-2.537024005658461423e-02,2.422884111730490009e-01
3.400166895944418677e-01,1.857977017524442553e-01,4.730708281259584647e-01
-4.091063875622554802e-01,-4.339464524123405331e-01,-3.088957654149766530e-01
-4.296300836826203451e-01,4.935805463296992768e-01,-2.978020126110814125e-01
3.749121488817142023e-02,6.199741623875121288e-02,4.755300161919625568e-01
-1.545583536552019854e-01,4.760579826041342333e-01,2.207352903994573845e-01
3.722290418864637740e-02,3.343969135446073215e-01,6.475651012165217768e-02
4.984994785446211774e-01,4.387414091381598436e-01,4.989560697302252157e-01
-4.030643814599634833e-01,1.940526310933869958e-01,-4.746646827961888970e-01
1.463358338774566336e-01,1.939588628654732583e-01,-1.203542142559309580e-01
-4.490917953810772412e-01,-3.042492058947782185e-01,-3.099359850922907000e-01
-8.000184857831627028e-02,-4.639422085196535095e-01,-4.101169389186452019e-01
-1.957354581984649400e-03,-3.314515414427621209e-04,4.602370905589736605e-01
-2.801993382009658751e-01,-5.569580029916687547e-02,-4.890728848868288736e-01
-5.731752426080605201e-02,-4.857306888280125134e-01,1.934312126162081036e-01
1.248405797040519349e-02,4.978785647563374051e-01,-2.494305332295494448e-01
3.264841601609512756e-01,2.006623399993812118e-01,3.026058571323919644e-01
-5.864913985675324071e-02,-1.022774495030308595e-01,-4.077614253365933195e-01
1.530667053928355115e-01,-3.406851314145902254e-01,-3.937750993980393410e-02
9.875175594359930642e-02,8.238822806260237552e-02,-1.761998314667827525e-01
3.294551528522438044e-02,1.627522821608684556e-02,4.792816582948479232e-01
4.956905882966339272e-01,-4.639174036981634774e-01,4.564473257972874176e-01
1.584386204536070153e-02,7.513955136455408024e-02,3.088045136537008739e-01
3.279644073289493811e-01,4.506852548517408241e-01,3.511572278122998547e-01
-3.775658500233092241e-02,2.459061742882212576e-01,6.382160756668087132e-02
-4.685460987700359459e-01,4.936191198131875124e-01,-3.609073499451578293e-01
-2.518723482625132570e-01,4.443237206361948521e-01,3.244482065733308440e-01
1.364562045223367548e-01,1.937019363189129706e-03,4.742274882223351806e-02
-3.338707148599117103e-01,-5.184512942612606867e-02,-4.163896879577874133e-01
4.073874898852921644e-01,-1.833511579157203197e-01,4.436426128473994757e-01
5.299778047467529341e-02,-4.966752716340047114e-01,4.932774896803597819e-01
-3.791322177044544883e-01,-4.808602917894634343e-01,-2.627867608552153511e-01
-4.138789214369903435e-01,2.205988003882010107e-01,-4.404750497235376816e-01
9.567724857934922778e-02,4.697239624322605556e-01,2.270542760316611730e-01
1.053729021427132206e-01,-4.731651498517293053e-01,1.772399626946642437e-01
1.135762237699056154e-01,-9.832506716502320554e-02,-9.587140857830744878e-02
-9.450979829075834004e-02,-4.563065965143451308e-01,2.089555035074122102e-01
-3.783012516477677334e-01,-4.358312372343116081e-01,-4.920598759880233652e-01
3.662245382471002175e-01,1.258441745889499197e-01,4.994634974148028927e-01
3.426590145415973065e-01,2.226812344939810284e-01,4.191712195430400412e-01
-3.541945763765367294e-01,4.047067013826753934e-01,-4.369517868408512307e-01
-4.943354187784761988e-01,-2.803387990409115238e-01,4.876828152726357946e-01
3.441713783221247436e-01,-3.821620362472578636e-01,3.770225231001962385e-01
-3.332049058729408264e-01,1.002028020726432045e-01,4.385981091489064010e-01
-1.927763584479743608e-01,-1.225403310989428007e-01,2.517543169722203933e-01
-8.341935528004207345e-02,1.409399057724749493e-01,-1.696301551913991235e-01
-1.590468614235097666e-01,-6.509848934104844886e-02,4.901482227970788141e-01
3.354398399302210843e-01,4.910873838438560846e-01,3.017636378131095531e-01
-2.413833741380728704e-01,2.745107277307516913e-01,3.626562263100691075e-01
4.932459664527362175e-01,2.986068837540769572e-01,4.692416997723933836e-01
-2.507975829800811463e-01,1.983942652819448149e-02,-3.516153891609374860e-01
2.166859745701893436e-01,-2.561054556661506165e-01,4.275783301196378616e-02
-4.551995415936271883e-02,-4.538160499194654474e-02,4.988254444068918048e-01
9.911247315596649621e-02,-4.949486146656861818e-01,1.450075405952671037e-01
-2.753112980857099767e-01,4.668124408629376054e-01,-2.760690474768976443e-01
6.173022421982587993e-03,-2.605169404239746633e-01,-3.672549767389967634e-01
-3.655509021530408686e-01,-4.543444963744379672e-01,-4.503217131593103550e-01
4.984421536802460251e-01,4.775080538641804928e-01,4.736625290022664636e-01
-3.012302863103671902e-01,2.177916985407664097e-01,-4.992664631896392979e-01
-4.657817023846750892e-01,4.759412599164407620e-01,-3.223071317242043321e-01
-4.726799591511043896e-01,-4.500835617183628345e-01,-4.104567824992668701e-01
-1.006780470809668371e-01,1.995628891428350427e-01,-8.587720342516202976e-02
4.273870321032984254e-01,2.461104466208322572e-01,4.477948146854651146e-01
4.479851602653490694e-01,-2.255995314454588563e-01,4.886441328273138929e-01
-2.313909423857657410e-01,5.256263555144391475e-02,4.830072098428349614e-01
2.468019806119083892e-01,-4.642076145789866271e-01,4.856996545309525404e-01
-2.959188042259890405e-01,1.033020609529278211e-01,4.835074352578154766e-01
5.983082262373773386e-02,-4.978153879759825706e-01,1.894089506904044207e-01
2.439493869703593942e-01,-2.029310146478215948e-01,4.637001222636928377e-01
1.134896926367585657e-01,-2.739720890689828492e-01,-1.836657999450652667e-01
-6.615694236562041919e-02,-4.676894302139744664e-01,3.850144609048097299e-01
1.247381729056963318e-01,-2.910344825721649098e-01,-2.058117951027604864e-02
2.626888348810463292e-01,-4.597793530615438273e-01,2.580352605863367454e-01
-4.870892752963984496e-02,-1.271675372088854061e-01,-1.233033594784522791e-01
-4.955682815154079934e-01,3.543336225918028992e-01,4.871072110298864111e-01
-4.652923648075902863e-01,-4.783552328251872154e-01,4.956834799437217498e-01
1.845706938966523714e-01,-1.281235654006810387e-01,-1.773520009519014007e-02
9.300778798259079494e-03,-4.752548974072884347e-01,1.796743644370393245e-01
3.072727985436973785e-02,-4.792525448334580274e-01,1.621446401970538798e-01
2.893226308498871857e-01,4.412314189117163554e-01,3.201444229201193536e-01
4.126830747412010281e-01,-3.011558695273460762e-01,4.718854691077065677e-01
-1.351586255441636908e-01,4.830045174253938534e-01,3.262024167163640742e-01
-4.632114753073470759e-01,4.982068773346335355e-01,-3.810195567624242718e-01
1.385687346633456274e-01,-2.418903793117351819e-01,-1.050357587503418788e-01
-2.837893613399655734e-02,6.773525212563336062e-02,-3.574767026966896299e-02
1.304250512645963589e-01,-1.808188231903498089e-01,-9.982826391495636109e-02
3.003876915326642028e-01,-1.175853074385746488e-01,2.493372739110139014e-01
-2.051818462164164414e-01,4.818687442041513780e-01,-3.607767648495977530e-01
1.314261052563059362e-02,-3.111560944711807553e-01,4.812830579917058982e-01
-2.586732362636980920e-01,-3.592433368631331447e-02,4.739735261933815114e-01
-9.359643564863096010e-02,-2.230813669498794560e-01,-5.458209813291481360e-02
-2.219256766680242077e-01,2.331472634638938057e-01,-4.657657806805496348e-01
4.506454702880838825e-01,-3.196758630332940943e-01,4.600889427715059155e-01
-1.894649346140382384e-01,-5.424581520316773542e-03,3.282146652985689084e-01
-2.333266577096559935e-01,4.326592572127752057e-03,1.087419146030773609e-01
-8.470426132676012188e-02,-2.540281295715048904e-01,-1.743217857666258253e-01
-3.086693308244291556e-01,4.502302282285203239e-01,-3.273971527586885255e-01
8.216988158568838685e-02,3.195767852392374930e-01,1.593155328600254217e-01
-2.411822924940478785e-01,1.572036999679421454e-01,2.426272817199953691e-01
-1.339582686969601477e-01,2.842238923057318623e-01,3.379077720430671006e-01
-3.470424119616548619e-01,-5.115890320132021607e-02,-4.523187221084792320e-01
-3.724032650492550278e-01,-1.455853748724361685e-01,-2.720751828636315262e-01
-4.310051389945716016e-01,-4.476315724693863407e-01,-4.353330762052095571e-01
-4.142908972566849979e-02,-4.930289595603407626e-01,2.313239688833002017e-01
-3.152248784649175350e-01,2.837404278909244626e-01,3.158080184501059762e-01
3.137654504373843523e-01,-4.795923212291628435e-01,2.429948631971563522e-01
-2.484535823220574979e-01,-1.111952048077202715e-02,-3.157078830124113722e-01
-2.305731171780990296e-01,-5.522835731040909302e-02,-4.295298378020560026e-01
-3.727658908720616893e-01,-4.871139156287295213e-01,-4.892561218802163880e-01
2.765164071033288096e-02,-3.763495474301487009e-01,-1.309054731501964053e-01
-4.807850940479491131e-01,-3.351748758579378151e-01,4.632649983703925889e-01
-3.969195351270071725e-02,4.931844933807998377e-01,-2.402649337924082085e-01
4.603028728150239113e-01,-4.153507841239471032e-01,4.830639845045691105e-01
-2.162676558356380063e-01,2.982280097747053160e-01,-4.909623073016727846e-01
-6.000103075887319726e-02,6.875903767543689593e-02,4.105884571160500762e-02
-6.885620541649728477e-02,3.727778214725174788e-01,8.823393057507800119e-02
-3.495135015246380039e-01,4.987864152207499568e-01,-4.829746731471146193e-01
-1.796238518475714585e-01,4.936642197523493092e-01,3.029459494307148448e-01
-4.759087026335863113e-01,4.950276371444176648e-01,4.576225276520951013e-01
2.053103753232076167e-01,5.606496075993128159e-02,6.765887576058560171e-03
-4.064339664049487766e-02,-3.135183185086033442e-01,-4.179393938672397724e-01
-5.155439682093476694e-02,3.178348092987260953e-01,4.961433392810959964e-01
-4.663036579611171684e-01,-3.222826934265450305e-01,-3.963801746413641025e-01
-2.463957897546592557e-01,4.572318873904234193e-01,-2.857678692578522472e-01
-3.405326843513675206e-01,-1.577661978230655571e-01,-4.725518792291062420e-01
-1.778287304510740574e-01,6.310611282668654454e-02,1.604489224506639999e-01
-1.096166562566501801e-01,4.929399474869722297e-01,-4.276730125366619006e-01
-1.281628980844031762e-01,4.859054008640160127e-01,4.832176391399243265e-01
2.045697275431213047e-01,-1.241548759707595817e-01,6.003464051587559247e-02
3.950465055084573240e-02,-4.640673997035609233e-01,2.691951918285548917e-01
-2.484752711504734091e-01,4.971342103307538896e-01,-2.996897482492005826e-01
-1.337778957279498471e-01,3.055342811569640160e-01,-1.468858499417691199e-02
3.025734158210070524e-01,-1.763479253686308645e-01,4.806206234940512134e-01
-3.430895783077136940e-02,-4.561603744285581685e-01,-3.693173650885213100e-01
7.112924062584657925e-02,3.639790278083328001e-01,2.845735989795505905e-01
3.016176916908206440e-01,-4.662544303109072974e-01,3.292591184342109623e-01
2.427030032658069603e-01,2.510544291048377730e-02,1.623140475521386294e-01
1.422679792481562622e-03,-2.404360035137548257e-01,-3.056380008407961757e-01
-4.794839276874491851e-01,4.375986869235509724e-01,4.922304949160349885e-01
2.755667381930014814e-01,-1.567199747389482756e-01,1.589961679971482189e-01
1.279028191315423335e-03,-4.744299813525396647e-01,2.416268398824221730e-01
-2.272653119805523314e-01,2.303752563497164507e-01,-4.950384906176213962e-01
-4.802377244127243872e-01,3.160920911053464177e-01,4.825433528945149986e-01
-6.106314223875863867e-02,-4.448261962516543155e-01,-2.075645860721783142e-01
-2.248756176728181622e-01,7.479791949390190986e-03,-4.912982043085241113e-01
-3.091693605397843880e-01,1.681314498298548399e-01,2.580757978706790245e-01
-2.753906000713995939e-01,4.959380824341824701e-01,-3.029535271153319664e-01
6.988646772392204110e-02,7.278644369335007802e-02,-2.489842163843840606e-01
1.187794204072947224e-01,-3.784617581140441445e-01,-1.323791924752945048e-01
4.751837653162659381e-01,-4.221223148991052332e-01,4.810839109219828824e-01
-3.217618240051978162e-02,4.719925045353290383e-01,-4.000683054853855225e-01
-6.893626610105296759e-02,4.967076611466518798e-01,-2.251320921653363616e-01
-3.344123950154435088e-01,-1.265223955899222874e-01,-3.971461752617584384e-01
-1.811927101560717457e-02,-4.887106789892525782e-01,-2.612649942657667701e-01
2.255755327835873292e-01,-3.108496227459713879e-01,4.655868172459416421e-01
5.647177858373320092e-03,4.983530885967376589e-01,2.571601067704345489e-01
9.086606883073655716e-02,-2.313399024693851835e-02,2.393536202949259062e-01
-2.058760525635957572e-01,1.781506873649829625e-01,1.466531115185163436e-01
6.988881539149427446e-02,-3.414050672485215987e-01,-8.125541301284389117e-02
3.315279284927318271e-01,-4.973282972206235497e-01,3.015259050459155876e-01
-4.976863337217607430e-02,4.096674245783712420e-01,1.743210023440551204e-01
-4.474712501873445714e-01,4.986150025118670781e-01,-3.384523865716174695e-01
3.346829914627413860e-01,-4.690770860435850009e-01,2.874684858043391467e-01
-3.140719194552832327e-03,-4.052259615517572744e-01,4.886877021586917280e-01
-5.697594940396388807e-02,-4.959494343241538372e-01,-2.493488914037113036e-01
4.699019706441033284e-01,3.890426886485378599e-01,4.951210385847357731e-01
1.653848767540466724e-02,-4.931151154883436361e-01,1.506837950559524186e-01
-1.302173938313287982e-01,-1.672253944718071761e-01,4.985205322252920235e-01
3.393600656180432162e-01,4.964255536857435924e-01,3.125349985354287652e-01
3.971366139230065873e-01,4.976920344406383645e-01,4.494517351774836023e-01
-1.057813942609697744e-01,3.446472425215930668e-01,4.234239404326800571e-01
4.760882311923549937e-01,4.601657803186749440e-01,4.758133981379769617e-01
4.893586305403283543e-01,-4.496184968868061071e-01,4.777455335776975565e-01
-4.873883691037038668e-01,4.363690621382682044e-01,4.766130391000635846e-01
1.078752936219830039e-01,2.039907878478234293e-01,-1.393006762434882972e-01
-1.345058825888828524e-01,2.728217847553768838e-01,-1.986930704256040237e-02
-3.015122326192720692e-02,-4.408280020422654655e-01,-2.221426505978503219e-01
-3.139334072017996302e-01,-2.510666217200674399e-02,-2.668174723340086540e-01
8.353291282612640423e-02,-1.574160104452466680e-01,-8.413843312634772253e-02
-3.492506518312408215e-01,-4.801686695307443298e-01,-4.548796215514564478e-01
-3.178754307223840003e-01,4.615003103420817210e-01,-4.968778757065198670e-01
-7.531762500101601976e-02,4.213460738209301448e-01,1.471713041027058466e-01
2.047381778228052340e-02,-2.408129493217499029e-01,8.219026116125338621e-02
-2.353691209775428117e-01,1.967447586382909952e-01,1.916451061466519779e-01
9.805665291030196684e-02,-4.461065517087314802e-01,-1.879969080736220155e-01
-4.679186345694831273e-01,3.774694274646057668e-01,-4.137234934747578974e-01
1.899833869471009296e-01,-6.840643054030404180e-02,5.204277923636313474e-02
1.058612292324005999e-01,-1.477083891069730370e-01,2.063418997971377955e-01
-3.408160827124757652e-01,-1.312129813605144024e-01,4.716963157707508847e-01
-3.392034215774477612e-01,1.089982173623715855e-01,-4.877779403219825172e-01
-2.363857779914546597e-02,4.658471280318398078e-01,4.940182413466044364e-01
5.702202582253756979e-02,-4.403744933272413231e-01,-2.698697711369044683e-01
-1.454005377176326164e-01,1.061946711958792200e-01,-8.585486532689490247e-02
-4.464264369638237806e-02,-1.427468184050911804e-01,1.331662622382555616e-01
-1.677090034969297427e-01,3.155902972608578549e-01,-4.478637684590607293e-01
-2.600041900238796444e-01,1.631713733086128659e-01,4.616227446706603343e-01
-8.599614158700041866e-02,7.765821615012136192e-02,-1.744244746529706180e-01
-4.585129585881638770e-01,-2.390323486139258602e-01,-3.063947816172607475e-01
3.060882234390909229e-01,4.654314689576223296e-01,3.080015167467953230e-01
-9.696486464771369995e-02,-4.947878834153018879e-01,-4.175827277841738239e-01
6.923063041996513345e-02,2.945254322667857361e-01,8.476218539406044084e-02
1.407694870600729731e-01,-3.015916688930150302e-01,-2.977479932971816012e-03
-2.240575542493619121e-01,2.912806086191142008e-01,1.154542672351190902e-01
-2.599740851829011046e-01,1.522953206884593014e-01,4.834391010180031367e-01
2.828012552553784698e-01,-1.646433789818213533e-01,1.777621412658848543e-01
4.905067257186976892e-01,-4.946584316662260283e-01,4.850673264790442696e-01
6.411541594332414995e-02,6.272992840964386474e-02,-2.457884050821178556e-01
-3.690496734882521279e-01,1.574588642162997321e-01,4.566721207630325408e-01
-1.923694524360333169e-01,1.447707921316013779e-01,8.868323696657043342e-02
4.497949424527392104e-02,-4.171602368314285547e-01,4.578968551564248646e-01
-3.286563201137647772e-01,9.218709360957511034e-02,-2.816763454298192304e-01
9.057763754823899838e-02,9.882858030770325097e-02,1.823289087865442859e-01
-1.749714311086307816e-01,2.686112096138087990e-01,-4.467832599739234301e-01
-3.442517160803617582e-01,-4.701600736090403299e-01,-3.764460647092752188e-01
-2.428093038381786695e-01,4.118583190921806247e-01,1.463458026338120277e-01
-2.183381466191700593e-01,2.824780257228248770e-01,4.782394163546289656e-01
2.356002403395855982e-01,-1.691494808046023479e-02,1.085616608440760356e-01
-3.830211274681825095e-01,3.908546633707287166e-01,4.376406060367187267e-01
1.253940073412995737e-02,6.377474853557252299e-02,-1.602048171862361370e-01
-3.478565424020150232e-01,-1.235289737508774577e-01,-4.850792980930488385e-01
-3.734393257907064889e-01,2.968163682035874773e-01,4.267460763250308098e-01
3.713708654930187869e-01,-3.595915527937435519e-01,4.335041345396190016e-01
4.869162857729690819e-01,-4.348412876772859148e-01,4.720469526694102136e-01
-4.392321587816248041e-01,3.695878240756902411e-01,-4.200203870147233287e-01
-4.788730683620782136e-01,-2.955231164212346329e-01,4.859076570195001166e-01
9.739012318444761895e-03,1.357664699529539387e-01,-1.178343684794512791e-01
-2.487227131723654949e-01,1.678228146065694482e-01,-4.887914321253112870e-01
-1.012058721536944761e-01,-4.426405169747010815e-01,4.682636269913835747e-01
-1.104236124799025109e-01,4.181308395018826785e-01,1.987976539103960549e-01
9.186417335982799415e-03,4.993379865725643407e-01,-3.054404365973801827e-01
-1.360157361114577856e-02,9.846011845173863186e-02,-2.191836074070160345e-01
-3.218059556111929620e-02,-1.100254968619299722e-01,-3.851487883269478774e-01
2.937544321060582275e-01,-3.506161031350618629e-02,2.043149979857948884e-01
2.148657750966364022e-01,-2.296768512494863357e-01,5.764641849793550321e-02
2.293969256565645543e-01,-4.302528839855295217e-01,4.747871126386518092e-01
2.966217696656351377e-01,4.633793010617776043e-01,2.511903738006801001e-01
-2.668252046998738081e-01,-5.487241566602030218e-02,-4.689735048187523292e-01
8.342277112356577540e-03,-4.001479952049599165e-01,-1.290828660266162276e-01
3.440635208296203285e-01,-2.327279584105202970e-01,4.641351208335161571e-01
-3.652646670280697005e-01,-4.726597538802331799e-01,-3.891195889224993154e-01
-2.014740282509551728e-01,1.912806883932312019e-01,7.508420426142758952e-02
1.325506460631835637e-01,-2.649721843091520368e-01,5.109425692024227583e-02
4.664767115848198475e-01,4.384997700499509987e-01,4.575286533963027757e-01
-4.631609052162144469e-02,-4.100902185222443652e-02,3.682345171912215775e-01
-4.791628239788567889e-01,4.414612174536007849e-01,4.652968881641784682e-01
1.531187326905460999e-01,5.797427288017953373e-02,-9.935202070063331448e-02
4.461186256886928714e-02,4.658984332769690040e-01,2.586383208105377252e-01
-3.117607802309391163e-01,-6.650972961283041496e-02,3.184856639518400812e-01
-4.729810029450063347e-01,-2.315702583279783955e-01,-3.338768531393573324e-01
2.652557807894595499e-01,-4.760883613475526133e-01,2.342639282035947623e-01
-2.630362104187856653e-01,-4.855865445654927726e-02,4.811069834274016577e-01
5.267336128599720002e-02,-5.976807525371008456e-02,-2.934221180682058394e-01
-3.303021773141467943e-02,-3.022381462418121112e-01,-3.809564561322753562e-03
4.773308660611991217e-01,-3.733499725722103646e-01,4.586468949490617453e-01
-2.697988313534016580e-01,3.168806375053825342e-01,3.183693585283019489e-01
-3.785826534237740626e-01,2.790398819605147684e-01,-4.720447018299848141e-01
-1.311689416382870732e-01,5.306629907863325002e-02,-4.671669465278632805e-01
-3.498464704942987336e-01,-4.729817668394828978e-01,-2.734500174620161372e-01
2.338036730608804570e-01,-1.247492379817559671e-01,4.925789469497748874e-01
-2.044491551343915470e-01,4.605816671134226326e-01,3.790683443448987777e-01
-3.791700592277352788e-01,-4.943954849845703103e-01,4.554856746368096676e-01
1.189865516225211417e-01,-1.539095462934783054e-01,9.937759405904034171e-02
-2.019201844693779835e-01,2.793791643798655411e-01,3.378003339480981637e-01
1.300327138360880541e-01,2.495024069627569396e-01,8.337912811430914228e-02
1.016763953527748399e-01,-4.145943134541925090e-01,-1.896447001903059926e-01
5.811354791336553749e-02,2.892706514393598161e-01,6.383709032196593913e-02
-3.458508897539220861e-01,2.142026055350930713e-01,-4.972071311378780667e-01
-4.050876190513332809e-01,-1.806011674754378626e-01,4.599241433491629838e-01
-1.064518345774531083e-01,1.839968646317531320e-01,4.435933582707983769e-01
-1.621211664748739567e-01,-1.687845552629837487e-01,-4.709211578223226891e-02
1.477778054336782443e-01,2.457360956308907163e-01,-8.793612798469441216e-02
7.159654517690183795e-03,2.208594905653771256e-02,2.590725765258216073e-01
-2.574340129414350864e-01,1.510918981469778766e-01,-4.926590304486518912e-01
-4.553777143075502520e-01,-4.654829992107707426e-01,-4.512467010378954368e-01
8.108966971365816345e-02,4.785780790060411016e-01,4.915379768966345875e-01
4.380645194083737648e-01,4.285495927310907227e-01,4.885864285162951903e-01
-3.574750158521959875e-01,1.404262893280503466e-01,-4.496653534082739601e-01
2.012240470672476134e-01,5.053101654265645948e-03,1.191309490825132045e-03
-9.719602406946836748e-02,3.147233476427380161e-02,-1.235481105211082564e-01
-3.433309069890763121e-01,-4.683707619496052521e-01,4.435639511346952668e-01
-3.989195345349344501e-01,4.889863945675082535e-01,-4.871514827614419341e-01
4.441052854100475678e-01,3.214579170257051421e-01,4.811392311229425456e-01
1.362350396674396613e-01,-3.466794834948584425e-01,-1.253498565267513465e-01
3.044636232486841454e-01,1.045048020000792777e-01,4.855323639314622630e-01
3.762388465028896345e-01,1.761319126788504219e-01,4.943693223149202565e-01
-1.893478985673866521e-01,3.062138916561106816e-01,8.565428183477608037e-03
2.639749805317141984e-01,8.724784386517359103e-03,4.963090224773899495e-01
-1.767599813868679925e-01,-1.423772427837027843e-01,-4.405082914218929613e-01
-4.927711112634390878e-01,-3.391172735634989666e-01,4.754794893731707495e-01
-4.022943744619964512e-01,-4.530248686930213875e-01,-3.691407996697191329e-01
5.243636311998856048e-02,3.507185132480912237e-01,6.704919608141823861e-02
1.833290135254707076e-01,1.691916988191237703e-01,2.282420663145912076e-02
2.469475339389561874e-01,-3.449449306569016827e-01,4.745683573049616077e-01
-3.951186208599659633e-01,-4.589836524431817333e-01,-4.607819488882786141e-01
-3.693149188313374909e-01,-9.695747549680622246e-02,4.951932305799485734e-01
-1.726482937988539357e-01,1.499870078321505762e-01,5.548473245073604065e-02
3.270606983013774061e-01,4.913471582257439296e-01,4.977065715561594939e-01
5.526704257473080695e-02,-2.778544799110144181e-01,-1.080317272578104060e-01
-3.610088566233643492e-01,-4.772796920744197813e-01,-4.857143626285473914e-01
-9.761845110772826573e-03,-3.955767491734790697e-01,-1.430507681134074449e-01
-5.351278284456773005e-02,-2.795095520162729219e-01,-1.324837570262945574e-01
-4.445091141376403820e-01,-3.030543389663370446e-01,-2.961971363134600077e-01
4.321067794651933802e-02,-4.836849100592933715e-01,2.177420831179942562e-01
-2.537885988128575354e-01,1.443101430503020977e-01,-4.683263027956739988e-01
-2.381458953386119681e-01,1.271307794673186553e-01,4.953981154970770184e-01
-3.796751313077244561e-01,-1.742500338139113536e-01,-2.689786046473171544e-01
4.988028654625356051e-01,3.850040887477128582e-01,4.979586493680014936e-01
-4.118962870601940995e-01,3.407523491447536079e-01,-4.791851660579110606e-01
-3.753384647325871404e-01,-4.773680505233107718e-01,4.341394574147654506e-01
-6.037352147172447836e-02,-2.745521299120409209e-01,4.404500731873585151e-01
-1.455043123156967155e-01,-1.827513604369315203e-01,4.669384688949889117e-01
-7.497634929644514390e-02,-1.835310229244405678e-01,5.485880524274111547e-02
-1.865734687490776533e-01,-1.122180850687761744e-01,1.854415927679938791e-01
4.211961439085301073e-01,-4.293365834376268175e-01,4.461239610182137216e-01
-4.540270432136326306e-01,-2.636447579336651525e-01,-4.247396945951595892e-01
-4.416816995152625935e-01,-4.629170726828953919e-01,-3.875948701173732580e-01
-2.368011462106107690e-01,2.060364298627515023e-01,-4.791736135105385541e-01
-1.877774280641975047e-01,-1.368057977129168989e-01,1.868848760765052797e-01
-6.440273739147850396e-02,-1.904211288578095962e-01,-3.932343087128526982e-01
3.223213466050952603e-01,-4.587760973389384267e-01,2.586140349914218817e-01
3.848144436943895519e-01,2.793990175573114465e-01,4.066558543789449143e-01
-2.162872934989668039e-02,2.459753405826921036e-01,3.168479510470340044e-01
-1.780159270673518090e-01,7.579358166380889550e-03,9.720325741165791733e-02
-4.115030925538615270e-01,-2.289909818393186525e-01,-4.526070519563856198e-01
1.635895369660369525e-01,-9.100257375769726931e-02,6.146353926333403273e-02
-1.690335832802078997e-01,4.736214602820749686e-01,-4.657030509437359855e-01
-1.686704305053334796e-01,4.240788437361363572e-01,1.622059379419708014e-01
-4.274538247532753132e-01,-2.515158690233618710e-01,-4.743681451758979817e-01
4.424058726094475258e-01,-2.488429087222205904e-01,4.911462290650581153e-01
-3.719960122583308992e-01,-1.332275574310155530e-01,4.690082159068578171e-01
-3.130645123500117588e-01,4.740265212455546662e-01,4.355289436631356592e-01
-4.911354031961457922e-01,-3.240596116291037943e-01,-3.714608394556976334e-01
-4.492856299676352139e-01,-3.004256489653825968e-01,-4.466494844161978950e-01
5.664076238736959201e-02,-2.641853888517086135e-01,-2.669085965105140179e-01
4.079408147025854747e-01,4.891082050609192322e-01,4.927055243162534737e-01
-4.142397816552751966e-01,-4.568013478978275588e-01,-4.098323776766564785e-01
4.851090890858104077e-01,-4.531910573160247147e-01,4.917696004552404299e-01
-4.080780609237766310e-02,-4.934280096852871056e-01,2.427930434678721161e-01
-2.953629117199264575e-01,2.662064713672754879e-01,2.623273539800276000e-01
-2.516933787068259543e-01,4.061466650246167154e-01,1.875158314407316951e-01
2.527081583852464064e-02,2.568165969382253389e-01,-3.024931537884212318e-02
-3.462713971431755633e-01,-4.653398215556472373e-01,-4.983729134440266773e-01
1.810448874853820556e-01,1.468563563037446063e-01,6.754203088320354098e-02
-1.422542716692419829e-01,-2.040387419956228854e-01,-3.915524826822902593e-02
8.117926916156914530e-02,-1.940171283828443505e-01,4.764143295762205410e-01
-2.899292512462521287e-01,5.876159679864101371e-03,-2.703191029052465222e-01
-3.040982005646264419e-02,-2.142477017996157196e-01,-1.670985494759775758e-01
2.216710374133282757e-01,-1.904576623803022617e-01,1.676984796386076226e-01
8.033658035787027973e-02,-9.729704078944034773e-02,2.128815892988772385e-01
-4.539256312558237472e-01,3.292967594160198797e-01,-4.428285558594026172e-01
-3.367152379749934754e-01,1.509140326808396937e-01,4.100155991209755157e-01
4.231633155259749701e-01,-3.760219066798362597e-01,4.981668744450372666e-01
4.722821400887001753e-01,-2.643785335066752840e-01,4.598428637818173792e-01
-1.641321848165807618e-01,-2.913110202879432009e-02,1.004625065751667545e-01
-1.551845111715809411e-01,2.142160061846538621e-01,-1.756693278986098949e-02
9.167267060514749932e-02,4.976742386788270966e-01,-2.280711400059072247e-01
4.444801402187614769e-02,2.921722498371812637e-01,4.838410357191628153e-01
-3.193574868059234628e-01,-9.124293097418645360e-02,-3.214354768829705833e-01
-3.998533362609990593e-02,-4.662564241675092314e-01,-2.717564554705913515e-01
-3.359126563467910165e-01,-4.691455679716977079e-01,3.570149567865271711e-01
1.651313889455451323e-01,-1.418710810156645907e-01,4.202312197487567680e-02
2.984800829658106336e-01,4.528741792183446080e-01,2.738863864671209347e-01
5.843626153704450932e-02,-4.971860260532411369e-01,2.796323636913349286e-01
-4.611951125379869509e-01,-2.132825626658982898e-01,4.952359992770213326e-01
3.478440384874298408e-01,4.665462324577377418e-01,4.166792706046749117e-01
1.538414527877824955e-01,-7.859723548744534938e-03,9.965997967197104401e-03
-4.533156384694233543e-01,3.691156897581124863e-01,4.832302576731610788e-01
-4.734162128812010595e-01,-4.981238137486242445e-01,4.826553886844789920e-01
2.724271865346987731e-01,-2.821123584628582037e-01,4.741312253256610987e-01
-2.029590700521128888e-01,3.172416052242621465e-02,-4.912027107584416852e-01
-2.464765553991954405e-02,-4.875048875993721609e-01,1.622878821404677430e-01
