9.728177667398574258e-02,2.845699230793896639e-01,-3.080067576945642038e-01
2.410133065111630390e-02,4.136419017602661619e-01,-1.144976074216568218e-01
-2.847538226683541396e-01,1.261737561956584042e-01,-4.364058160072951109e-01
2.869456156373508815e-01,3.129740760087187379e-01,4.894771377160240799e-01
3.348973490935344133e-01,-3.563454849956302350e-01,-1.554048442762301363e-02
-1.421411092827797873e-01,-1.495986824936781368e-01,1.100461788937100449e-01
1.896649614392039718e-01,2.768201802149132806e-01,4.056889152005963561e-01
1.595487406799738217e-01,-3.784002435911485440e-01,3.305473586540198516e-01
-2.400461068666185360e-01,-3.106870160182687579e-01,1.506592205695134190e-02
-1.361049598812921202e-01,1.716785030348506602e-01,-3.129648179513200290e-01
-1.014840927679233618e-01,-1.851468245474774399e-03,-1.929030753303384582e-01
-2.635479716817306084e-01,2.064061710396161153e-01,7.701134444963497749e-02
2.949967933551507215e-01,-3.474811574390666014e-01,2.303690650285681318e-01
5.298093675888460030e-02,1.706848356212919970e-02,2.456817729604821032e-03
2.089743077299519580e-01,-5.853300287016660608e-02,2.725920451651220322e-01
4.271213697178281032e-01,-2.985113862799484430e-01,3.927413481223780423e-01
-4.139224011495028499e-01,-1.858363121825726827e-01,-3.963818963198811884e-01
-1.364835279288447722e-01,-2.980868355529439073e-01,4.671414638625022153e-01
-3.422309217954120353e-01,4.051164746809783335e-01,-2.498707253693338570e-01
2.615087825844090164e-01,4.070812526658229569e-01,-4.826251735366071660e-02
2.606734383510325159e-01,3.936316205137823099e-01,4.849130203284048868e-01
1.747663573612157073e-02,-1.725970114009800493e-01,3.057424919095292903e-01
2.552003823559088058e-01,1.183766220184573337e-01,-5.439876692704381789e-02
-2.333255644453698929e-01,-9.642581203437461390e-02,4.315097159692130591e-01
-1.730516863001489991e-01,4.946331550706901670e-01,-1.399222675573774666e-01
4.576054319154720940e-02,2.460839829882413010e-01,3.126799027059560254e-01
3.509269884208872092e-01,4.866193607156152900e-01,2.053484293029957941e-01
-2.617030522962390249e-01,-1.146858561324665127e-01,4.552481349625122631e-01
3.475353671042908932e-01,-2.782429579946494869e-01,2.052862442934166864e-02
4.143201620509516792e-01,2.289198279418588333e-01,4.129614961170787746e-01
-7.627766272746527854e-03,-6.382201515185537133e-02,1.708212011561015542e-01
-3.987951640134755893e-01,-4.578481070548816589e-01,-2.214208957775055664e-01
4.067658650404273324e-01,1.271070312253750334e-01,1.572658902903792955e-01
-3.236973678074628324e-04,2.953738976811159933e-01,-1.344791680224965980e-01
2.475779113329225067e-01,1.080053661778347385e-01,2.101567785467113314e-01
-2.125909913085954894e-01,4.452745198772319890e-01,4.895786654561992135e-01
1.124193918483865628e-01,-4.117870604468256701e-01,-4.688732466745271221e-02
2.354408388024958887e-01,3.814085260047348491e-01,1.466553195531096199e-01
6.876438199568390974e-02,-7.156553690544908974e-03,1.953973538654850683e-01
9.133326785349171750e-02,-4.254334709570126716e-01,-6.517650110340855729e-02
-1.431277958784625826e-01,-1.028011897346736703e-01,-3.153697847895641226e-01
-4.015240637864397888e-01,-4.605962379470823764e-01,-4.402375713696797810e-01
2.161783268464156915e-01,-1.990857677975854667e-02,1.191139905062188475e-02
-1.599675676946055169e-02,-7.448027801307899320e-02,-1.958052436728504597e-01
-2.735152477965352436e-01,3.609221272428435601e-01,2.870704058159413430e-01
2.394829184025417668e-01,1.210372263593689768e-01,2.316414300676894467e-02
3.984808557665976414e-01,-2.994878484012083453e-01,1.338187867041257251e-01
-2.012501321698864087e-01,-2.014378316310205808e-02,3.837207552617958317e-01
2.803600592265560465e-01,-4.179954565918392317e-01,-8.549654920886917697e-02
6.310688312666346000e-03,4.302211684097242417e-01,7.745524693659922022e-02
-3.612109975105938231e-01,-1.423977241714633468e-01,3.263667906065024216e-01
7.597970542604093325e-02,-4.866105277609578117e-01,-1.726915704882100444e-01
2.303470299912557806e-01,-1.191039324137099786e-02,3.194548946497233199e-01
-5.346913028142719071e-03,1.895967404556514468e-01,1.733054461026820592e-01
-1.957400629855118313e-01,4.852894116988532014e-01,-3.421624522041112337e-01
2.512290277237069214e-01,-4.080653589954723603e-01,2.216355421647046020e-01
-3.296735241026802488e-01,-3.934249711385494619e-01,-3.744629237040429937e-01
2.547411284953459143e-01,-4.413036768327641690e-01,-1.475316624489219075e-01
-3.122908099093445466e-01,1.254113621508947674e-01,-3.537524411663036661e-01
-2.583960103937217312e-01,-3.046462272426997409e-01,-2.492549413646683032e-02
-2.076244718463117200e-01,4.851120856890831501e-01,1.204489464225627637e-01
-1.742638329705800126e-01,-5.672880059535101438e-02,2.816645114347446910e-01
-2.777819882602949875e-01,-3.531292544723479976e-01,4.221102823798237313e-01
2.288803445569645989e-01,-3.260329925592183598e-01,4.611778773122520159e-01
-4.167123973511680513e-01,-4.881237446247992384e-01,-2.495303235502707162e-01
1.188636740360005106e-02,-2.830864305093881983e-01,3.066344470238855369e-01
-2.043685600041696970e-01,-2.832848978010338303e-02,-1.442957639936770509e-01
-6.424907498483778401e-02,4.461961710916743096e-01,4.422488184951673951e-01
1.253079691961129782e-01,-1.516897420346385861e-02,-1.984968565424707343e-01
9.050382962452419022e-02,3.214602136308981617e-01,-3.299772013455435360e-01
-1.613682950390500359e-01,3.350119905352028082e-01,-2.321861916828671379e-01
-3.696046527405670856e-01,-4.619888186197302904e-01,-3.738859282310310617e-01
2.114761068967141444e-01,3.220159498537199516e-01,2.376219341180858535e-01
-2.455613312489247635e-01,4.386433260831501535e-02,-3.905555598909000725e-01
1.060142789462803492e-01,-4.594535657894358582e-01,-8.393710888157934757e-02
3.636211229099783893e-01,4.850781324701878283e-01,9.799427027660723155e-02
-1.523117978658871108e-01,7.692906992238168762e-02,1.354322347936549598e-01
6.561130788603053432e-02,-8.804543550788423989e-02,-2.557686014685618403e-01
-1.152178666693842723e-01,4.917831791100585326e-01,1.549677372124765862e-01
1.730807114698109661e-01,1.605793400187105480e-02,3.489691527091972612e-01
4.190179319363780408e-01,1.412077075035875762e-01,3.037970089202383095e-01
-6.513703328043385365e-02,4.210811818521047467e-01,1.485770745808449034e-01
4.096794166665223003e-01,4.718278969791838140e-01,2.939978062947801174e-01
-3.013031779715785730e-01,-3.470808264658784559e-01,-4.940978695532168841e-01
3.398370310292420093e-01,3.802459138732976474e-01,3.204718612658208343e-02
1.290643928059289625e-01,-6.662771845321802111e-02,-1.153509745613640058e-01
-3.559883129504786137e-01,3.388616504364601045e-01,-4.903426564923414332e-01
8.676502323529844407e-02,1.391570981065595181e-01,-2.678106856155715310e-02
-1.195044951081808415e-01,3.405039727032904695e-01,3.396888605172909692e-01
2.105530086433976544e-01,-6.177534330061729140e-02,4.501779634234912564e-01
-2.301845620564031414e-01,-2.344878131317116310e-01,2.701420033126314957e-01
-2.472627393355418812e-01,-8.819241267122746031e-03,-6.409522720990090683e-02
7.077570804025612450e-02,-2.003245068740933110e-01,5.779867381574732565e-02
3.470915389675045537e-01,4.371085881346004065e-01,1.311957882074851200e-01
-2.878449501684465783e-02,2.692852755467639581e-01,3.752947436706044471e-02
-1.238522226089333600e-01,1.507359617857134682e-01,2.578743813008993468e-01
-1.710804146192763664e-01,4.681983502374701400e-01,1.146621570070407437e-01
-3.675528793785864945e-02,-3.656191558891962456e-01,-2.444180998042495556e-01
-3.037137446273777686e-01,4.724067624061607518e-01,3.991128507022838612e-01
1.945215175059958890e-01,-3.896378077334740064e-01,3.892516068740303758e-01
-5.258289067345700563e-02,-2.581813530502492515e-01,4.604781587037644064e-01
8.410909027317281517e-02,5.447751769955266887e-02,-8.343857017433031764e-02
-2.684124847727217267e-01,5.678467984642610045e-02,2.388624596434216762e-01
-4.036471218655041104e-01,2.484423524829175722e-01,-1.977369624493394706e-01
2.151075123112170528e-01,1.643419954380542780e-02,4.422838189928157693e-02
-2.494846828047447840e-02,-4.253165432313188443e-02,2.378256621526175785e-01
3.442611991445729824e-01,3.778899607266228422e-01,6.856263422420527665e-02
2.030989286114585068e-01,-6.997896513652790418e-02,4.408005911976096147e-01
-8.618751351231834779e-02,4.496039045425995750e-01,4.856283468089929167e-01
-2.304636518624230135e-01,4.639530971234989698e-01,1.432933710966342034e-01
1.503233412382931622e-02,-2.097139340932996365e-02,2.069720158492432960e-01
-1.826327606740709708e-01,-2.085380207365528094e-02,2.249030677710449622e-01
-2.647314755700986844e-01,4.823579612461456056e-01,1.337559309329152679e-01
-3.981942147795501930e-01,3.867249704961388534e-01,-4.718875960926764979e-01
-8.514369971654334179e-02,-3.709074053120876568e-01,1.485933876274739829e-01
-1.146881973490497808e-01,-2.188344283496028719e-01,-2.379048368004735847e-01
8.192372253965207740e-02,-9.903291821879567358e-02,-8.897193128641123216e-03
4.070806569046033774e-01,4.974790562548877526e-01,4.236797344502795104e-01
-1.121639977122748100e-01,-1.995139585454196451e-01,-7.844204834343448951e-03
3.042738431442164604e-01,-2.837905871383757939e-01,1.818973093778705197e-01
2.045620204477189841e-01,2.834701755359523290e-01,3.565638665044994493e-01
-9.248440190976014996e-02,1.110241235615542221e-01,-4.383966800815444209e-01
2.398861511068971497e-01,-4.310699199926637526e-01,-1.130459833066039810e-01
-2.683180235966904359e-01,-2.841640744663787022e-01,-4.702367310624451235e-01
-1.416145537202849747e-01,2.046941143282154929e-01,-3.772128012087616611e-02
-4.996195628443478309e-02,2.087568199204805630e-01,-2.826127011625956253e-02
-2.448437104384064700e-01,1.194496447508452963e-01,-4.573458837700639101e-01
2.373098216857010279e-01,-2.747826520077084611e-01,1.544743956402147012e-01
2.430690761211400375e-01,-3.549200893954421732e-01,4.556287677512947942e-01
-1.128686277869568322e-01,-3.258069891227675097e-01,3.984028057292805514e-01
4.261899678986302842e-02,-3.381018397781431206e-01,1.342632783876633873e-01
-2.900563228471547683e-01,3.800211483807310886e-01,3.786861712183164919e-01
-6.558260430502560467e-03,-1.893191951619325186e-01,8.324899846587396901e-02
3.579083882082945145e-03,-9.167012717981148917e-03,3.995158636028521837e-01
1.677431768913696386e-01,-2.381673565274412541e-01,2.662895000617776509e-01
4.177239327863258023e-01,1.385021963135562029e-01,3.093552404295133451e-01
1.401977984357805074e-02,3.245517214425397423e-02,-2.902627520962591801e-01
1.280428181999040405e-01,-4.080809836359223786e-01,-6.637225500843113579e-02
-1.984963587147122732e-01,-1.281685026517378478e-01,4.129413060345635822e-01
-2.750616350284651457e-02,9.159636530309434033e-02,-3.206007846902182434e-01
-2.549886422547750220e-01,8.856759083104814856e-02,-4.283641758503397012e-01
5.276459232081887052e-02,2.928151878560373289e-01,1.426558711271680435e-01
-6.739121719440788194e-02,-3.954134500996318025e-01,-4.370418761110583805e-02
1.863479975665246480e-01,2.744991182993510304e-01,2.972306145400218647e-01
-3.346178905301301354e-01,-2.370809816063778053e-01,-4.567519703091393879e-01
3.915644313732401516e-01,-2.413784340959703734e-01,4.428349951219607838e-01
1.849316314136173478e-02,-2.024982891243134464e-01,2.462126246147683384e-01
-2.147049884448486434e-01,2.826681632530998467e-01,-4.842975821715763685e-01
1.685725264649606814e-02,-3.836138848401864365e-01,-1.343967150810898570e-01
-2.707982573288955086e-01,3.785478591317749109e-01,-4.703935082190423556e-01
-1.236051591739367739e-01,-8.609647693777000566e-02,1.514131278774738520e-01
2.267503124703140749e-02,3.018246848756928058e-01,3.705383466753711108e-01
-1.436092529464273460e-01,4.817271920350113534e-01,-3.157645398730597464e-01
2.446323316396160630e-01,1.265709981595655176e-01,8.574225402807655882e-02
-6.140549205570067226e-02,-3.912790608498173395e-01,3.609987938823451259e-01
-1.629625960096747761e-04,-1.435883706001981341e-01,4.454691089633832091e-01
1.734946120422613536e-01,-4.285171404999764677e-01,-2.406425456439386101e-01
3.323386403413164381e-01,4.697172221857606189e-01,4.801000344410268905e-01
-3.875900823580697985e-01,-3.623782857373728516e-01,-4.610767318308925944e-01
-8.720928688786488969e-03,4.349078407815892833e-01,-3.483364902918698602e-01
-1.370139310640274832e-01,-2.958141824279257870e-01,9.947476847569802771e-03
-3.869722199647780414e-01,-1.405315488619892639e-01,-3.334210437947442429e-01
-2.651391882450723214e-01,2.142376255129410101e-01,7.020617877942991747e-02
-2.903119299372713957e-02,-2.258333219418992011e-01,2.904730591580968468e-01
-2.910149286149507075e-01,-4.123423480286806386e-01,2.368497943712563059e-01
-3.831713563008376511e-03,-8.509982097000834411e-02,4.141335414976132778e-01
2.335284885911605990e-01,-3.164874848560761400e-02,2.313031930265249114e-01
-2.670263937337625793e-01,1.466563030141803115e-01,2.172273101261371631e-01
-4.179336027051254732e-01,-2.990260570311572552e-01,-3.137287631772189833e-01
8.164555979611565206e-02,-2.561358008608778380e-01,-9.751693437088815308e-03
3.198967697256167586e-01,3.745864847331585867e-01,-3.966618250563447301e-02
2.174012381630276991e-01,-6.908143313197223634e-02,2.585693519153819953e-02
-1.968374348752981451e-01,3.215440050173652420e-01,-1.912170412372712347e-01
3.587657139416706720e-01,1.369026080314388327e-01,6.206838729134633859e-02
3.060684989107427256e-01,-4.001334278123380717e-01,1.831477015595629476e-01
4.227245046993463040e-01,2.070271814792511433e-01,3.585799612458713259e-01
-2.475706939960861108e-01,-1.916088252372903922e-01,4.467148139100113324e-01
3.425125653864485864e-01,-2.176391186846426962e-01,4.879973832438997405e-01
1.127182164275641885e-02,-4.506849087679501986e-01,-1.111886695685552207e-01
-7.686244629056115940e-02,4.018367927355595004e-01,-2.990806536786135839e-01
-4.051906670487609441e-01,-4.673087749729296636e-01,-2.491938193727375461e-01
1.344480079787722104e-01,7.488958310128512874e-02,-1.326378389392709467e-01
2.673895421882678258e-01,-4.015372580922550450e-01,-1.262003803749439657e-01
4.048110379490194033e-01,-3.482940600626358574e-01,2.770419595710885696e-01
-8.759782075055122519e-03,2.033386043945517585e-02,-3.571046422060321079e-01
1.237048231006780963e-01,1.195117663085979443e-01,-2.627671319757585167e-01
-2.435913841655612533e-02,-1.339052766183612686e-01,-3.447228459974770454e-01
1.895779846603380392e-01,9.886947580566629590e-03,-1.820791620948426504e-01
-3.657085092020595507e-01,-3.288059072160315344e-01,-2.772979093092585723e-01
-1.758903617611734527e-01,1.092519460604352011e-01,1.365172233246930711e-01
-5.390740309670860597e-02,-1.315488809845276608e-01,-2.192528188122527810e-01
2.583207041495094725e-02,4.179382153508429676e-01,-3.145353453979767844e-01
-7.635613874022073588e-02,-3.896412335749559475e-01,1.719005724681733627e-01
-4.329690443688734014e-01,3.415467740856223955e-01,-4.545433926959078219e-01
2.719925292108931192e-01,1.320797090766961945e-01,-1.020079930670365620e-01
-2.547981903032386919e-01,4.844793338446469200e-01,-4.106598536344214789e-01
-3.922612730233558942e-01,-4.478020977417448423e-01,-4.720476495586957144e-01
-1.430016441874720767e-01,4.745681333147646619e-01,3.135429553905558775e-01
1.308404421933666573e-01,-4.725974349620247761e-01,-1.423624785743490273e-01
-5.232953761524661296e-02,1.102414092838245319e-01,-2.561238960828393640e-02
-3.249287187326022064e-02,4.626694938951896319e-01,-4.049992053922126800e-01
5.835495232557852407e-02,3.140361817920012122e-02,-3.336411692927951922e-01
-1.954924346495586773e-01,-2.487976307867393322e-01,-4.192390408165090898e-01
-1.936091669329720322e-02,-2.501070291621977359e-01,-1.298549862586440007e-02
-3.724996129494362318e-01,-3.366947053748806651e-01,3.134493550361155956e-01
-4.309579071269296069e-01,3.295726527569767805e-01,-3.460819453667494106e-01
-1.626130999710057035e-01,4.786930633120755063e-01,-9.825048927416979438e-02
-1.262388462262304945e-01,2.599900061598772183e-01,-2.408601309356213083e-01
3.458408353519526468e-01,-4.263027095015826662e-01,3.475122908003969169e-01
-1.049576508411442788e-01,4.863521093322488165e-01,-9.165833113259180820e-02
-3.296752450609353735e-01,-3.888603722164420962e-01,-3.173834500248304824e-01
3.214135364729732158e-01,2.130007651561870441e-01,-3.777166746176841006e-02
1.843014682695267581e-01,-4.490904404321766075e-01,-9.085316045421254483e-02
1.126544966082714261e-01,-4.696852470240904243e-01,-2.694774878646767347e-01
2.494261895749285696e-01,2.899175872690338274e-01,3.335448882476232946e-02
1.824701780257845796e-01,2.598197132983965929e-01,-1.923814312004943350e-01
6.823390490269787279e-02,-2.346189968098177925e-02,5.116471026237578990e-02
-2.393904050677518880e-01,2.985226064485653197e-01,-4.625729741918690463e-01
-3.782654556092024389e-01,4.273047800042290012e-01,-2.151940965036172049e-01
-4.111471900203521601e-01,-3.658833603265371215e-01,-2.494476131170785260e-01
-4.242525303500758183e-01,-4.615508098170681972e-01,-2.348034761030358686e-01
-1.853223934834491438e-01,1.576531590009344619e-02,-3.504128817849421207e-01
7.943909434740048514e-02,-4.770360621979160554e-01,-3.092873912935695246e-01
2.619346327116101047e-01,-2.662598113841584402e-01,-1.310418303886833336e-01
-3.242207696530677863e-01,4.547997281692368610e-01,-4.228079241279760758e-01
-2.846348766754194237e-01,-1.215218686348841226e-01,1.109363493373556331e-01
-7.226314969445635228e-02,-3.271291851302502440e-01,1.934624467249435043e-01
-3.915357139665670561e-01,3.368428714613844743e-01,-4.410285960271334016e-01
1.588637079598613777e-01,-4.309894897607087216e-01,3.302958429699093257e-01
-7.573725684367982325e-03,-1.780069364119665210e-01,9.123726430411738253e-02
2.851763880426092523e-01,1.451607605383529176e-01,1.531753389063210680e-01
4.633043689278981692e-02,3.194842314735035771e-02,-7.895337371883515143e-02
2.866750434816678350e-01,3.437840559215842307e-01,4.941378559868313536e-01
-1.072834677934682013e-01,1.014625148024546064e-01,-3.363573996879538619e-01
-2.785417349481041915e-01,4.694516833516350074e-01,4.640882229065054210e-01
-2.952281069362981958e-01,4.470564732061466096e-01,1.756000020910418735e-01
-2.144497457939086305e-01,3.670577693650994844e-01,-1.451127370620377555e-01
4.827163695813818656e-02,-6.371676764246358982e-02,1.081043385833551085e-01
-4.285072817647930243e-01,-4.552269261291566060e-01,-4.683836087438948415e-01
-4.170104002590744319e-01,3.828889309768381821e-01,-3.272627408401661553e-01
-1.876824054441544876e-01,4.751552022983879242e-01,-1.110707585399758335e-01
8.641777224725299966e-02,-4.560325658401378490e-01,-2.892574557851892436e-01
-3.675538361016520428e-01,-2.957641461645149628e-01,-4.556257951971302012e-01
-1.495464004682104386e-01,4.540954362069847816e-01,-4.375961159842076675e-01
-4.249806266376310315e-02,1.285913538927481170e-01,7.284706721183997757e-02
-1.382325246579124700e-01,4.863959730726833408e-01,-3.704472068011704922e-01
2.893111919257503883e-01,3.830649682871984929e-01,-1.009858230330350493e-01
-2.848084685697176432e-01,-4.179589032650349312e-01,-3.762503262796125236e-01
-2.328000764951152490e-01,2.367119788563118998e-01,-4.731129256169939179e-01
-1.248251596785249218e-01,4.890621003373984976e-01,-3.900256724227186833e-01
3.807948776271101732e-01,2.135765135993235031e-01,3.944598067448786827e-01
-3.359576944673342558e-01,2.104654216288571744e-01,3.924106152288302507e-01
2.891484911580082251e-01,4.304270683882995829e-01,4.836675247981160330e-01
-2.578254704596302238e-01,-1.804501509074958321e-01,3.666277754995439508e-02
1.652012181246130806e-01,-7.090524262240971431e-02,3.700421628362972060e-01
1.189204733880996345e-01,1.235789961075506316e-02,-9.071487518182186349e-02
3.667685099158202178e-01,4.720345105730775481e-01,4.356293554582563177e-01
-2.168694307678240563e-01,1.381441858114405008e-01,-4.412893850113005501e-01
-2.643326722348007252e-01,-3.730033098004056358e-01,-4.509620264688725122e-01
-2.140224782920550073e-01,4.980126452992614805e-01,1.159341282709854815e-01
1.157226161938440523e-02,-3.156396190044001848e-01,-3.886841336822152160e-01
2.589355635887460316e-01,3.997225624602891436e-01,9.863539685628308629e-02
-8.945502639327529426e-02,3.699278809999114737e-01,4.933163555091562014e-01
-1.072973518469002574e-01,2.221733735808294474e-01,-5.890592335002320379e-02
1.538979667424201780e-01,-4.725602435427124215e-01,-1.810514957045822326e-01
-4.294651055817484409e-01,-4.898646756000750724e-01,-2.215802661855632572e-01
-2.779182563341786594e-02,-4.377972039364269596e-01,-2.815222679302823439e-01
6.223301067632125427e-02,-3.090596656180916169e-01,-3.506310907194083448e-01
5.874386377269014137e-02,-4.268678670379313367e-01,2.072021218749535709e-01
-4.272960596100681130e-01,-1.642325512561088052e-01,-2.487031104150856375e-01
-2.663319346315287106e-01,-2.925020781150001747e-01,2.311482978093184482e-01
2.519295246564456914e-01,3.820805026272441340e-01,8.887586931227242637e-02
-3.836255527157939049e-03,-3.302792049327563095e-02,2.635609143242234609e-02
-2.196685438414966995e-01,4.885966837216343395e-01,-3.560764147860310258e-01
4.715081036210477805e-02,3.128347156037372123e-01,-2.016144244456058443e-01
-1.390340874474365052e-01,4.489829057862160244e-02,3.179483459707489468e-01
-1.647518959448469600e-01,4.839002277826602860e-01,-2.310714534447182444e-01
-5.912608082382153629e-02,2.913746119049762662e-01,4.760261244043860751e-01
-1.775824054051970968e-01,-1.981692107150517801e-01,-4.370823500670008022e-01
1.995807940221187016e-01,-4.136124151269530147e-01,2.838773665968907789e-01
4.141683247303074022e-01,4.923031903970696010e-01,3.931031444971093691e-01
1.829603370157473208e-02,-3.909883428005760386e-01,4.156103928375539658e-01
2.900541615429607090e-01,4.681984672407653036e-01,3.822277924335750754e-01
-1.934238188987122964e-01,4.955633404977554113e-01,-3.388477321895878580e-01
-4.031839620037712679e-01,3.495845190702846494e-01,-1.936161642875421363e-01
-2.118791626303156983e-01,2.182717403401530643e-01,-4.805706663817946867e-01
-2.892640509798949378e-01,2.956783239767182270e-01,3.267532650322899634e-01
-1.685905889477077313e-01,4.399014857695826564e-02,-3.957511435316247717e-01
2.447922514877872713e-01,-1.355832805210870351e-01,4.602971101185884262e-01
-4.261317032025698781e-01,2.412658958212140492e-01,-2.123308220289343851e-01
-2.389438090359741196e-02,1.675977442547280649e-01,1.156700022159147245e-01
2.889059024997145952e-01,-1.432026950611331451e-01,7.668777598024467679e-02
1.412375242772019313e-01,-4.303494838367314390e-01,-8.349464896276037607e-02
-7.818687070413488094e-02,1.137534890615888861e-01,-3.532079517248856160e-01
2.338162706981838923e-01,-3.994218341450160858e-01,1.841591178185505440e-01
-4.075518280481790212e-01,-2.746753346444273935e-01,-1.978295630065981525e-01
4.351220691823198816e-01,3.991204618848241958e-01,3.498437203494174641e-01
-2.738165243467345356e-01,-2.383465955401626868e-01,-4.725889306895590947e-01
1.857971231785187083e-01,-3.892518720372795116e-02,4.175116116154949930e-01
-2.744429596717047337e-01,4.588875981127817916e-01,-3.855144328730802927e-01
4.329979096143835582e-01,-2.998324366160749488e-01,2.924034921839300250e-01
-2.267693957065994859e-01,4.193741283589687008e-01,6.842366867224058957e-02
1.884221411529427570e-01,2.725147457961216713e-01,4.137374326429019700e-01
-3.710812111231900357e-01,4.078765129731871664e-01,3.540685051444895093e-01
6.791660824965684018e-02,-4.919038875835239910e-01,-3.482866014254080156e-01
3.030138066391573348e-01,-1.782813135347655065e-01,3.969341251543438975e-01
8.089027060690401338e-02,-4.872750921059916251e-01,-1.263109576689391833e-01
3.591985178553289693e-01,-3.178858385649301344e-01,4.577029907709452283e-01
2.759352463568635061e-01,-1.117290857265709203e-01,6.218486446691395830e-02
-1.886676218733237542e-01,4.744036600781255109e-01,-1.908454928211253954e-01
4.208130580756567207e-01,1.644140680464286630e-01,2.304055141315293209e-01
6.317270184998713400e-02,-4.637373107791328275e-01,-2.058110593003035227e-01
-2.224923104523074402e-01,6.480271999318187870e-02,1.113377604764551609e-01
4.346753353094621186e-01,-3.226208404124203399e-01,2.792643681634104924e-01
-5.565012461549290190e-02,4.007136039506499214e-01,-4.202386077785509322e-01
-1.244292114478747768e-01,4.916628594417159492e-01,-2.698396846209735189e-01
-3.091366605253567101e-01,-3.261910151759407350e-01,-2.487133245906936185e-01
-3.156364235680919617e-02,-9.333051475510167894e-02,4.110659783704625481e-01
-6.092013737240886684e-03,2.515786770577814746e-01,4.412065732000847174e-01
-4.897318361465108350e-02,-1.761057615151917499e-01,2.694629207258670833e-01
-8.352077670486968142e-02,-2.112144953096999345e-01,4.905336617753758288e-01
1.105470241989279234e-01,-1.578495117212785903e-01,-5.591924217472532543e-02
2.358478477633820791e-01,-4.205853357576906371e-01,2.316753392438745118e-01
2.219533749555233637e-01,-1.290997199731636069e-01,5.192006534398518891e-02
1.240999860791611731e-01,-9.353128422835088607e-02,-1.010723418906843696e-01
1.747702741996310927e-01,2.661323170745809596e-01,-1.756613899982637506e-01
-4.224607769047752370e-01,2.979149491320457477e-01,-1.951204017960995740e-01
1.939199084831115805e-01,4.894571881461950991e-02,-1.106844887089124541e-01
-2.333028104738132935e-02,6.384720974044955089e-02,-4.010811558262321608e-01
-4.260416248242622217e-01,-1.548044824803045394e-01,-2.828581953512556701e-01
2.003818328224986622e-01,-1.715290229560765267e-01,4.324314522863934585e-01
-3.898817851816782643e-02,-3.635550606872350876e-02,2.369202164217453221e-01
1.537743909839731637e-01,-1.684076635557736346e-01,-2.588741016496071135e-01
-3.011659983803486318e-01,2.631672461622140968e-01,1.914900998654983644e-01
3.506659280893013042e-01,2.637016641580898213e-01,4.229886353758801620e-01
-2.456484536456379209e-01,3.572968443538542260e-01,4.799876478289135662e-01
4.244237341788604789e-01,1.899956557282664882e-01,3.948095377276266138e-01
4.171591564960196452e-01,-3.636559274979335177e-01,4.063703328995944553e-01
-8.135092148110190102e-02,-2.998545816731025271e-01,-4.241344785012844953e-01
-1.319928156736842606e-01,4.833166106342583479e-01,2.346947517587071319e-01
-3.464709441497637599e-02,-4.374628954580023210e-01,-3.854483300179896155e-01
3.796453769782995868e-01,-2.555346388447776729e-01,4.519425710867129853e-01
2.888778145666780484e-01,-2.244411866287819857e-01,2.194557183444512116e-02
-2.982194729683428358e-01,-3.393889988562449611e-01,3.137489355718456885e-01
-2.415083156272362919e-01,-5.633896064131926895e-02,2.804055608020582513e-01
-9.396809059849797752e-02,3.811088062647605135e-01,-2.316894529111743761e-01
-5.376842801058545618e-03,-2.082976623430565777e-02,3.317220963873347417e-01
3.876071948320080063e-01,4.659154887364485020e-01,9.169578443267445422e-02
4.142613316720251682e-01,-3.092047496532154272e-01,2.456805336946030760e-01
-3.007258381839520434e-01,2.133654301504125383e-01,-4.842559992515481637e-01
-4.021710020761696258e-01,-1.456822662001099333e-01,-3.323158597651255652e-01
1.048231898720874966e-02,-4.167208394598539423e-01,2.140707103672327971e-01
2.773720796754608475e-01,-3.905734614288367545e-01,1.645687430819847696e-01
-2.773780271596815172e-01,-1.566407588796687733e-01,4.319520510007945902e-02
-2.086304226158841590e-01,-2.613971856880016320e-01,3.268295372487151074e-02
2.443773448390692549e-01,3.934491742605054077e-01,2.580250885354663515e-01
-4.220157158548023535e-01,3.274266327582118219e-01,-2.135982921724903782e-01
2.381984811431889781e-01,2.754909519342457758e-01,3.726259027105549571e-03
4.251480304071325600e-01,1.653442097136037514e-01,2.991244068939354905e-01
-3.646611957838852280e-02,-3.765067922962511693e-01,3.870409534519052563e-01
-4.205506554139828435e-01,-2.478116028995195341e-01,-2.254064456421188689e-01
3.869893226968803557e-01,2.179606591964011741e-01,4.162748638583200211e-01
-3.597046388360963798e-01,-2.085953399488766902e-01,-3.972013260233521192e-01
4.280049208426746077e-01,1.739470186865185175e-01,2.562614524879606170e-01
-4.043983860666734431e-01,-3.991603228297104788e-01,-4.345437735227709597e-01
3.447813834960757884e-01,4.537599030400757405e-01,1.662833197617777925e-01
-2.234224008116820759e-01,-2.673136939865161654e-01,-4.799492275372724270e-01
-5.866005409368335588e-02,-1.826495612506043864e-01,2.748036274478813379e-01
-7.277583258885200745e-02,-1.992824210763017856e-01,4.910903313457031238e-01
-7.799053790559007382e-03,-2.352369121195886370e-01,4.429020794793200322e-01
-2.171237464021843477e-01,1.190993488734517491e-01,4.466719936742780117e-02
3.375564919211037074e-01,-2.282763439742810929e-01,4.953489588745910721e-01
-1.389392220458753879e-01,-2.820420243183626718e-01,-1.804622202546003473e-01
3.343157533219898170e-05,-4.338897769627144685e-01,-2.344403688740276381e-01
-2.788035723867652305e-01,4.059062842995853071e-02,1.645205670675410348e-01
-1.540948405579045666e-02,3.769548639822247749e-01,4.546749728298652427e-01
-2.014801339931540092e-01,4.939657778192876325e-01,-3.824728881988780360e-01
-2.340974037347328673e-01,-1.408377307475731088e-01,4.636142007686453459e-01
-1.352953161794235859e-01,9.931805037207508402e-02,-4.121772862681960525e-01
-3.302085401128843634e-01,3.971647140344991556e-01,-4.736433215841862054e-01
1.921772459837228775e-01,-4.224014828554909506e-01,3.787023114116387923e-01
-2.376091489989290428e-01,1.956351263974542842e-02,-1.234043837497115215e-01
-2.444936160260784419e-01,-3.244585446004157880e-01,4.468696675213915670e-01
-3.706959352426856258e-01,2.124346965043892865e-01,-2.411991723251767361e-01
3.596256659120811161e-02,3.910819710589760190e-01,3.545985691283902730e-01
2.148887996053528981e-01,-7.884415787856002833e-02,3.874095314069982976e-01
3.676176937731230332e-01,4.779653827139399569e-01,4.339925044977768209e-01
1.048113867994282522e-02,-1.961174737000463963e-01,3.821146305257627773e-02
-4.054090532100637079e-01,-1.962514527266131514e-01,-2.504068088563881078e-01
-1.648086151439243086e-02,-1.741484856382184976e-01,-3.605814602388029977e-01
4.866210885242494566e-02,-2.898597575974787288e-01,2.421341777206739154e-01
-1.248274786611188736e-01,5.627098932364449357e-02,-4.018159219361775447e-01
-1.652303642850896370e-01,-3.726183595150023287e-02,1.096629809090838847e-01
2.715074312279402990e-01,-1.983914301481091158e-01,3.679178710985910872e-01
-3.168164228974413854e-01,-3.063978813914233212e-01,-4.891881535973933159e-01
1.941123706985162789e-01,-1.849758282664210052e-01,4.389071244294625584e-01
-4.346744879534103490e-02,2.276894660755515165e-01,4.178453792636604991e-01
-2.334792676052682703e-01,2.099767549974929093e-01,4.534692260112049844e-03
-9.560833609714469716e-02,-9.271553059022119569e-02,-1.074174146426220000e-01
-3.042904668565084014e-01,3.747462882732344180e-01,2.878101325556441381e-01
3.553366653054323976e-01,2.527353856144427535e-01,4.305936492020445705e-02
-1.583030709240581535e-01,1.430527593630559480e-01,-4.663257991349412102e-01
-2.642266566759754465e-01,3.059613631560575975e-02,-2.709813843513253495e-02
-2.359538149747985036e-01,-3.363428875438312371e-01,-2.182777896717225108e-02
-3.185257708076676408e-01,1.957399766625731452e-01,-2.870093260242332356e-01
4.963864771784776142e-02,-5.126377799432946247e-02,1.448779756131072238e-01
1.814850966638271723e-01,-3.900489942486713435e-01,2.202316489188850257e-01
3.500940767652778174e-01,4.834676430574973427e-01,1.237343166786862847e-01
2.326242032584533437e-01,2.006365442350049877e-01,2.719731700404151020e-01
-4.446521276016313085e-02,-4.053091352704488726e-01,-3.512554099417297682e-02
1.369942676863967757e-01,1.398109508256284439e-02,-1.493360784086065207e-01
6.810040491681401686e-02,-1.156553489955027825e-01,-3.299951535900202959e-01
-2.789534550597385643e-01,2.961801970118338456e-01,1.582770092927978656e-01
-2.121397617283810044e-01,5.278831809591311153e-02,-8.442853650880943750e-02
3.628979955695604831e-01,-4.071422422683388387e-01,1.748922761882183430e-01
1.661862344343095765e-01,2.108244019636003053e-01,-2.428379900178977424e-01
1.013849619757229981e-01,3.117534105102482966e-01,-2.836135472797240986e-01
3.597787115523241042e-01,1.321415487878222494e-01,9.796890407276348522e-02
3.667385550052482124e-02,-2.956674139795427703e-01,1.372474621934671735e-01
4.094950073472822805e-01,-3.744076759807619670e-01,3.867487407581114978e-01
1.838295809089625088e-01,-2.259341850773861626e-01,3.740495353963244618e-01
-4.103898835330593853e-01,2.435665929047754474e-01,-2.178827524213496902e-01
3.419958669949000329e-01,2.053935868405059040e-01,1.558828165777859098e-01
-1.412405366827411690e-01,4.893378415079479016e-01,-1.117218833851930659e-01
3.183734024223049408e-01,-3.439823604470519935e-01,-2.111455765550052099e-02
-4.095904819254334583e-01,-1.523795603167685808e-01,-3.823817753224614258e-01
-2.824297575359898671e-01,4.512393493284394541e-01,1.372722591154813543e-01
1.898947037420185557e-01,2.254108128720790916e-01,4.241032499506559583e-01
4.220871043565788128e-01,1.523454123578947828e-01,3.028309797442898521e-01
1.408109156110617377e-01,6.127219615893864102e-02,-2.633237804030170714e-01
-4.205679184985493535e-01,-4.478894162966284842e-01,-3.006966576226152155e-01
8.217322848556474213e-02,-4.904417125779645392e-01,-2.383824958259099791e-01
-4.060700893775895937e-01,-3.142451135629505954e-01,-2.327500788302881984e-01
3.688636907599502912e-01,-3.707839077491293933e-01,2.535319634029857827e-01
-7.726270801384649278e-02,-1.611719727143801073e-03,3.457796820606775512e-01
-1.298789953716736889e-01,1.348374221624589753e-01,-3.284433983019040548e-01
2.382562884342511733e-01,3.759950473772296631e-01,3.318056274300535957e-01
-2.938487868687196247e-01,4.458132532093709299e-01,1.724255842620114887e-01
9.374303352190038741e-02,4.234835400466541167e-02,-1.765876858218264900e-01
-4.268336295838401906e-01,-1.261218983226292112e-01,-3.547570805034139241e-01
-1.912468971820111552e-01,4.367174790437244880e-03,-1.825469410823898908e-01
2.611796734423108557e-01,2.545864718429556861e-01,2.977748505882173990e-01
2.600092918712475498e-01,-1.318414604571009896e-01,4.916681788453152180e-01
2.560748061070386994e-01,1.322316354070226518e-01,1.770891413776819467e-01
-1.978013550811206223e-01,4.728234684444259095e-01,4.510109347839308391e-01
-3.924501891079099636e-01,-4.749735073654870465e-01,-4.168547889899079095e-01
4.337584926294688614e-01,4.547782172342028639e-01,2.654357120334291942e-01
-2.336171781449511986e-01,-2.401616735714349193e-01,-1.295066174480057342e-01
2.113985619644642711e-01,1.918087089880806673e-01,1.777402200208187955e-01
2.465128055703480481e-01,-2.859630044416731076e-01,4.586184513869123736e-01
1.992629482774012084e-01,1.679456193907119532e-01,3.466832169549641796e-01
-2.519452207751040618e-01,3.388870411161717389e-01,4.691682382643102001e-01
-3.483117323086084571e-01,1.895268791847949386e-01,3.916299770664863900e-01
-4.003665927699270322e-01,2.480050364336781055e-01,-3.107568558063338315e-01
-3.734971761905936383e-01,-1.839962908405393671e-01,2.934086754813942655e-01
-2.849643307734074371e-01,4.053121340255629867e-01,1.214868103368018648e-01
-1.064994863187285201e-01,4.839074807347620855e-02,3.355392150848505173e-01
3.275917803575409959e-01,1.932215764079691089e-01,2.164215633802437644e-01
-1.461637006593020649e-01,4.885110745041348901e-01,4.259040341523859796e-01
2.144901212807767132e-01,-2.711933892750534314e-01,4.056808516127363706e-02
5.755080260977596396e-02,-2.239845153068837913e-01,2.662651121172732172e-02
-8.725811496989155369e-02,-2.557981868782820412e-01,1.899983117845978065e-01
-2.305918386747510818e-01,1.594074202447258726e-01,-7.945111102846247331e-02
4.309807963735242664e-01,2.908942530003133520e-01,2.920657313389198872e-01
-1.414731347364326375e-01,2.613531425567788835e-01,2.578672942418835934e-02
-2.289003274770006202e-01,2.173000510228088045e-01,-6.263463824760806542e-02
2.014291423125907921e-01,2.118534213839670111e-01,4.159918099605921515e-01
9.528920381091487979e-02,-2.605433684865030575e-01,-3.241245308650879675e-01
-4.317716292358177999e-01,-1.694425936751797757e-01,-1.949420775780926762e-01
-2.714932265938514444e-01,-1.569873352281421219e-01,9.223916937142506711e-02
-5.309227857858156430e-02,-2.475329870861253667e-02,1.536435897671293294e-01
-3.732694415864263870e-01,2.928409374215511507e-01,-2.657825849863455492e-01
-3.861598780456214630e-01,4.007736779141817252e-01,-2.087161974334890147e-01
2.245239758429301569e-01,3.525104165081268670e-01,4.609827152698504626e-01
2.702163170768279166e-01,-1.313897692212457891e-01,4.056871808012845193e-01
2.549787057764293374e-01,-3.270435642084422723e-01,4.553959183492555240e-01
-2.721481563010383908e-01,-1.182582710752199118e-01,1.297856094910260216e-01
-4.234216871595817278e-01,3.791655704193309662e-01,-3.766401417188098844e-01
4.006006351428467172e-01,4.716655078323380712e-01,3.621104526307908911e-01
2.396437827745578897e-02,-3.397673672579464288e-01,8.721800157610593018e-03
3.371277225737570049e-01,4.569251818625437167e-01,7.633129506354985327e-02
2.510394643577894547e-01,2.428743805585737991e-01,3.833120805910251727e-01
-4.259679140260558272e-01,3.059703865471573581e-01,-2.883141036387585343e-01
-3.482659466897197742e-02,-1.167591365964851802e-01,-2.719438695230589342e-01
4.186096590726348099e-01,4.873122085177705731e-01,2.407816795546773303e-01
9.118864379228153183e-02,1.627595866092632626e-01,-2.890341821066660932e-01
1.590477537499397354e-01,-4.582795089057013493e-01,-1.358562366942559496e-01
-4.357349010963351699e-01,-1.961140327759265389e-01,-3.890931678809744776e-01
-3.859432134209374032e-01,-4.831955092454163214e-01,-3.265072487427229664e-01
2.004638491951553636e-01,3.248029236508676032e-01,4.133863271037216958e-01
7.726282674530904337e-02,2.093400123272766145e-01,6.591828291196155654e-02
-8.662651790509712235e-02,4.717906389841042269e-01,1.429520437339610872e-01
-5.968292005899833441e-02,-3.378905168947742288e-01,-1.593161061200949469e-01
3.396078513331008963e-01,3.193825585323690763e-01,4.892690531358704353e-01
-1.040361369670631531e-01,-2.132999704537080765e-01,4.998167085716994640e-01
3.429258422665680817e-01,-3.143819492202168941e-01,1.290509694435171273e-02
-2.052541191573636903e-01,3.826174989883854849e-01,-4.773442347691945198e-01
-3.173656519783645269e-01,2.107004258894936699e-01,-4.844822938849472349e-01
1.452095243390360002e-01,-3.276211200801012469e-01,-8.426398788630540260e-02
-2.426556305136636782e-01,-3.140038636307173059e-01,2.124386005940659405e-02
1.368748303775124686e-01,-3.912289404679557547e-01,-2.467368870463625408e-01
3.468517740547828465e-01,4.764762925873197164e-01,1.095394646131608862e-01
-1.654709633776174638e-01,-1.322342706944831248e-01,4.694561650184055912e-01
-3.314256109255244720e-01,-1.993790461363766919e-01,-3.704792517180770517e-01
2.681603849587161914e-01,-1.480761667271741633e-01,-8.640986833359265429e-02
3.579355331454302513e-01,4.317308874216356784e-01,6.312008864661555751e-02
-2.795555918829175646e-01,-1.562952268085865404e-01,9.258796780624878320e-02
2.496381027582552647e-01,-2.718599557439559389e-01,4.874892782544963943e-01
-3.770234492135755566e-01,2.949840334623023974e-01,3.389933660758691625e-01
2.446859982597562322e-01,-7.018615259018035069e-02,3.906017893182265333e-01
-2.540358058887953741e-01,-2.321537131943921528e-01,-1.385175935710625250e-02
-4.319356924478785498e-01,3.794034966112899143e-01,-4.474704460340810375e-01
4.137485502673542426e-01,1.647773252670310384e-01,2.251232623223072826e-01
4.084788435986363986e-02,1.516043653667027424e-01,1.460901836603500925e-02
-5.588671057016325605e-04,-4.114840711836292853e-01,-3.789913645833674627e-01
-3.140919126948495954e-01,2.254292573286178492e-01,4.243355212102395413e-01
-2.700307259200076526e-01,-2.685794496077141824e-01,-4.356432298189529817e-01
-4.314620264483893797e-01,-1.289976477700550683e-01,-2.107562650557250894e-01
-3.222128484092068312e-02,3.165598922531344117e-01,-1.166566132299605707e-01
-2.118860637870583208e-01,2.704663434756615636e-03,3.807035651240999741e-01
-4.314631541506949164e-01,-2.520575697166308471e-01,-2.428173500637950122e-01
1.163024620972687995e-01,-2.342158683318661394e-01,-1.150704032947957867e-01
5.386703807140824640e-02,3.872404352411999984e-01,1.088123226114552367e-01
3.353193560144829277e-02,1.046061023023121539e-01,-2.282013337236987738e-03
4.169972114568285537e-01,-2.865505136526468322e-01,3.449573211241520054e-01
1.710581618473863141e-01,-1.699612329784117026e-01,3.649780951970564846e-01
-1.707980121367455029e-01,-9.451341972255145052e-02,-2.010236046658419040e-01
-1.915904055358796931e-03,4.296249805839316149e-01,3.710236329530802735e-01
4.052024282868806893e-01,3.990756144590673626e-01,4.032788830372936451e-01
-2.668394202534440929e-01,-2.722329140705114225e-01,1.819034507990306970e-01
2.943345722618518900e-01,-2.029518836601856835e-01,2.929944155228614289e-02
-2.336986891245268483e-01,8.629171651446643221e-02,-4.334292232720511340e-01
4.327618015332534984e-02,-2.225798752553976856e-01,2.493207949610563023e-01
2.212754176864420996e-01,-2.582325239195573108e-01,3.874880642651089557e-01
1.929945923160258925e-02,2.471037366274442260e-01,-2.759531062408249191e-02
-2.399010851743149653e-01,2.464990426134893164e-01,-4.694790577041458857e-01
-2.338493507418860640e-01,4.147120752776012331e-02,-3.757360774709044282e-01
3.609020729255021376e-01,4.685664613004253409e-01,1.436795320115947794e-01
1.332463408381956427e-01,1.261784346766349207e-01,-2.571217595394666988e-01
-2.450888811627178754e-01,-5.106651612265866724e-02,-1.314217898324140377e-01
-2.017570906795399521e-01,4.828279465752256527e-01,-2.081319234765027781e-01
-6.529752503777508377e-02,3.534546519867701742e-01,-4.282189463632100068e-01
2.771087511614241938e-01,-1.671365666210797851e-01,-1.118253099524645355e-01
-2.293971157096933444e-01,-5.234948723797239190e-02,2.993052181641564502e-02
2.758098097725836251e-01,1.976304611480700357e-01,5.566134515329312915e-02
1.482954206268251029e-01,-2.691821538492341626e-01,-7.926602635608948066e-02
-6.253818045532244518e-02,4.758472465656741202e-01,-3.747470035747162420e-01
4.059550834386254081e-01,-3.457259146444229270e-01,2.020371633086860408e-01
3.930804997851441440e-01,2.745735251491807638e-01,1.268498142479425050e-01
-3.309878713961376118e-01,-4.377017993760993209e-01,2.923012564631375376e-01
2.726435947295376971e-01,1.401130962663387214e-01,2.938348886737959242e-01
-1.521039068617571210e-01,4.238644794755922485e-01,4.838650489641020958e-01
-2.921607622194275500e-01,-4.219585910262689810e-01,3.731327570039747465e-01
-2.490383670217526380e-01,4.859275463760368563e-01,3.241666600179239355e-01
3.492788050831506785e-01,-2.916906100576348582e-01,4.667253206470185489e-01
-4.172104147123492091e-01,-2.305633050925268712e-01,-4.497291753893861710e-01
2.205486432058012536e-02,3.652375729558604567e-01,1.474833392419639955e-01
-1.018713978572748369e-01,-6.133861464950540743e-03,-1.322770432093934856e-01
-2.939058843266708632e-01,1.481805708770101981e-01,3.487821751570766571e-01
-3.674873707553150126e-02,2.351566175486173860e-01,9.050780914228317986e-02
1.325422140880225808e-01,-1.539360452657526634e-01,-2.855243450098419178e-01
-9.385196733313505568e-03,-4.600404632149266426e-01,-4.003287212937365336e-01
2.441136793254120585e-01,4.059898804228392333e-01,-8.530981776579071862e-02
-3.017534270004448294e-01,1.991028067802451673e-01,3.675130745892157824e-01
2.480511776820122360e-01,-4.254716061815488892e-02,-1.468673943745605337e-01
-3.698058565845857570e-01,2.914712152011166291e-01,3.235539162082677889e-01
-1.399545876687601220e-01,2.372873113801791112e-01,-2.502016571568940195e-01
-4.357129843831211158e-01,-2.561419485280418407e-01,-3.206200306353423901e-01
2.287887210896418777e-01,2.407981132756102927e-01,2.795049985185795727e-01
5.137672213329314008e-02,3.694750961744075468e-01,-5.947720868542849537e-02
-1.549997281280487416e-01,4.925665634553375583e-01,4.106645121225446227e-01
-3.643876885477683736e-01,-1.851167813873738632e-01,-2.045479826787898192e-01
-3.471688108489168201e-01,1.883064621096961488e-01,3.568450996689717103e-01
-1.913245390487501307e-01,4.613931262553709889e-01,-4.310152089949041976e-01
3.061736681770076407e-01,-4.097342051343552116e-01,-3.543887059408545870e-02
1.254436579411022379e-02,1.242630041536048058e-01,1.890682438761893680e-01
4.305586859083718743e-01,1.543789516256253158e-01,2.520300568544558972e-01
-2.354305254754783805e-01,3.241307924928082951e-01,4.809753169312670495e-01
-6.648222641869860894e-02,4.619540850524439524e-01,-4.018088186667119199e-01
-3.633338565545547461e-01,-3.851793037518005391e-01,3.097205165316057052e-01
2.765972181430613741e-01,-4.177827622286555131e-01,-9.137171055065429481e-02
1.793515675597240344e-01,-3.861461776729978590e-01,-2.232248627281172570e-01
-4.307348152289292020e-01,-1.809243399971989241e-01,-1.994444331837971207e-01
-3.992899426684826114e-02,-4.276874603309295253e-01,-2.127711286657149037e-01
6.901867963050767329e-02,-1.046310544361284123e-02,-9.835624925067987245e-02
3.618180324894564315e-01,4.903087802167360731e-01,1.044196425506728199e-01
1.983113010774806284e-02,1.959147834705539104e-01,2.474450975990428736e-01
-9.868948042205694104e-02,2.578773322846317217e-01,-4.195326930607534699e-01
4.355737924249406534e-01,-2.991164596477063897e-01,3.038575137892182143e-01
2.635343238783649511e-02,-9.352271216876184567e-02,1.236951209562824339e-01
-2.577544838284753226e-01,-9.756468292299547151e-02,4.551721179058835220e-01
-4.707226500179295670e-03,-1.933973480066247808e-01,-3.650394356618040792e-01
-2.270350536181477974e-01,-3.016143159248978467e-01,-1.885754067696426839e-01
-2.976621359715242443e-01,4.359746755432233334e-01,-2.960228377246324483e-01
-4.258077032055915812e-01,-4.606705537503138492e-01,-4.551722242618089220e-01
-4.014051948485168886e-01,-4.168319300618072987e-01,-4.567836846804548268e-01
-2.792412776342034775e-02,-3.930071354873652112e-01,-9.673103318016618157e-02
2.292541055199849298e-01,7.085693066420040154e-03,-6.563682725268005225e-02
-9.834397317482079792e-02,4.207497726777463809e-01,-1.644907662537986592e-01
-4.219612022867911261e-01,2.880530062714925510e-01,-2.083262027354910728e-01
-3.706456185820553584e-01,2.333181418253064132e-01,-4.542771619627146151e-01
-1.882895022667914198e-01,-8.644784626206036826e-02,4.744587444179333424e-01
1.751148194213127951e-01,-5.785819876046738308e-02,-1.969921351495845796e-01
-4.319937973058280978e-01,2.666076704414092058e-01,-4.607898087985053959e-01
-1.142456560861472292e-01,3.547893469923448784e-01,2.515383936188797520e-02
-1.526874960474052800e-01,3.135179314394607175e-01,4.886302734258097802e-01
-3.127260197634217365e-01,2.547499900768381842e-01,4.208150696345843711e-01
-9.799272478217857518e-02,-7.879574726688465258e-02,1.083856983935633789e-01
-2.012364962326239626e-01,4.658546663617375572e-01,1.907650099249809106e-01
7.072063137069550809e-02,-4.743929990562739674e-01,-1.271252884866184152e-01
4.536861469614739129e-02,2.623956444306002611e-01,1.071724376725526895e-01
-2.593993308368041095e-01,1.603126670921191099e-01,9.052590454307152257e-02
6.546272150471632578e-02,-2.366923558502969094e-01,-8.061014370333785539e-02
-1.003497964642352525e-01,2.233879049779574633e-02,-3.361327624717811435e-01
1.633127997241704543e-01,2.294860239191575113e-01,-4.772903747506673788e-02
-3.568190153803870723e-01,-1.438925044095581418e-01,2.913711677472106132e-01
-2.614913194096712967e-02,-6.306505259003314379e-02,-1.324847176256503944e-01
-1.333796480372828608e-01,-1.056246309271188233e-01,3.998969678659044513e-01
-3.431812880209050842e-01,4.222939340965659039e-01,-2.557281749671195259e-01
2.879073153532144547e-01,1.550114724041241621e-01,1.913569007790903997e-01
-1.158634457714362576e-01,3.869403461254481424e-01,4.520218739192053414e-01
4.072959992007547658e-01,-3.147798263887593428e-01,3.577027471827090022e-01
-1.363268014402212458e-01,4.820849670162631329e-01,-2.436245203845479601e-01
-3.176762686056208151e-01,3.042822544986902855e-01,-4.981374348859916035e-01
5.859098533281192900e-02,-3.135670898632280101e-01,-2.170738377051626422e-01
-3.112293353373929428e-01,-4.317436621993369084e-01,-3.800097559030810590e-01
-2.478923508316395186e-01,1.648556974649193485e-01,-3.553380441133385803e-01
2.696591823776043340e-01,-8.873297369792376710e-02,-6.657204240789749150e-05
2.126693788411974095e-01,-3.124782296050940822e-01,2.012225513677631250e-01
-3.610992086053860239e-01,-4.554642118334079059e-01,-2.860106382948246484e-01
4.044117305400376505e-01,4.194043881540230334e-01,4.264905086547218227e-01
-3.691399879189880551e-01,4.311994163931254231e-01,-4.602156189031335609e-01
3.904010737726499869e-01,1.269287714806776046e-01,2.126152498502127397e-01
-2.400120538183828645e-01,4.472173162274365454e-01,-1.092964556174601531e-01
-3.575583503511017280e-01,2.649088646825450422e-01,-3.176218018077102689e-01
3.438659433807113031e-01,-4.201050514139320624e-01,2.411669971259831069e-01
2.398295662104767967e-01,-6.315882945791762015e-02,3.609249274442553057e-01
4.141865363754332341e-01,2.308497810557571528e-01,4.214784173989778449e-01
1.841875210711576560e-01,6.427668693607024863e-02,-2.032656624341863116e-01
-4.324363480494564094e-01,-4.222154546437546507e-01,-4.098838719948902920e-01
-8.372807789150948921e-03,1.032374618829516866e-01,6.241548698556620423e-02
8.457367691581774150e-02,2.599283166943160417e-01,-3.284661560459274376e-01
3.450402005523849347e-01,2.661274261588900680e-01,2.639711760251078898e-01
-3.101054710956375748e-01,-3.694170300770031057e-01,4.020742078038518352e-01
2.699525508908338089e-01,3.909858877549059475e-01,4.944045406969013179e-01
1.950469739498184030e-02,4.008877388137923603e-01,-3.717113085979079079e-01
4.324992250194380494e-01,3.918273615100451579e-01,3.702304479494626932e-01
-1.062013930744762913e-01,-3.120968350389852208e-01,2.298697863877624536e-01
4.245161745236980533e-02,1.986735365890679450e-01,3.433768756326871507e-01
-1.946217740249286399e-01,-1.360979850731967034e-01,1.317936755249836667e-01
4.906237833328996878e-03,2.180354165488596063e-02,-3.043335165072302839e-01
-1.709821476093926762e-01,4.976582384818135640e-01,1.159717144352385709e-01
2.551041193627169301e-01,-4.218713515647365409e-01,2.192820573177700627e-01
-9.240299570798338191e-02,3.653528633829917771e-01,2.195536972371886497e-01
-3.722789227498650710e-01,-2.190382916111328626e-01,2.569507989376198509e-01
-3.679026151917735854e-01,4.370206083622829585e-01,2.706207121756339928e-01
-1.661970800080199151e-01,1.251927069117174662e-01,-7.096042323918128059e-02
-3.773073585035271460e-01,-4.365512995158731258e-01,3.031631481914892623e-01
-3.997018832126861820e-01,-4.600010073781440889e-01,-1.937374806916037917e-01
-3.820703822294214680e-01,3.954250418859858174e-01,2.685223184899676596e-01
3.196841763325836139e-01,1.603190607300187809e-01,-5.655189474202959588e-02
3.241478927587376768e-01,4.622561672749913031e-01,4.710322916117571923e-01
-2.433414090374868000e-01,3.376921113370767724e-02,-2.439464537951518963e-03
4.356989547428680165e-01,2.972721385757181034e-01,2.740186022998147841e-01
-2.045653831573541748e-01,3.592841469886345340e-01,-5.750982748057487104e-02
-6.529233881140250606e-02,4.694125524481286282e-01,-2.255313617865791764e-01
-2.499404835113701040e-01,-1.810690256382777585e-01,4.802663058031640952e-01
3.957673790713354123e-01,4.208859035155878558e-01,1.803572039289822460e-01
4.292365329680032371e-01,2.760017651074011535e-01,3.898003580372851884e-01
-3.690607052716246006e-01,-1.408243591649360749e-01,2.755612487721287307e-01
-2.114956700697475656e-01,3.192332405309350474e-02,-3.505655749117050357e-01
-6.958759843041084636e-02,7.289888777194963865e-02,-2.638343063738668448e-02
-3.087739487025110696e-01,-3.483259032471518468e-01,4.330659516791165453e-01
-2.663666202316473663e-01,5.730738928566592172e-02,2.413697322804297940e-02
-3.271334664839236073e-01,2.889421944840939727e-01,-2.447195983254450979e-01
-8.774249614984008794e-02,-1.893064522382849058e-01,-4.295230537616405719e-01
1.658452289946391600e-01,-1.934862319015219212e-01,-9.063258316587918806e-02
1.811264302920365665e-01,-2.763486749424266531e-01,2.995577706947589736e-01
-3.003175830974030847e-01,4.691071585616766182e-01,-2.888046338426861759e-01
-2.902900080892867329e-01,8.880443915107272268e-02,-3.472743476199278145e-01
-3.717781534405106836e-02,8.065258943715547524e-02,3.964392462126609118e-02
-1.045954091958071208e-01,4.781239663580076904e-01,-3.659592348878214496e-01
2.084592047994000552e-01,-4.218075057886991885e-01,-1.503414556150308723e-01
-4.282701395157793023e-01,2.492344347246013836e-01,-4.087075274422704574e-01
-7.206506153946090620e-02,1.843150159830354573e-01,3.961892158076455450e-01
-3.976343367202783696e-01,-4.542044240487685958e-01,-4.408901148683986859e-01
-3.986765862700286656e-01,-1.420751932237545034e-01,-3.241810218877376748e-01
-2.728597310560557654e-01,3.783936278302872935e-01,1.242028865503875812e-01
-1.623352853597742618e-01,4.200125930759863735e-01,4.688981569044160524e-01
-5.737054478496383947e-02,3.491965168777455553e-01,3.107226248776946420e-01
4.259137072864047635e-01,4.631658235997283546e-01,2.513854394003002257e-01
1.336034591135532024e-01,-3.766081029385095480e-01,-1.569232223860765885e-01
2.783391477558442295e-01,-4.161953622948150189e-01,-8.948397792948137308e-02
3.612382269361940068e-01,1.818376410492754669e-01,8.103572537772663065e-02
4.618265581666081143e-02,3.161590473534898749e-01,7.696261336078635829e-02
-2.247159755308885121e-01,2.635608331786076786e-02,-1.668301373920205721e-01
-3.851245083372923927e-01,-3.641844357539680832e-01,-4.145865267157531342e-01
-2.406866654867195754e-01,-1.137035429747129678e-01,3.889525712795496304e-01
-4.169615281013988595e-01,3.049001548896814739e-01,-3.637374732016853685e-01
-2.198990245481700079e-01,8.806401793193241456e-02,1.834233817128015920e-01
3.843547385116768966e-01,1.280724331788273274e-01,9.300579149845711324e-02
2.725732770781567060e-01,1.873435320606322563e-01,-5.398340307645332903e-02
4.543702580408603975e-02,-3.555903070624280016e-01,2.498685819894170823e-01
1.977318590689836064e-03,-4.616734789377552328e-01,-3.776115718907596674e-01
-2.177007908748092024e-01,1.483246634927700702e-01,-4.686778728086433699e-01
8.524968129385734894e-02,1.976032282711631671e-01,-3.370192280933496098e-01
4.078979542349745468e-01,2.233637218264608038e-01,4.191817147595906512e-01
-2.474812219035706917e-01,3.519236954661351113e-01,3.769315037309645122e-01
-3.155838126054543169e-01,3.296055204667589500e-01,-4.798931953169773834e-01
-3.618696605913840347e-01,-1.785794509588632950e-01,-2.054152419449265521e-01
2.131605508027852869e-01,-2.161295441767819847e-01,-1.234353636553305877e-01
1.011396475420784924e-01,-5.477709505026684411e-03,-3.087721610923779281e-01
4.213278957842907513e-01,2.895965654697891800e-01,2.617032783330710544e-01
-1.110722795121138473e-01,-2.155666778860454436e-01,-4.460395024889037829e-01
-1.328035573269754632e-01,1.773458704495682881e-01,1.659766867155247905e-01
-8.904300830037059633e-02,4.326802362423314285e-01,-4.188972263481806069e-01
-2.648416677821452403e-01,2.960274549792509813e-01,2.394118729343334140e-01
2.798730501661372827e-02,-4.742584659265236535e-01,-3.089899960578149640e-01
-2.391778331091465315e-02,1.049227635640082035e-01,-3.752085607696510339e-01
-3.645492555201077511e-01,4.310148708877140633e-01,3.577592929057621385e-01
-1.179448392680346736e-01,4.707804064244472952e-01,1.751523460754015327e-01
2.028834490296527182e-02,-2.570538963969699608e-01,4.104672000292348688e-01
2.022450508288464732e-01,-1.299665361933255436e-02,2.824349022387340202e-01
2.532495148137972052e-01,-2.815662668492727727e-01,2.080971188920335280e-01
-2.113559772165383155e-01,1.402849329315070115e-01,-4.555285169570630899e-01
-3.460893538650677836e-01,-4.189722136051061696e-01,3.465025826572915024e-01
2.970004320178828428e-01,-2.010219686506657943e-01,4.029272351928394613e-01
-6.012960998430738613e-02,-2.623581609010756654e-01,4.863408446798299645e-01
-8.468834653919532496e-02,-1.702562320297595910e-01,2.090967194398818396e-02
3.012589594696859496e-01,-1.686346902786645119e-01,4.313330678646950522e-01
-2.373924752095136759e-01,4.844265762500336026e-01,-1.426591034931726787e-01
-3.251973883584098335e-01,-4.590297777500070842e-01,-4.256522334647161454e-01
-2.313324100550661067e-01,1.342438268302813542e-01,-2.922081627692130201e-02
-2.433125431730976951e-01,-1.727307740318311247e-01,4.766688006841768299e-02
2.311271471949093437e-01,-1.055500373233517752e-01,4.524587922343924484e-01
-2.659761345120486009e-01,1.163952552834308651e-01,2.702272546827075850e-01
-2.463277373101201428e-01,3.432361511158908973e-01,2.538685440460153320e-02
1.909947182780901143e-01,2.297106544047458065e-01,4.341628392098010325e-01
-1.997357773484453869e-01,-2.527166547845089983e-01,-1.654060970719753998e-01
-2.416948083631018651e-01,2.649204857139527691e-01,-4.695093098129253795e-01
-4.670173665904431282e-02,2.851191567715144481e-01,-2.251201892585119602e-02
-3.879335222409403539e-01,-3.877189370046565386e-01,-4.846969396873722635e-01
2.535468941196841186e-01,-7.109523419541186051e-02,1.663506165105063106e-01
-1.434158578885859070e-01,6.268523782933344002e-02,1.102187683494099124e-01
7.365233320769493108e-02,3.587478358110803844e-01,-3.092438659578616855e-01
1.501581786888451786e-01,-4.985718722274894432e-01,-1.244402492431665452e-01
2.204137442764629862e-01,-4.807598864909047309e-01,-1.826973482251220693e-01
1.391660404620294056e-01,-4.993745886304924442e-01,-9.477285365206533641e-02
-1.243256331192724717e-01,4.528317613781077666e-01,-1.145037052752193585e-01
6.758407948566924617e-02,4.770657914226339447e-02,6.577859089018534000e-02
3.292070551717392046e-01,4.819041825189095407e-01,1.990045159435037680e-01
1.987688222504885305e-01,-4.546452072717264148e-01,-7.126177928966470621e-02
-4.336649352126499268e-01,-2.630767775864314428e-01,-4.400802984355569603e-01
-3.855303400644820577e-01,4.150869598833167862e-01,2.733333455186418570e-01
2.458001077371463339e-01,3.203140678410457687e-01,-1.573123793408697235e-01
1.826456751078704421e-01,6.321125199379751258e-02,-2.337105830017111030e-01
-2.367574753131732601e-01,2.800794796207495274e-01,4.699292538036363709e-01
2.189578651520585062e-03,-1.128946181915474467e-01,4.438572507451419291e-01
4.026343946561176113e-01,-3.719301907763953308e-01,3.978360974710081210e-01
-1.429383660426964964e-01,2.925772508612716205e-01,4.551309451598306577e-02
1.885131006167902745e-01,7.618803868479329111e-02,-2.287292509584446520e-01
3.376960025351749550e-02,2.047629580918455261e-01,3.925109443187962954e-01
-3.668720771734825803e-01,-1.754865045684345093e-01,2.827302462452409015e-01
-9.906740547057291124e-02,-6.747605554487257074e-02,-2.381538507387381820e-01
-6.940729688898450433e-02,1.929318019134588225e-01,9.056305850587309525e-02
3.762826006801999190e-01,3.654495503336465667e-01,1.064416676680082219e-01
2.766444702910634268e-01,3.461143963514939914e-01,5.583146457829146758e-02
4.130383672268037598e-01,1.385127362078144575e-01,3.180045261751308638e-01
-1.834882318885090458e-01,-1.564408463216329093e-01,-2.308717642603250741e-01
2.727834252903804657e-01,4.208979889040410649e-01,7.731058690364966957e-02
4.021313483879398465e-01,4.975037108708409983e-01,2.389669526566754465e-01
3.573304338148317605e-01,3.810602599546795144e-01,7.564862443977971029e-02
-2.889231053440425301e-01,6.366814745953730537e-02,3.051994472087001808e-01
-9.041704691149066164e-03,3.683781608222614912e-01,3.343057760211004537e-01
2.650571599571729386e-01,-8.946901761741488102e-02,-6.868803566528269844e-02
-1.047571176369161972e-01,-1.727156539940518654e-01,4.776080612269494319e-01
5.836441609038212075e-02,2.418797519136132168e-01,2.116422457268566371e-01
1.957472866839299330e-01,-1.712701449545881438e-01,2.760065403918541271e-01
-2.652746499545788339e-02,-4.215021487860467486e-01,-3.474009893638085877e-01
1.959088951351219965e-01,2.547048802004729939e-01,2.215696091190528794e-01
-1.983310552941527360e-01,4.855559595137877160e-01,1.241536620997243379e-01
-5.721694097717799909e-02,-1.942917437234892297e-01,4.660919943433101675e-01
2.489103497076303739e-01,-1.237301291071427611e-01,4.770940935286258622e-01
-2.720705532320444320e-01,1.750733424945818406e-01,-3.765505596116247577e-01
1.958347207335832119e-01,2.458306737617586002e-01,8.959535202378465790e-03
2.938098824325968694e-01,1.480951356675502817e-01,1.016558856771044850e-01
2.577091259105154242e-01,1.165665100229895668e-01,1.032363201084423032e-01
-2.189644109459081278e-01,4.590470049313336576e-01,-1.210654861065756371e-01
-3.757060853655932453e-01,-4.099698024133398011e-01,2.926941767966385610e-01
1.434044502045216385e-01,1.383379561894952925e-01,-2.630751496992805860e-01
1.361281139599255230e-01,-4.795782469883280719e-01,-7.838548098315578638e-02
-1.417632770983067170e-01,2.822287872050001090e-01,-1.823666529787765223e-01
-4.358191587423270175e-01,3.554650276136699372e-01,-4.374936849674594397e-01
2.831684843116222261e-02,-3.642217765630616499e-01,-8.639883726644392858e-02
-1.139565446499801737e-01,4.239654721608375754e-01,-4.561148309286515712e-01
2.503752887274468542e-01,-2.604859808274765376e-01,2.181240721811908978e-01
-1.980844952510341095e-01,-1.469579215312124543e-01,-7.198821695526536057e-02
-7.129987400214565785e-02,3.604636165439183415e-01,-2.290847493828827020e-01
-1.855775732589250993e-01,-2.515982606072175720e-02,-1.165688185819104827e-01
2.420958258364670490e-01,-1.884994292947494987e-02,-1.439687024101938828e-01
1.123600746971742392e-02,6.462522518329905097e-02,2.594634757073244202e-01
2.343311730136145021e-01,-5.016470926664562402e-02,1.600786987852527155e-01
1.574956524944541858e-01,-5.749867775169281714e-03,-1.981270712373819354e-01
-2.124493697282177074e-01,3.626563510785117961e-01,3.775326357570588653e-01
9.485783412857273778e-02,-1.393211562387444147e-01,-3.076750245021486752e-01
1.186154760413008491e-01,-1.490209703569356225e-01,-7.084762493459295651e-02
-2.913180019925168951e-01,1.271304100848327234e-01,3.025174126152494480e-01
-3.069617134173652229e-01,-4.483604512145106247e-01,3.025647566498992358e-01
-5.846508122141724773e-02,4.728009004807799398e-01,-4.136714593073705926e-01
-2.939709631661123757e-01,-3.618639445964284551e-01,2.109650275930042840e-01
-2.695690901707803455e-02,3.314692922761540705e-01,6.119617640048269358e-02
-6.170477417285902266e-02,-1.521628275414678155e-01,-6.287599767806817397e-02
4.242640413335395655e-01,-2.468829998691294270e-01,3.326228077517832116e-01
-9.264759813458078863e-02,-6.162515137739144055e-02,-1.021381822528608652e-01
2.108771791706510745e-01,3.148284810698339653e-01,4.098472824333875275e-01
9.955380037439154339e-02,-4.230648814898755328e-01,-4.099508118961581182e-02
2.647696072644212251e-01,4.364113393317659018e-01,6.775829669670552224e-02
9.110803106577991528e-02,-2.605196765930316571e-01,-6.077067688132498091e-02
-3.072096182887356086e-01,-2.619117722784813918e-01,4.207349008688596737e-01
9.671564328787685128e-03,3.797242007896974858e-01,-3.830649211279575361e-01
-4.794100416304203360e-02,-2.193673470348409538e-01,4.848660990016612216e-01
3.471090434190117202e-01,-2.149216480799773787e-01,4.434543617234876223e-01
4.032546528553222487e-01,2.479991168070604379e-01,1.976156380832427839e-01
2.751665526703883646e-02,3.945545237682138717e-01,8.152121350205199235e-02
1.157777549727779798e-01,-3.999340219879938818e-01,-4.667130298080290896e-02
1.233335940837739786e-01,-3.544306286872955791e-01,-2.373352448109559143e-01
-2.868831835807661435e-02,9.180718885931071771e-02,-4.050185121949583245e-01
4.257629100582379644e-01,1.892471382671651048e-01,3.157358104805427779e-01
-4.196281776267438701e-01,-1.593465761268165748e-01,-3.015329026680849678e-01
3.783943552646741315e-01,3.419614258483295588e-01,2.002572988480150196e-01
-2.991966164634468628e-01,-3.390930337947344331e-01,-4.836551814932147364e-01
3.756626222195624809e-02,9.082515753884523591e-03,1.387923591590689565e-01
4.055977659725108486e-01,1.951770024566822359e-01,1.707688241783619221e-01
1.235828019096774089e-02,2.429018068087169802e-01,7.303703663152405490e-02
-1.289220519751396177e-01,-2.377241028722276717e-03,9.738662701720024462e-02
-1.443996316617525144e-01,1.645125062483971945e-01,1.731332427557775722e-01
-1.891150286482971010e-01,3.085608825107259978e-01,4.728785591488220419e-01
-3.294750502541649029e-01,-3.436158843967754839e-01,-4.860126440714869211e-01
-2.448847717460012063e-01,2.090333356954182653e-01,-4.827711699010038826e-01
8.830936537048617030e-02,2.742009647586419741e-01,-2.735728385552951281e-01
-1.053190002057470265e-01,4.890846631295007185e-01,-2.176539714805290071e-01
2.383541695911322034e-01,3.855602633122281464e-01,7.014612116135399145e-02
-2.343161922689585008e-02,-2.707544243622495017e-02,4.160881502121941411e-01
3.438220518286349003e-01,4.152931469535456888e-01,3.629531915098032080e-01
-1.664290591983633716e-01,4.952481264917794057e-01,1.171027050482409404e-01
4.041768206554652298e-02,-1.785906070953802161e-02,-2.537892752014679898e-01
-1.039296535838534208e-01,3.848002827007344084e-01,4.889061733113412300e-01
-1.064801019722344533e-01,1.658023263038467254e-01,-4.216732391321297291e-01
-2.992382151916505029e-01,-4.258735844780970892e-01,-4.243584067216554789e-01
-1.982678728139980473e-01,4.419829583305290299e-01,3.732366098370678564e-01
-3.651761919902414277e-01,-2.685643521887381979e-01,-3.568862144591572472e-01
9.601943500313592228e-02,1.409591571201886939e-01,-3.198677538637874074e-01
-6.516044714880764310e-02,4.793165730174960837e-01,-3.329189186778929166e-01
-4.221350808176954628e-01,-4.682254172648088186e-01,-4.352847356852547200e-01
-2.364325003930582980e-01,4.417448287211466207e-01,-1.217997324791504354e-01
2.003085116371602359e-01,2.711628721801762065e-01,4.514723709837130672e-01
-9.653745264849167285e-02,-2.709409546342066433e-01,4.754872618562223652e-01
9.300974463235966994e-03,2.831933915000169888e-01,1.561619597291986627e-01
3.091117588155156692e-02,-2.536147143773566093e-01,3.871769342985795781e-01
-2.678200366438842073e-01,5.661290218933778817e-02,2.115045522737193373e-01
-3.676627333054731661e-01,4.233590960955819771e-01,2.574038075953539728e-01
1.831108266104175541e-02,-3.761085349817281376e-01,3.738164582886087661e-01
-9.158760997293513562e-03,-4.321620829795651542e-01,2.203584534233257175e-01
8.726205580583379362e-02,-3.806529730473170448e-01,-1.633123004157122082e-01
2.889132194914920682e-01,4.558699990771254429e-01,-7.884637870263688786e-02
-4.261508467840021686e-01,-3.336143270757156998e-01,-3.251589244967506565e-01
-1.850225387573297686e-01,4.390117893320856224e-01,-1.096389832810787945e-01
2.939449648283216643e-01,-2.741348155271070564e-01,4.853780367525969419e-01
2.657111273692149833e-01,3.220020297301046108e-01,6.380963567407915704e-03
4.089022027132557247e-01,3.984734393593444279e-01,3.831598185860034533e-01
2.841407376084974512e-01,4.607696864330089737e-01,2.367130659104986767e-01
3.910352903491511878e-01,-3.875866151825654304e-01,2.494773034936648148e-01
-3.816461415080094621e-01,-4.026652580133160964e-01,2.613494824363451485e-01
-2.378035041457503551e-01,2.504714879409074557e-01,1.635845166897348379e-01
-4.358302585856776989e-02,-3.897680527634816983e-02,4.259347076627071349e-01
-4.291327490442374826e-01,-3.000356954831097100e-01,-4.439398881457752299e-01
2.183363080694916691e-01,-2.991383673198755311e-02,3.898570973547895724e-01
-3.260072899144650371e-01,4.474341730526594230e-01,-4.286286275446655747e-01
-6.666963617027266142e-02,9.994936191898196043e-02,-1.027701693152968110e-01
1.177091718766095640e-01,1.847161002832911070e-01,-2.966910831836929718e-01
-3.193396516423206988e-01,1.692994430841435749e-01,-4.496582829948166937e-01
1.557598765572010269e-02,-3.686024958429385823e-01,2.864230453698284329e-01
1.789812915731308074e-01,-4.784661025001728518e-01,-1.833217473867709835e-01
7.536114537679872161e-02,2.256143357420234974e-01,1.175015174409508312e-01
-3.094886243703076634e-02,-3.986743428381697152e-01,-4.173006733103558075e-01
3.977590479753944086e-01,4.124776838675684454e-01,1.283585395506195992e-01
-2.596725399551932378e-01,-2.660463821716559929e-01,4.677927440083571309e-01
3.525304667053007490e-01,-2.206687836001726133e-01,7.888601730904254428e-02
3.661480034455218968e-01,1.376117321394583204e-01,1.398567260844338911e-01
-1.114273917570653971e-01,-2.377286169872057098e-01,-4.582285995422687996e-01
-4.354172802248704732e-01,-2.108692216497556338e-01,-4.194623098931379301e-01
-4.180128569345167300e-01,3.210762481843377758e-01,-2.433007855004165609e-01
-3.063516375591124330e-02,-1.257195578587971818e-01,4.761817845906748392e-01
-1.677354917707608584e-01,2.339660121549976823e-01,-4.534360825235044246e-01
-3.913074535159384304e-01,2.958244778977573430e-01,-3.279765988199953020e-01
-3.463318391988923217e-01,-2.406601269455931336e-01,-2.192881355680021960e-01
-2.824056481541090680e-01,1.486287967029120693e-01,-4.223416249960030289e-01
2.740239240248080188e-01,-4.243042740502190879e-01,-8.922404818581852748e-02
-3.864517172274823942e-01,-3.364967392932592949e-01,-2.022966510284416319e-01
-1.171379836607781000e-01,4.591834913440610011e-01,-1.613854541822452582e-01
1.626591464305914281e-01,-4.807367495852669093e-01,-2.328907416119941898e-01
-2.891721056306587601e-01,9.087085160223318248e-02,2.480125858331422295e-01
-8.418074388726382029e-02,1.436722232696563406e-01,-1.044583212550601603e-01
3.409592654669898470e-01,2.897846645603391336e-01,-1.114817683423208194e-02
4.008791556528605859e-01,4.690654839874904836e-01,4.384946521042388801e-01
-2.093159902871238875e-01,8.562267115471711154e-02,-2.707741629265281169e-02
-4.097411264414130283e-01,-4.396980126395899635e-01,-4.808957640368987096e-01
-8.789332078507916535e-02,1.254723188810304979e-01,-2.344433976450538415e-01
4.192878845615465311e-01,-2.504621569536570336e-01,4.040546863287868273e-01
4.118109398766183205e-01,2.652760395479316635e-01,2.608769253458674831e-01
-2.620900330753253016e-01,1.788456874282495779e-01,-1.354917818456646827e-03
-5.325353851330161259e-02,3.947346016079469333e-01,-1.063879633661352075e-01
2.013313033212835723e-01,-3.255374937548904946e-02,3.889641496934351794e-01
2.467775089424663060e-01,1.686582231978709379e-01,1.464931578147231628e-01
-3.936200874426249996e-01,-1.607897818654966393e-01,-2.542555744625600855e-01
-4.282716244062435562e-01,-4.526457523644238368e-01,-4.648192561809720846e-01
-2.456157893170332063e-01,-3.432105364446913498e-02,-1.087583512074918879e-02
4.717883332541306096e-02,3.813499433174968312e-01,2.792450952615441739e-01
-2.102588550843663695e-01,1.686946407579815732e-01,-4.712154918002231518e-01
-3.877959333312790413e-01,3.709805195164427305e-01,2.637628670844176515e-01
-5.920553488033453160e-02,-4.159994924961397667e-01,2.936552150027983421e-01
2.424427597376838106e-01,-4.095421483733091561e-01,3.537709890639056942e-01
6.028683085788233420e-02,3.532777320627025208e-01,1.757486860949963869e-02
-2.323616107532032737e-01,-1.359862615963902677e-01,-1.778209006732095476e-01
1.125220569836028472e-01,-4.519435896947885389e-01,-1.440167300567779529e-01
-7.077421132562844441e-02,2.776399173398934606e-01,3.450526817911249156e-01
-1.749450212063555776e-01,2.059233537607059183e-01,-2.269799930169644764e-01
2.444909049689896197e-01,-4.709938674307123652e-02,1.461604221590309116e-01
-2.443133095545320099e-01,-7.611760611214102301e-02,3.305816205354586979e-01
-1.141516363080311569e-01,-1.234683204063746764e-02,2.351113389042910340e-01
-1.085564768689143422e-01,3.103754867963097741e-01,3.560169186757724535e-01
5.601489079257271353e-02,3.213358133234411884e-02,-7.706554081157912517e-02
-1.950188218526971440e-02,2.577500029013931604e-01,4.282727245677125927e-01
6.119377833301431480e-02,-6.532220859121784517e-02,1.556359367747605082e-01
-1.169762683940801518e-01,-1.644613390576180612e-01,2.993981372811328479e-01
-1.892925577111489455e-01,4.132958558379860037e-01,4.848697198128039121e-01
1.019401866704752191e-01,-4.641794775389150862e-01,-2.945479771751866593e-01
-1.663825543309820354e-01,-4.660753045013621421e-02,1.212337910014352760e-01
7.003906171809681780e-05,-4.419777570955849555e-01,-1.212504519805009950e-01
-3.782070151570018357e-01,-2.417930165451456226e-01,-4.254066245819664305e-01
4.259409965979435997e-01,-2.437513941183281352e-01,2.915137471869093666e-01
-1.644475306590048591e-01,-2.372981314342647030e-01,2.578493200041513944e-01
8.075564586982464377e-02,2.975474447653850829e-01,-2.952825876362213942e-01
-1.357882866464815708e-01,-2.467949525532352473e-01,-4.628200510375778398e-01
3.266494631896527112e-01,2.542761898887518912e-01,-1.955377929901946921e-02
-3.105799844113019681e-01,1.764441571836575795e-01,-4.485290480256064471e-01
3.261644449954170799e-02,-2.947266827120951227e-01,2.182217095995253597e-01
-6.344280385656819732e-02,-3.654130161656073961e-01,-1.047702093563933623e-01
-1.340705771091043053e-01,-1.462892207588003535e-01,3.516637797861190684e-01
3.842468394964020373e-01,4.934853126558002012e-01,3.644618156551112653e-01
-7.533822660041500363e-02,2.661558459792038311e-01,-8.024166556722445165e-03
3.917547172419557633e-01,2.675003750431064198e-01,4.579342185030259582e-01
1.151224203960842241e-01,-2.626360505143811030e-01,-1.279212571281020949e-01
-1.125683237815648940e-01,-2.488597154770977316e-01,-4.395711323152839967e-01
-2.919698623604649601e-01,-4.226009546500186786e-01,-4.759165843474908453e-01
-2.447505532052351995e-01,2.485535232002422656e-01,9.679618030693615260e-03
-4.009173864688455602e-01,3.927047501450228184e-01,-2.268451542516152220e-01
1.124890083780525352e-01,4.011439910303804535e-02,-2.912878953113153813e-01
-4.230452249373929385e-01,-1.504403957599862451e-01,-2.545081610903924263e-01
-1.877304620173035898e-01,-1.823578828995787715e-01,-4.044521599364873099e-01
3.328099161722264387e-01,1.799717583832357581e-01,2.138079363350919859e-02
4.092445910414819199e-01,-3.256355552526740693e-01,2.617624337830218861e-01
-1.314893739140486906e-01,4.885728348031509460e-01,-1.614430454469976128e-01
2.644320678276885772e-01,4.056338002679426014e-01,4.903517031850596064e-01
1.883214304282099238e-02,-3.544926191332168353e-01,-2.509720843989371453e-02
1.809640785736411628e-01,-2.805730257593309629e-01,-2.370064963353191168e-02
-2.510381492727743469e-01,4.834046131892296705e-01,1.891764750911505422e-01
-4.330494953355568111e-02,6.011501410389696876e-02,-1.836212150778665508e-01
4.105741812307492911e-01,2.392573639040083133e-01,2.149282460183646881e-01
-1.029268558979529180e-01,4.806313371785311261e-01,4.696240886550802074e-01
-1.094822660887828647e-01,-2.154958252755577730e-01,4.809193209552382609e-01
6.131546962007772272e-02,3.373997371805308454e-01,-1.754241227340396225e-01
-3.412987650367540482e-01,4.452949309389406807e-01,3.378935233250456305e-01
4.324928346643425181e-01,2.231485497077649871e-01,2.652646604849301371e-01
-2.387949842683119162e-01,2.313314518409602671e-01,-4.477897114779503251e-01
-1.190401004544735519e-01,4.467379238113563522e-01,-5.981382395014023245e-02
3.162989536539055901e-01,3.218205116292199852e-01,4.905448629983721887e-01
-7.894085233926495526e-02,-1.210917772661335157e-02,2.234582849866678655e-01
3.938541796133993023e-01,-2.256513325290715466e-01,3.226740123694973317e-01
-2.522054100776627283e-01,-2.547399164654124970e-01,-3.806185316049277567e-01
-3.749865832352011763e-01,-4.253523049216294538e-01,3.421898858875183080e-01
1.933754832911260824e-02,-3.264206893436472079e-02,-2.179852569267097806e-01
-3.479136768799275803e-01,-1.735537290290266599e-01,-2.625462748355469333e-01
-1.124426100162675413e-01,-1.737383000783122577e-01,4.426467736878252346e-01
-1.599832489378447686e-01,4.589153883457985916e-01,-1.550443074524000542e-01
-4.210282106408800296e-01,2.381129240626578270e-01,-2.201236552459933105e-01
3.495818604260625406e-01,-3.820852722069385532e-01,2.034942985330380205e-01
-3.818416704408125195e-01,-4.509748145744708614e-01,-3.518619433476466440e-01
4.180684964187537656e-01,-3.568985500173651459e-01,3.287260820386728177e-01
-3.994628795932494425e-01,-2.576586628032817572e-01,-4.440870355603561137e-01
-2.545818938769798256e-01,-1.054015518937101437e-02,3.676179024572461262e-01
-3.455536276583154320e-01,-4.327367888675888175e-01,-3.453588957191253694e-01
-4.347991423495876084e-01,2.565274929410709115e-01,-3.562197887513519623e-01
2.777106162977849291e-02,-1.550356680811596499e-01,4.017568281321770574e-01
2.326653894671394385e-01,1.255523277193169029e-01,1.628300785675812490e-01
4.096294791462768980e-01,-2.128745537642962038e-01,2.534432506894535031e-01
-1.021378131715647841e-01,2.729903556506085849e-01,4.561873413011193756e-01
4.341446718897800094e-01,4.414830588929777866e-01,2.855766918090114626e-01
-4.252145213234030940e-01,3.875321393197784792e-01,-3.887672793050473974e-01
3.266906755703424814e-02,2.431331328389101376e-01,-2.009682274971658078e-02
