-1.642115670161881091e-02,2.295833677113342519e-01,4.154395089627311854e-01
2.172213771005334637e-01,2.201890988024992613e-01,-2.337524964601223054e-01
4.354859525314458413e-02,-2.633036295659404447e-01,-1.647963620350718639e-01
1.271448056349673283e-01,-2.872467298685207338e-01,1.398131650456024833e-01
3.012931837752996778e-02,1.182564097689131621e-01,-8.397614389624363795e-02
-2.369532849147798492e-01,2.425728811599781043e-01,2.323291743090869499e-01
-9.272765071744448750e-02,-2.201020123145988050e-01,-4.744228500002365401e-01
-1.150319363813634421e-02,3.853911821319293551e-01,-1.586649089207637919e-01
-9.408179282463691173e-02,-2.982607908669049346e-01,-3.911836636502592501e-01
-4.890126881983059004e-02,1.710586381884121598e-01,4.673583007426161950e-01
1.521605788073278065e-01,-3.032261366033862648e-01,-2.899367484139510065e-01
-2.726273736938322756e-02,-2.792863718239135817e-01,-2.992126193171161797e-01
-6.496077961965751602e-02,3.319064852080360062e-01,2.779916207104782266e-01
-7.803068539977786600e-02,-3.391328713615081591e-01,-3.687324698027684144e-01
2.012714047401200634e-01,-5.231038504729357275e-02,9.946120832584859350e-02
-6.940640507951401084e-02,-2.488390748139749364e-01,4.304538128945725184e-01
-8.486003786988483011e-02,4.737525579391110853e-03,-4.695369693215055706e-01
-1.503331938125773704e-01,-2.688600218503252037e-01,3.469181805139760488e-01
1.844208917459277952e-01,2.928911987402103012e-01,9.200783915347654496e-02
-5.300687856618646610e-02,-2.941386619796400037e-01,1.056678809987648959e-01
-7.640089392248339273e-02,-6.628650538527036673e-02,4.832562434871492396e-01
2.122251993478629917e-02,2.790574396148181036e-01,1.137355323199614743e-01
1.089627727865689621e-01,-2.142012160254416209e-01,-8.275263274647426393e-02
1.288510635627276857e-01,1.279986460346497212e-01,1.013731948696546814e-01
2.019930031709893381e-01,2.712948967327780680e-01,2.510229914874280155e-01
8.193052267020684010e-02,2.301282868602689824e-01,4.077054252164035164e-01
2.806291621907042177e-02,3.245553951712073504e-01,-3.856493142144836739e-01
2.239627475225975939e-01,1.076914396789393491e-01,-4.427268966612174506e-01
6.148675113646262513e-02,-9.515445408368350400e-03,4.766877216583996768e-01
-8.295884606053016697e-03,3.555554912754527175e-01,9.224612140210619593e-02
1.851731130486946597e-01,-2.385220141153466811e-01,3.814803525121304162e-01
-2.126429727204712794e-01,-1.725369976438765329e-01,2.858110360740581113e-01
8.999080610453402684e-02,2.655433308062222775e-01,-4.263532465518933279e-01
1.062009546783188041e-01,4.532116716770873133e-02,4.706879080528835191e-01
1.619444897176882669e-01,1.773393140223640252e-01,4.100258782791859069e-01
5.035839558717924991e-02,-3.381612250630957606e-01,-2.385338862045933706e-01
2.289654119201410820e-01,4.719711207099031025e-02,4.495375273694564022e-01
1.283959509994331283e-01,1.670418136246335505e-01,-2.616912334734395884e-01
2.000605456381288061e-01,-2.216289134255788884e-01,9.775233064184418730e-02
-9.286578914364918003e-02,-5.064106488503417047e-03,-4.557719083735627397e-01
2.569128494973321741e-01,8.599520118131975810e-02,-4.762580469389301463e-01
2.283706367658457914e-01,-1.344759577352936386e-01,4.377318739980418094e-01
-2.544021477958285926e-01,-3.659207486313065250e-02,2.379854806680528068e-01
-3.088031689988124384e-02,3.719483035882382715e-01,-2.633193008343669428e-01
-4.629685227055990726e-02,9.037389845833798674e-03,2.885987062161327055e-01
2.309286011609323896e-01,-2.260050359660382702e-01,-2.560888177246082309e-01
6.602968375016216029e-02,3.691454821965961530e-01,1.569885437890685687e-01
-9.026917876276152608e-02,-2.047303198876142538e-01,-4.643947152353616881e-01
-9.437974881995347953e-02,-9.662757397647669944e-02,4.869958535207893346e-01
-5.998220158669864688e-02,-1.195886538467879623e-01,-3.749685712797815595e-01
-5.036777338164177831e-02,1.396875327278468415e-02,-6.165869392171263730e-02
1.230273924592532042e-01,3.184522566205412186e-01,1.211308830643628154e-01
-3.427132923203513037e-03,3.775316248185923707e-01,-3.160636218127392816e-01
-3.608763847480178644e-02,-3.288315542297787220e-01,3.799262662090024945e-01
-5.102157192532752461e-02,2.235321651332634607e-01,-3.934884251290293733e-02
-6.210263938975257858e-02,1.104681753579633829e-01,4.182886994481636034e-01
1.830619298362624603e-01,2.475145856940951239e-01,-4.295217028385893698e-01
2.074536756917533253e-02,3.092990360018724738e-01,4.200016926521021876e-02
-1.229670415107816384e-01,2.089142288435040795e-01,4.057849449982369183e-01
1.815031431714966281e-01,-1.830086879977002035e-01,3.684989605721440409e-01
5.307360254448667547e-03,-3.915102439524938971e-01,1.889195496198988744e-01
1.888628637656956100e-01,-1.018069397966470113e-01,-1.747931357344270076e-01
-1.139514635933073228e-01,-2.420869239824606778e-01,-4.773976904612462491e-01
3.213298211032844520e-02,2.308966029294490241e-01,-1.320687845735557531e-02
2.208458216384364681e-01,-2.241681042182663841e-02,4.303490038154714759e-01
3.231263484572377553e-02,-9.892058336284959008e-02,4.137536460862629717e-01
-1.372466838824715207e-01,-3.180684854707943598e-01,2.438043150543857118e-01
1.175810659758528276e-01,-2.200498683183916837e-01,2.611856208562000070e-01
6.417645055303955459e-02,2.889261273782630646e-01,7.782913589740936278e-02
2.652681067131124060e-03,3.684169337508992337e-01,1.136195122331601359e-01
-6.119975882065897821e-02,3.427730399156192487e-02,-9.184863584669511472e-02
-3.279869409981006623e-02,1.057473314973964573e-01,2.094723452480086179e-01
1.437548382805767799e-01,-1.933909193368066326e-02,4.354266811609351917e-01
1.513809692920520256e-01,2.859618734077997715e-01,-1.861987241082276867e-01
-1.004837726023528610e-01,1.516158371285325490e-02,4.712904114989965310e-01
-2.688484380238642668e-02,-9.785251033514386076e-02,-1.036331889438996123e-01
-2.560479485281363932e-02,3.538781598899988223e-01,-2.097176428540257209e-01
8.192205288921616813e-04,-3.635441105155611252e-01,3.238866127050534782e-01
1.984051346706020569e-01,-3.201791196258096939e-02,-9.576526098521365160e-02
-8.265891380085688134e-02,-2.190568964987796852e-01,-3.162922091703127547e-01
1.388874442934476816e-01,-1.411804509104042094e-01,2.659473801046112751e-01
1.643696457178522863e-02,-2.493359754158405162e-01,-4.222589729176647877e-01
5.417100473908587066e-02,-1.453478861460083538e-01,7.237125600547422710e-02
5.144344442086634661e-02,-2.398349271051825049e-01,-4.208652895761764157e-01
7.223187005533604488e-02,-1.091646713124324597e-01,-4.012536776551629547e-01
2.767026924586857284e-03,2.558556798511231190e-01,-3.842997985010425666e-01
-6.668223045872101462e-02,1.952612161732870666e-01,2.066004889470643979e-01
2.358034137601009439e-01,2.456490942079181394e-02,-2.921541066822935795e-01
-5.327834707497980382e-02,3.682665149945421046e-01,1.788210925642407245e-01
-4.163664545890322088e-02,-1.091993793065854090e-01,-1.159671689006362971e-01
-4.608167135820451232e-02,-3.525234283918444733e-01,-3.931177806039598543e-01
1.851492511975381117e-01,1.224567286945682509e-01,-4.740091183892196636e-01
6.525937799000058881e-02,2.958516646754283386e-01,-3.525106715960394377e-01
1.387392380939610481e-01,2.473744673166267116e-01,3.334794948858701424e-01
1.385016245922109368e-01,-1.605385470090321398e-01,1.082729234955019937e-01
-8.069162762996184846e-02,1.114964505132232109e-01,2.206134829273347364e-01
-1.572674343892505044e-01,2.438092964392934991e-01,2.373271202709951178e-01
2.042965447533809931e-01,2.581287863205097288e-01,-2.137914409987388131e-01
-2.161198917516427009e-01,-2.687036377608476023e-03,2.284028253988834578e-01
-9.738826800751376744e-02,-2.334039275201138519e-01,-4.696698402760346447e-01
1.446840996652749567e-01,2.831634058973042656e-01,-4.312335915277443199e-01
-3.839922712604593169e-02,-2.531539038506617212e-01,-1.622279731556757199e-01
-1.891894935473747985e-02,-3.118622687050713882e-01,8.224657483357400434e-02
4.031963818111383713e-02,3.591606102735991346e-01,-1.718378799471161900e-01
9.467047063950306818e-02,-1.176515276059579840e-01,-4.761081613705578919e-01
2.500504080427667919e-02,-3.589396540519006473e-01,3.437642476508795397e-01
-3.148180029669367386e-02,3.723003645433582420e-01,-2.775362149294895442e-01
2.291751276294967665e-01,-1.600002818742636279e-01,-3.276944895401338043e-01
1.308468239680404821e-01,-2.986993981757790628e-01,2.495515706344172413e-01
1.233245413345213093e-01,-2.951849298532936983e-01,1.313188945653774864e-01
4.449715119875474745e-02,3.528018805391004431e-01,2.931576473232601066e-01
-1.713541332724622945e-01,-2.342352600198157608e-01,3.371984206077194290e-01
-1.686040078245398810e-02,-1.302369920904120626e-01,4.441211619317735337e-01
1.798329872626703851e-01,8.033392906142100554e-02,4.190684224614712461e-01
1.163884846019378472e-01,7.224984410907731025e-02,-3.358757398492840940e-01
-1.852074892437767240e-01,2.725942865477161137e-01,2.741652677529179405e-01
-5.410478182446065709e-02,-1.821381220611943963e-01,1.083895155480762984e-01
2.207990716404113485e-01,1.772285993683637706e-01,-2.470569729812620574e-01
1.632037436076988479e-01,2.482840798158215678e-01,-4.452616186129847442e-01
1.592329047249573248e-01,-5.682722176250754043e-02,-1.913287447503687622e-01
1.544568355440607554e-01,-6.091003619068513508e-02,4.823197588129185531e-01
1.677925374719213547e-01,5.008569266177564927e-02,1.337255053910978431e-01
-1.093444058837593769e-01,-9.399656525469746171e-02,-4.682540373407674261e-01
-4.123984482449971622e-02,-3.834750640824982071e-01,2.673299218874163330e-01
1.982237481772737286e-01,2.066507035840058348e-01,-4.602927873168993766e-02
1.811776263328235270e-02,-3.411245675238290254e-01,1.233019825476495690e-01
2.228897540872359917e-01,7.462991040938038445e-02,4.453398438418726402e-01
-1.047081839564514283e-01,9.230526700199903622e-02,3.202931037033888151e-01
5.010709990821438087e-02,2.438459829452794825e-01,1.245925340362206146e-01
1.524959525480356071e-01,-4.140775498648852082e-02,-3.033130703303543729e-01
3.259142792592217841e-02,-2.537623636506679548e-01,1.144157948489826770e-01
1.965864823016096885e-01,3.816379284985582654e-02,-1.316217711118417011e-02
-2.423894129948722664e-02,-2.530240803213401612e-01,-4.525194219391208694e-01
6.647130070203000063e-02,-2.044746860968332802e-01,4.630111667581597867e-01
-1.885144885316489827e-01,-2.804647341512820358e-01,2.130756943837023298e-01
7.184001433850950580e-02,1.439963326702313751e-01,3.439679489315733418e-01
9.959786341902976403e-03,7.097254449341916516e-02,-1.431636391131586583e-01
1.921869185420167492e-01,4.944931342809699704e-02,1.212590109372009284e-01
1.793580331477152567e-01,3.130844299085333571e-02,-2.105583056143833787e-03
1.921009841860370493e-01,7.516382360769124915e-03,-4.286325742672812966e-01
1.272032442734227775e-02,3.447581686879588325e-01,2.425240163031812113e-01
1.429480973726535709e-01,-2.201153005394724804e-01,-3.583957503529420219e-01
-2.394460958967081776e-01,2.257077115028994774e-01,2.454301550347155469e-01
-9.417858913831089751e-02,-3.479642182899618241e-01,-3.857860403188140275e-01
-3.983467044366761911e-02,2.992299715939095162e-01,-5.564721807656780594e-02
-1.013860392619863049e-01,2.190823790481619682e-01,-4.168621389444009395e-01
6.330899882893947783e-02,-3.547001457620235776e-01,-2.285903362797510052e-01
-9.291537006914374341e-02,3.011293689272657170e-01,3.525814740579131801e-01
4.198097938124323303e-02,5.439273810601796821e-02,3.904129054200412563e-01
-6.887016926131805938e-03,2.994786492104014597e-01,-7.449461263904610941e-02
1.802268463447549429e-01,-2.003109111106653462e-01,4.106157098454022991e-01
1.785051363734577734e-01,-2.778620110936804721e-01,-1.975721624985824487e-01
-2.305606464016543011e-01,-2.118578571505116415e-01,2.582365822367909125e-01
1.348155267975028604e-01,-1.532969780552149164e-01,4.723102332630562117e-01
1.135884446628908639e-01,-3.109148557187040307e-01,-2.563398054353176470e-01
-2.531092107970616123e-01,5.164042471286922620e-02,2.413843854681493317e-01
1.533788170379524196e-03,-3.325321849354313519e-01,-2.364018478644364096e-01
1.055726260412220840e-01,-4.727931483195368934e-02,-4.730014077626785163e-01
6.022109141222442563e-02,2.883162206024224572e-01,2.789693035881189997e-01
-2.839636230311604059e-02,-3.373097924066786879e-01,9.007875886717642278e-02
2.259789280175109605e-01,7.403119035364313927e-02,-4.264182554724109675e-01
-5.289562337357600619e-02,2.128918301464359786e-01,4.371602160847585239e-01
-3.232189658751105643e-02,8.082079137214748243e-02,-3.816898709062677142e-02
4.659400552640136084e-02,1.823738636866255591e-01,-4.743404915970015345e-01
1.765874728877450117e-01,2.911098886118524964e-01,1.321167663808845427e-01
7.621352314351415025e-02,-1.906999364961514676e-01,-4.520569908072078480e-01
-2.567932533630568059e-02,1.136220402704424259e-01,-4.518065874940783155e-01
2.283763130035408873e-01,-3.181185418767795703e-02,4.707938994007574429e-01
2.525778806558441891e-01,-7.780124103522378931e-02,-4.586480833086609143e-01
8.236387349082352483e-02,2.899002357866934387e-01,3.076149874001721241e-02
6.594971078353972782e-02,-1.142487760771450089e-01,2.601902322687169589e-01
3.661864570641393257e-02,1.970443224511856384e-01,4.367074724235685546e-01
-1.278330924382501399e-01,1.773433450266980183e-01,4.324835754359063200e-01
-1.176417480687408368e-02,-6.473311945017778957e-02,1.281927405667879771e-01
2.291453239309344525e-01,2.268609447384315470e-01,-2.699387778881982003e-01
7.715780968079499758e-02,1.744087836738494879e-01,-2.468261181958925077e-01
1.822684343820499819e-01,2.008190100781781506e-01,-8.213975842769727365e-03
1.971102490318265010e-01,-2.643294387060423078e-01,2.991642301882602162e-01
2.337302576350419603e-02,3.763337664320508535e-01,1.276102440980526609e-01
5.101235343422638735e-02,3.641071955158927675e-01,5.834047907210659911e-02
2.984128902050064980e-02,3.633409121647140916e-01,8.701799858633785245e-02
2.114482405713663526e-01,-1.203073195783149751e-01,4.403166130935883826e-01
1.694636036977036353e-01,-2.480102846332036259e-01,-9.262048372800990581e-02
-6.272902601471397332e-02,-3.474693479121793160e-01,-3.116986190968580317e-01
9.785153990301564964e-02,-2.737993426763357663e-01,3.832196934717266856e-01
1.246476274640264670e-01,8.123664780847095201e-02,-4.591837480836135077e-01
3.344534596389125980e-02,3.377934187185148707e-01,5.888761763839633900e-02
7.062451726411311803e-02,2.468099291320047239e-02,4.757730951007641540e-01
-1.855758086050480760e-01,1.852211526182080403e-01,3.154153643665914553e-01
1.617003781453865141e-01,-1.585596189588139859e-01,-2.024312885670352946e-01
-1.163326593170943557e-02,-1.900518436235717479e-01,-4.449351205783115271e-01
1.377050945309382657e-01,1.484347636371124990e-01,3.863687063976273262e-01
1.071959237085102767e-01,2.951779782058400192e-01,5.933235636799927271e-03
-1.645087830517222294e-02,-2.131495282605609942e-01,-1.820675182683291204e-01
2.021429037898125891e-02,1.423791797324325259e-03,-4.608476268522191388e-01
5.167583513450224597e-02,-3.218136733309169273e-01,3.732669983537159064e-01
1.528179887440460627e-01,4.597371009513406825e-03,-1.277727847782278436e-01
7.741100452211346905e-02,1.896134117075733982e-01,-3.284708891182911428e-01
4.644824045325701700e-02,-2.718564320253931132e-01,1.052103756330609041e-01
-9.759489809616728184e-02,-3.413374293685665917e-01,-4.074945043187110372e-01
3.749280034755897439e-02,-9.674501834035031944e-02,-4.733368480295309100e-01
-1.604334104040161524e-02,3.372277118648596694e-01,3.665416089518083176e-01
3.296974361271043374e-02,1.239285776845165943e-01,-4.642451534051639239e-01
2.241775610410969843e-01,2.039517978124083530e-01,-3.818052451532231162e-01
2.308430185783547639e-01,-1.696375430921248650e-02,-4.114406453218754089e-01
2.260372755469695072e-01,1.566947100381163027e-01,4.033787783862224918e-01
1.242141071319686763e-01,-4.720829075762966731e-02,-4.735783889730890150e-01
6.361592775931357302e-02,9.784556827477663976e-02,-4.770434015522972970e-01
6.804476101921641540e-02,-3.214512098358978109e-01,-3.353105306879784475e-01
-1.257160685490537055e-01,2.975434976291685407e-01,3.321183725284998500e-01
-1.116923995570349160e-01,-1.925402486142795411e-01,4.525487082424750618e-01
1.666946486034921460e-01,1.528025499348717453e-02,7.870106103130325437e-03
-8.479675573560097046e-02,1.025799852255149247e-01,-4.569786413589944640e-01
1.134353683970246163e-01,-2.696911463562150502e-01,-2.077063388953134249e-01
6.127246247184392480e-02,-1.386724650657711333e-01,7.656503483639220953e-02
-5.217576260414169553e-02,2.857040739730778434e-01,3.780479157838378956e-01
-6.473031752822100415e-02,3.327448170451569043e-01,1.115303412859944832e-01
1.266012510148454284e-01,3.849354409249805542e-02,-2.751634902647349668e-01
-1.093071095931894554e-01,3.628133219798501674e-02,4.029839902377377880e-01
4.172169505915546139e-02,-3.045750956884896166e-02,-1.030871627071698882e-01
1.308004454261310068e-01,9.296467067134384088e-02,5.626180811294323458e-02
-1.721068610025522361e-04,-2.031174343867668819e-01,4.402031591621907713e-01
2.485391986212154292e-01,5.084206202711394340e-02,-3.644075791678548226e-01
1.453802044956129524e-01,-1.733897603356759909e-02,4.679579301598513208e-01
1.655253633047022443e-01,-2.870905466642492687e-01,1.552266777905807471e-01
2.050499241162165864e-01,1.413448404186257168e-02,4.645965511944268878e-01
-5.585640474689546053e-02,3.261053199838129801e-01,1.170693643526774519e-01
2.155466440852404908e-02,2.327515668920423497e-01,-2.523218195549964404e-01
-5.080407976033152195e-02,-1.995567141586894744e-01,-4.802859727664078315e-01
2.200965329974687856e-01,-1.282876145697404713e-01,4.315007979082278178e-01
2.294748420776363540e-01,2.334074657614098047e-01,-4.450559881159498188e-01
1.473521793564723792e-01,-6.894536798490469298e-02,4.802199061561246429e-01
1.002126341046887248e-01,3.889359556168869858e-03,-9.132253218777419690e-03
-3.472406945891626240e-02,2.603369552893041172e-01,4.281382890492532178e-01
-1.119129849662403586e-01,-2.379133046873703750e-01,4.096478997199075600e-01
-6.553349984722123267e-03,3.682197536869302734e-01,2.496629072995983911e-01
1.608644207933670467e-01,5.186910557197388361e-02,-4.730197783460631245e-01
6.881413293000915310e-02,5.347623105805987542e-02,-3.445157458046299581e-01
2.766534825743738324e-02,2.488019369631393474e-01,-7.423558350124537242e-02
1.801767454455005524e-01,1.301254606205163311e-01,4.007877875739657147e-01
1.013519397596540639e-02,1.491915753482409013e-02,3.627524796070635826e-02
2.602880465035155577e-01,2.453959668749002843e-01,-4.788552532123870886e-01
-2.555131709326953215e-01,-1.197705966810314049e-02,2.233496305195542542e-01
-6.200790710303039077e-02,8.883074428505133291e-02,-1.561026639098883617e-02
3.623030570337681944e-02,-3.499318065563635782e-01,3.358121369464129868e-01
-2.421890138927318414e-02,-3.890339994500181531e-01,1.386219734763826095e-01
1.253829557840471232e-01,3.075109670881086554e-01,2.715385489966745114e-01
-1.221777576036522373e-01,9.364390077242257249e-02,3.804123959126580745e-01
2.633673711330489775e-01,2.178797092760156318e-01,-4.532155088703557766e-01
1.241594147502533829e-01,2.996517654933863462e-01,-2.356511310338861298e-01
-5.752831411935432904e-02,-3.133581978690883618e-01,1.164347029644806630e-01
1.836076916647638724e-01,2.885959919857786771e-01,-4.652759994304029867e-01
-2.614027016763942335e-03,2.480950325298600934e-01,3.614216564309746804e-01
-5.846213487502860406e-02,3.567144467150376030e-01,-2.263106544166157974e-01
1.058782636811628208e-02,-4.943472338599197435e-02,-2.218139314863365463e-02
9.034874829198713542e-02,3.521119339710471197e-01,1.729755627344837787e-01
1.060681692672763576e-01,2.678855941363524895e-01,-4.537686300399342842e-01
1.578035797916423899e-01,1.591841447553313804e-01,-7.119786625543833569e-02
9.501498263546370726e-02,-1.220887172760674044e-01,4.757341882045484915e-01
1.179667158226294088e-01,7.805650891572846195e-02,4.750977630246463468e-01
3.089011999553870069e-02,-3.205564410902710382e-01,-1.879324337602262807e-01
-1.276153966499096182e-01,-2.787737785877788532e-01,2.150944503883301939e-01
-2.816488726521215735e-02,-3.646921564032062912e-01,-3.719795155797478436e-01
-1.092219596503222201e-01,-7.638318819360379042e-02,-4.724445017325225038e-01
2.221713237996412182e-01,-1.596102472561052865e-01,3.942296962292926032e-01
1.080577574026599930e-01,2.980182224224691145e-01,-3.732472540705896735e-01
-5.471932737514584311e-02,2.065749912379832853e-01,-3.441735762429216638e-01
-5.348134861703313092e-02,3.591823539521046271e-01,-2.408459595294267785e-01
1.732223070354311778e-01,-2.182795541084736612e-01,-2.172452336726701239e-01
-1.366853746704899120e-01,2.485197855931061683e-01,3.144636893011618639e-01
-1.613862584084647667e-01,-2.864916983680967366e-01,2.352948240623139453e-01
1.263585036861669675e-02,-3.188128568116630479e-01,-1.879892112165069129e-01
-1.661494313876491491e-01,-3.160230211746551943e-01,2.261543632071351118e-01
-6.877257706035622142e-02,1.712538685427595908e-01,-4.492372581193614378e-01
-1.863709880043040723e-02,1.458248649949733800e-01,4.655909692831714519e-01
-1.045468675123055746e-01,-8.107819875312416436e-02,2.827033405052929993e-01
1.260903859820853290e-01,1.634461091877050798e-01,2.570786064386799685e-01
1.357552496835198186e-01,-2.108308137696679463e-01,-9.396833545747851346e-02
1.648158534993807711e-01,1.377342773825700473e-01,4.415976547459518065e-01
-1.960716058505714843e-01,2.753864636127991705e-01,2.924268888514209852e-01
9.365292095569144326e-02,2.189499790329807460e-02,1.442886016137988614e-01
2.131605148843135344e-01,-2.814336874139578004e-01,2.146571403004796652e-01
8.308100456098377329e-02,-1.243425660226025187e-01,9.461116549972026224e-02
-5.314333513495406169e-02,9.576610020479769947e-02,-1.113756652689451565e-01
8.617797148688466358e-02,-2.136046228705987815e-01,-1.245206359223935966e-01
-1.010348536609184666e-02,-1.542525582699830755e-01,-4.692388688033474198e-01
-9.316931322266486237e-02,-1.648399256507016020e-01,4.097748210116606282e-01
1.198158401502192882e-01,3.177764162504624901e-01,-1.753414613766671737e-01
6.752403992880184891e-02,-1.297352992423516094e-01,-1.586735922200387394e-01
1.565376306833328179e-01,-4.766986016325258646e-02,4.476282207148679637e-01
1.592958423175164784e-01,-1.106399797131965013e-01,-7.684696473472063527e-02
-2.776192261511833959e-02,1.678743169543773783e-01,-4.374688146860206128e-02
-1.213504029894686420e-01,3.862353324959477696e-02,4.341986010248619632e-01
1.562776381211189447e-01,2.214176375577020517e-01,-4.332801303760984712e-01
-1.848536267056821725e-02,-3.796746664269355920e-01,1.377275301181648537e-01
3.485662563755942411e-02,-1.163322452315955768e-01,-1.077790200168381451e-01
7.743997302664051841e-02,2.763032576145906249e-01,-6.136201872089386278e-02
-3.562933964493109062e-02,3.771619940019174111e-01,-2.163305597759485055e-01
1.071626071778549738e-01,3.238003699600370267e-01,1.328410642652175788e-01
-1.704686493118403590e-01,2.387122271109527460e-01,3.499821663074071942e-01
2.067484995779976797e-01,-1.682646221583581347e-01,-8.659869124754648873e-02
5.263750743930006859e-02,-1.768045821516294192e-01,-4.515812526992885045e-01
-9.760483051650381547e-02,-2.301045667573544673e-01,-4.646620283021196673e-01
3.911209307944807367e-02,-3.377000835451946514e-01,3.216095386165890302e-01
-5.343337984964979803e-02,9.756642873793963666e-02,4.841706391324113179e-01
1.836422931942931491e-01,-2.067474081541378350e-01,1.717695142330400992e-01
-1.840610626050276366e-02,-3.446705244467280771e-01,3.508437212956566631e-01
2.106135827058662757e-01,-2.311883773724809910e-02,-1.076450693068253806e-01
1.655080439755436394e-01,-2.034811649146495149e-02,-3.876110427519452450e-03
2.163195484661825096e-01,-8.456349076308244950e-02,2.861088728450013052e-01
8.593663416522401288e-02,2.917109940552427005e-01,-3.608302606861968354e-01
-1.843836402248133499e-02,-2.779613002636337482e-01,-4.351294438892443495e-01
-1.027942549813453121e-01,-1.798086168463202128e-01,1.981139720943024818e-01
6.334142320781144253e-02,-3.618976748621958173e-01,2.998310329989180012e-01
1.033346523978521114e-01,2.200766538411745854e-01,2.208575678561056632e-01
2.425111135706480292e-01,1.206021917794850573e-01,-4.667319125430287041e-01
1.226285451664963499e-01,2.986844077442352141e-01,-3.098536972076293416e-03
-8.981614280786853755e-02,-9.783635855425398820e-02,-4.370272867789981586e-01
-5.648054652656064878e-02,1.252486525223082126e-01,-1.341206013807134667e-01
-6.449846026667171994e-02,7.757265713692274023e-02,1.823305655818241444e-02
1.601297172056267426e-01,2.519341789664224507e-01,-2.908900189022439742e-01
-2.908497989604719169e-02,-4.015339015106148546e-01,2.285265003655827520e-01
-6.292827511476306590e-03,-1.743011890059219526e-01,-2.420621139591337956e-01
-1.300157672980173373e-02,-1.486784748516454258e-01,4.864799382767757141e-01
2.115072606358048279e-02,2.567507429812901920e-01,3.144513842049321273e-01
-6.745867851521480940e-02,2.477782928798166751e-01,-3.316457621130342037e-01
1.934747897980748643e-01,-2.747485958675079942e-01,-1.566213539698443347e-01
-4.432102882274535638e-02,-2.989158540362908401e-01,3.287723054014918267e-01
5.042844683144254159e-02,2.837711560844656811e-01,2.025635456993502004e-02
8.922776823402667201e-02,-3.437617715881837732e-01,2.474575494613345805e-01
2.564326672599489543e-01,2.228593753090802876e-01,-4.736419253540112839e-01
5.551745121142759309e-02,3.266560204531893108e-01,1.093624173007602396e-01
-5.003371518503241244e-02,3.012006012358890983e-01,8.091210253768765792e-02
2.544711313297700617e-01,3.521433337816104459e-02,-4.644710711348556398e-01
2.494003410478896621e-01,-5.954867843312461329e-02,-4.093971537842659991e-01
8.303605579652129087e-02,-3.595984939991003770e-02,-1.324294703876777168e-01
2.634282947971476885e-01,2.268629443580850724e-01,-4.758489207656950715e-01
1.923225703911415341e-01,2.775411971994923288e-02,1.083776961598970079e-01
-6.089659845442552122e-02,-2.895738344347241755e-01,8.500600114140455243e-02
1.920796466724180585e-01,1.242174318504729591e-02,1.309961069073805051e-01
7.708002823471038489e-02,-1.960792914398191700e-01,8.375832514742986845e-02
4.464496989439248331e-02,2.353617541150433423e-01,2.411132954172953147e-01
2.122525007678356390e-01,-1.434482699450274623e-01,2.726051798362598699e-01
-8.468669702994535697e-03,-3.264665563506082835e-01,-3.695618616565834458e-01
1.471386424766851775e-02,3.213150786098405431e-01,-3.412597832986141722e-02
1.999741722482046846e-01,2.698758304694741650e-01,2.928387352088400730e-01
1.763428406698719364e-01,-2.534562843021972434e-01,-3.646346168232673657e-01
-1.196435778240251269e-01,-2.626766315735757917e-01,2.301218176133319471e-01
2.255788608767310688e-01,1.426666261746560860e-01,-2.636945905983141270e-01
2.294685029540446397e-01,2.276928762306177356e-01,-4.742715758271803805e-01
1.050674302723211273e-01,-1.342876330614334313e-01,-4.663215592509468710e-01
-2.386523780804360451e-01,6.699570545341015926e-02,2.479287815114097349e-01
-2.429880748406346713e-01,-2.478371205988106896e-01,2.357586654737625631e-01
1.047316240211337846e-01,-5.542102865556108870e-02,-4.740954167817988951e-01
-9.202955917904565020e-02,-2.982155502537913172e-01,-4.279358022887688184e-01
1.625944508552664702e-01,3.021142260378802957e-01,3.290465083413907088e-02
1.174638740560834949e-01,5.718963229922624514e-02,-2.785769671381586043e-01
1.670865643964867253e-01,-1.621612605411892893e-02,-2.887228825540685273e-01
-1.421361556549149974e-03,3.776349702667685104e-01,-1.543905395561788740e-01
-7.806612181214245272e-02,-3.267836479115294734e-01,-2.831479387082456167e-01
-5.032360558326831601e-02,2.726369342644971994e-01,-2.416457461481658076e-01
1.721237291479216225e-01,-2.735214079032131096e-01,-3.082005410639202525e-01
4.192641765946469867e-03,-2.973510142517244992e-01,1.358371074189976824e-01
1.456176293653350662e-01,1.860501700561186800e-01,-4.354884852401543771e-01
2.307959063644097197e-01,-2.253040309589984247e-01,-3.224922226451774065e-01
4.585459024784355186e-03,3.281487098738522512e-01,-3.939931689804742065e-01
-8.416304385640438479e-02,1.368103427005484818e-02,-4.669811120187031817e-01
-6.915190804638171596e-02,-3.487045616544108828e-01,-3.463212198286298449e-01
1.765202604045601475e-02,-2.341389726306016827e-01,4.595021771913024855e-01
-9.258361540957316116e-02,-9.976051696691701220e-02,4.782169956498282248e-01
7.336925239527347653e-02,1.078402227883532571e-01,4.527597821973813330e-01
-2.709892953896664292e-02,-2.165871300564614632e-01,4.367724803430189651e-01
1.561997796159080298e-01,-3.069630773626570441e-01,2.096216020232107846e-01
4.130325817575664082e-03,3.664689171536098522e-01,2.969246079418493833e-01
-1.404183679181891797e-02,2.945305778278282105e-01,-2.974851759802285001e-01
2.073308247387370962e-01,-1.252859349691538560e-01,-9.042261332542311791e-02
-1.950742548569250889e-02,7.919168843756207998e-02,-9.131768176285182115e-02
1.465426845771914399e-01,-7.611913580334483953e-02,-4.715598995763595758e-01
4.002101637575994353e-02,-2.658380728680617144e-01,9.933082822356020802e-02
-8.056594567945718488e-02,-3.436157051147901154e-01,-4.108102592266940079e-01
1.449966909822852923e-01,-3.027492629966447302e-01,-3.038703864434071367e-01
2.117619722276845584e-01,2.329100533866217404e-01,1.964824709050695395e-01
2.122831584377758984e-01,-9.089896810922115655e-02,3.370053379824177187e-01
2.998131872522546981e-02,3.438544507300639319e-01,-3.790154378464127838e-01
-2.578604915881418380e-01,-8.097700267618457293e-02,2.251522013916781306e-01
-7.866476447181680598e-02,-9.135258374050314600e-02,4.531104695128624904e-01
2.112718748090552934e-01,-5.019853786371897275e-02,-1.284235884656393933e-01
-1.868278888712660013e-03,3.790416279533432853e-01,1.261305379968725715e-01
-1.341951939438094099e-01,1.630324979701330834e-01,2.282493904912563654e-01
1.373860787332384925e-01,-3.835114125522509632e-03,-9.131243270342637164e-02
-9.357261819533402303e-02,1.265591265166153834e-01,-4.700986751463457347e-01
-5.288598163612823200e-03,2.189612087203454127e-01,3.155149085887676286e-02
-3.299962396926114927e-02,2.873770696430487659e-01,-8.730708011527810175e-02
1.920071772496378948e-02,5.950283799836253440e-02,-4.184143384734351212e-02
1.046600391130136920e-01,3.068918883890774385e-01,-1.800985292147145866e-01
1.959934680296723242e-01,6.003470345571804145e-02,-4.014032481114854223e-01
1.667636855640353133e-02,3.693752477687982649e-01,-3.505430622623585402e-01
-1.333119992431801570e-01,-2.965114983195031861e-01,3.623462388443350335e-01
-7.700557478928160560e-02,-2.618713635843850085e-01,-3.109202072826610097e-01
-3.317411151062987784e-02,3.743306557309760141e-01,-2.058570739435205965e-01
1.645435320218768815e-01,2.461153472583272883e-01,3.367370799135007697e-01
-1.703015533333199771e-01,2.863510295441558107e-01,2.443110317988025360e-01
-2.206753587599241673e-02,-3.334755889924142513e-01,-3.278119717392307120e-01
-6.862656363833130602e-02,-1.637172933022060795e-01,-3.111295320131655107e-01
1.465991905636779835e-01,2.375621228796729323e-01,-4.598912960837729935e-01
-1.898624211823596308e-02,-3.571286798416477559e-01,3.545631070911090532e-01
4.825362060011151311e-02,2.821916478025093822e-01,3.850998212602272375e-01
2.379142191555064789e-01,-8.657926684308492327e-02,4.664116208085236082e-01
-8.122593467228189645e-02,-1.918331138978700556e-01,4.392535875143107615e-01
1.545660229869801894e-01,-8.449781472863449050e-02,-3.292987625011185582e-01
2.011992115316223462e-01,-7.044370471586680615e-03,1.174825304312432372e-01
-1.061936211654894713e-01,5.961179447709907819e-02,3.849590629184149737e-01
1.678751784631513644e-01,5.734455016715223064e-02,-2.951849555288273974e-01
6.560304916830661526e-02,-2.517657393341057315e-01,-3.300416882503214300e-01
-1.634937871383241870e-01,2.522480710459424902e-01,3.546302430033082542e-01
-5.693325640092827822e-02,1.445312417673769723e-01,-1.502020456792837466e-01
2.601388525627366111e-01,1.700243370854749303e-01,-4.701548643944620798e-01
-8.287263921030540992e-02,-2.388410252944828116e-01,-4.174577285599818666e-01
2.310737539908068738e-01,1.201237708279339067e-01,4.109408416425495147e-01
1.055822752982906731e-01,-9.812621591972492396e-04,4.743315121857351047e-01
-2.596421910296493607e-01,2.083609961795792609e-01,2.380918831035436778e-01
-4.412432734504645460e-02,-2.065907457064819486e-01,-4.484469395537705738e-01
8.628639701050067057e-02,2.786300284761212831e-01,-1.001118101963449636e-02
-5.596994262253685015e-03,3.134328141960757153e-01,-3.856710364264068769e-01
5.366451392456172975e-03,9.142888344444122239e-02,4.643881534124006949e-01
1.519936307884649507e-01,-3.017161129239019912e-01,1.720392182672829673e-01
-3.606666862798757478e-02,3.716258812446339155e-01,-1.821290941065385471e-01
1.319162526483625975e-01,5.641885639526000862e-02,3.385661324113313775e-01
2.163327726138277729e-01,-1.371743481260394582e-01,-4.048095660569027698e-01
4.921085687969450895e-03,-2.379603678220781893e-01,-1.234868104256370280e-01
8.382060007823399772e-02,-2.700396001343537966e-01,-1.339590676756596821e-01
-1.429699262658257197e-02,3.872449343647725861e-01,-1.712934247848900693e-01
-1.332014480528875833e-02,-3.643482186814711588e-01,1.409792898285757712e-01
6.051481430598759648e-02,-1.528861470586211357e-01,4.553565123187754971e-01
-6.253130654511640518e-02,-3.498394112632877695e-01,-4.027255362513875170e-01
2.170076408244965283e-01,2.296080484984758252e-01,-4.802422125231967653e-01
6.239313867346640841e-02,-8.946115689569944518e-02,-4.754036548781835902e-01
1.813647150269335206e-01,-2.625007349942509727e-02,2.329921478256965495e-01
5.060348675004877617e-02,1.193744844967394858e-01,1.350562063326088413e-01
-2.180609494859186981e-01,-2.451327121981193846e-01,2.251376950858317016e-01
-7.026571986768248568e-02,2.914224267187726092e-01,-2.393806656762377250e-01
1.244473158506385069e-01,-1.578060916365875421e-01,3.019297350337211139e-01
9.984256803908353461e-03,-3.053537327950497371e-01,-2.587078901478399029e-01
1.383029925610723687e-01,-1.562683565558037335e-01,4.501563264768290162e-01
2.128864510290127132e-01,2.361683043022243522e-01,1.956081698408833613e-01
1.154741246038458735e-01,2.720898876898844021e-01,-1.932530027010401774e-01
1.122460426404751077e-01,-8.614879228001637301e-03,-4.352134831453754460e-01
8.299410438152299285e-03,3.808725124825538266e-01,-1.907708661920922699e-01
7.778478447993986133e-02,-3.334606548161034301e-01,-2.476429532774140352e-01
8.543450675211239354e-02,3.541548703920982533e-01,7.703184994682976683e-02
-1.884379275632253048e-02,3.669779581038852267e-01,-2.074811775922886792e-01
-2.234190155490720642e-01,2.583244821162322680e-02,2.197866391084900561e-01
-6.504645699524280733e-02,-1.739565462497205672e-01,-1.117397873090677507e-01
-7.609489552314441241e-02,7.781218022340663509e-03,-2.990363899999275432e-01
2.035090615068472220e-01,-4.244789168888452036e-02,4.794900993497200892e-01
7.983094655757261293e-02,-2.649494437926670498e-01,-1.674443772705143108e-01
-4.941568070683655112e-02,2.969740624134276086e-01,-2.526106382892268076e-01
-5.696810916744110553e-02,3.662317511770085687e-02,-3.133042057120261070e-02
1.200025878918165034e-02,3.910620443643708644e-02,2.633712663813767563e-01
1.941635865381714510e-01,-2.015499030502857503e-01,-1.115687634062666467e-01
1.990563854815230460e-02,2.455653501703352060e-01,1.777652737653667714e-02
1.249633712956643716e-01,1.469074739602266311e-01,-4.245657332028773823e-02
2.031736811914011120e-01,1.606958987566639019e-01,-2.457398190338047073e-01
1.594211110168219925e-02,-8.366170701225705830e-02,-4.737838150699120732e-01
7.310719255512476700e-02,2.507742836168651568e-01,5.613733878111526465e-02
-2.979136955757233363e-02,2.842314880771278363e-01,1.741958488218552370e-01
-1.565698807742776921e-02,-3.159971887216804776e-01,-2.078310832054083290e-01
2.116993199198060616e-01,-2.645695494394397773e-01,1.841360715950558502e-01
-3.597653705056924611e-02,2.193599310915897993e-01,-2.548433314509012115e-01
2.662665584453736134e-01,2.359352179216935852e-01,-4.762429692895732147e-01
1.161765190132987291e-01,8.531512976769961565e-02,4.696946261336690798e-01
7.643290743864494807e-03,-1.692678943827741200e-03,2.123345229485851249e-02
2.198881065895065268e-01,-1.817791512010372701e-01,-3.247523214011903692e-01
2.464250942752899132e-02,5.706314212520602336e-02,4.258535670687491059e-02
4.177625242422255969e-02,-1.809624312339431773e-01,-4.157968261464126680e-01
1.170543288609009469e-01,3.047690411629685459e-01,-1.944067566389459101e-01
1.585125745656609242e-01,1.797260184885660639e-01,-4.685577174690125357e-02
-2.536344721272842939e-03,9.784190722165742038e-02,4.816508199239348809e-01
1.207695263775163674e-01,3.114808542965704641e-01,4.925359088365399707e-02
2.070833803379359406e-01,2.117750081928539974e-01,1.032187617710633720e-01
-2.557441888411560171e-03,-5.840471327146135039e-02,-2.715056583836605864e-02
1.030401414499171331e-03,-3.617510200897647854e-01,1.397002092630554859e-01
2.267985243524160976e-01,-1.098887553939914552e-01,-3.098962004516303548e-01
1.097186308438490299e-01,-3.145203181035985951e-01,-1.403372748244624546e-01
-1.833197650432962789e-01,-2.324855740849827157e-01,2.133969520259390018e-01
1.999706018335268842e-01,1.500359936749822154e-01,-3.295208894394663357e-02
-2.530072106128455900e-02,-1.735441024035790925e-01,-3.519877108749533967e-01
-2.000913828657461258e-01,-2.818781383502722004e-01,3.066049392407720342e-01
6.265830223140544941e-02,3.400080028732858084e-01,-3.782343216631780525e-01
-6.857170108357735216e-03,1.689397702969164250e-01,-2.755210773636693755e-01
9.175126631774110919e-04,-2.428246967435868653e-01,-4.086795202570887575e-01
1.747557416326308566e-01,-1.006802031142902676e-01,-4.633850238210676098e-01
1.675943055911592872e-01,-1.975293666021142869e-01,-9.249673481878928349e-02
2.576900290400651050e-01,2.008518535937454663e-01,-4.409354661949357324e-01
1.183799155587368368e-01,2.586230857379161474e-01,3.401320806415396580e-01
-2.022351384665500573e-01,9.313373190033924498e-02,3.096331459440279099e-01
9.803501720511120787e-02,-1.282787776813050229e-01,9.721656265828537702e-02
-2.450704038180990807e-01,-2.743804058252117262e-01,2.459912941736035474e-01
1.159835837718840024e-01,-1.261039508750330107e-01,4.818149914323737182e-01
-2.531218366919620877e-01,3.715117327613215448e-02,2.174183904082963581e-01
1.653198138404478046e-01,1.750455588454867817e-01,1.924415697859043206e-01
5.263410587704131505e-02,2.839973783084032144e-01,2.761490157650259292e-02
1.396501943166451598e-01,3.086700922299446814e-01,1.801126895435867237e-02
1.067651841962122816e-01,-2.106418163687562295e-02,4.682592221712212899e-01
-2.122471199234998718e-02,3.693607209709928174e-01,2.702698914808938646e-01
1.168867112816387444e-01,-4.781407855371289095e-02,-4.623134200790269821e-01
8.722096356766795289e-03,-1.806999957698089965e-01,7.433379534785544696e-02
-3.843020043730294155e-02,3.403835251116619220e-01,3.443821727525624432e-01
1.719683178459974204e-01,3.363601466490895309e-02,4.317897986937380139e-04
-5.826535638634300351e-02,1.596756307495388327e-01,4.816752404236501750e-02
-6.535704382982931993e-02,-3.027037935457395079e-01,3.935111871202277012e-01
1.843540041480162817e-02,1.088067450962248994e-01,-4.647720773261705407e-01
-2.607366503054614482e-01,-2.409663902638470301e-02,2.323951725365129839e-01
-6.546222667491807812e-02,2.722008947023134562e-01,-5.488071397016058839e-02
2.057158443193278785e-01,7.292229285838347508e-02,-1.144718115130447522e-01
2.021947232427356855e-01,1.563331397998739547e-01,-6.695352890478567520e-02
1.881837742205549890e-01,4.320587347297166758e-02,-1.047390801516201453e-01
7.034801622977215896e-02,1.058730610918823256e-01,4.645004444662867993e-01
5.759636109548438299e-03,-3.590758539029313967e-01,3.562102340357879982e-01
8.436078708020422479e-02,-1.517076234103443833e-01,-6.535047685627992653e-02
2.548923034832106804e-02,3.601459506451722969e-01,-3.131391633719348144e-01
2.291931797322136477e-01,3.359024123851772625e-02,-3.127476279711942642e-01
-5.666844733199016826e-02,2.563051527754197645e-01,-5.161587780533283265e-02
1.724239562623682831e-01,-5.917403612415483849e-02,-6.496832640211991361e-02
-7.819747462563031437e-02,-2.113086077713732802e-01,-3.165292999766171622e-01
9.179226736555667898e-02,-1.005967461337125002e-01,1.199720783289038861e-01
-4.341161871734933175e-02,3.512229525796335405e-01,3.028972414890969134e-01
9.170035165205392413e-02,9.572307354783027300e-02,-4.020511351125463095e-01
-5.995580980197134924e-02,2.824246358738338181e-01,-8.978854223763299558e-02
-6.469374472390754249e-02,-1.216068004642445466e-02,4.846022460726303605e-01
2.080883518481456695e-01,-1.339663488184306139e-02,-3.085786806844115215e-01
1.816333109091887721e-01,1.891155434347935316e-01,-5.234050269301648850e-02
2.021153995763205202e-01,9.511951358498615949e-02,1.514518798926722809e-01
-1.472184552181274864e-01,-2.991892565976741469e-01,3.138969068194098488e-01
7.214751073969338790e-02,-3.040225746114543215e-01,1.748973317281515838e-01
-4.151719391781016899e-02,-3.256426199924636888e-01,-2.494426221556436118e-01
2.380333471201387940e-01,-1.918290608316995938e-01,-3.750707242647262074e-01
6.661784997632735905e-02,-6.810623339340504678e-02,-2.192094217338985684e-01
2.098579791868171451e-02,-3.707707834597793184e-01,-3.060267232097004797e-01
5.880067892333629143e-02,-1.267374568663186540e-01,1.576319054256476448e-01
-9.373825547818370740e-02,7.622101904006306494e-02,4.859970331805755217e-01
1.090208664817474693e-01,9.141918321602338082e-02,6.494589428667763009e-02
5.354793210039954232e-02,-2.324776535611864370e-01,7.836335743732403269e-02
-1.029078441606827710e-01,7.394158101262249261e-02,4.791860005284807045e-01
2.313772154234490230e-01,2.054447923946289833e-02,-4.808648353395827968e-01
-3.293435319927262572e-02,9.769520345027460362e-02,1.257818579906754275e-01
-8.775804674475928824e-02,-2.627430495685345591e-01,-4.149975869346204105e-01
2.018829078630685059e-01,-2.161170781011847453e-01,-9.371237589011505165e-02
1.520726000425594027e-01,2.092533183751986714e-01,2.268620634132164637e-01
-1.751559962073595544e-01,2.389827474557301157e-01,2.686391891916520835e-01
4.178841919094711255e-02,1.837940865668059587e-01,-8.753820286352409497e-03
1.002152938254758929e-01,-3.154580097692383234e-01,-2.128147956790110706e-01
1.895406787046117758e-01,2.564779847878575492e-01,-4.510356036245845024e-01
1.166122700208193086e-01,2.801421686397799204e-01,-4.453648119274747907e-01
-2.678644074747351667e-01,2.141470674604261104e-01,2.240836590559811548e-01
1.879884451638371701e-01,1.583706071355659439e-01,3.221062819190855242e-01
6.850924099223276720e-02,-7.810895388111471771e-02,1.238916987382118196e-01
2.403726262123238033e-01,-5.327658187061490302e-02,4.813384078127092014e-01
1.279940335690429309e-01,-6.111511485472576055e-02,2.735210019753202548e-01
-6.345555923368895179e-02,-3.049738337629950280e-01,1.281905984370274032e-01
1.196214729535600707e-01,-1.071467014012498220e-01,4.461580684213558579e-01
2.091013716838675540e-01,1.684513752739950077e-01,4.008356027462417481e-01
1.783293682552047343e-01,-2.039531263692264673e-01,3.835455897992919860e-01
-3.996315634393310390e-02,-3.369707232855195800e-01,-3.820889663160601524e-01
4.783146004189087197e-02,5.460988821818313355e-02,-4.323410024629557036e-01
2.059046097018932819e-01,-7.975710840555150227e-03,4.615704689712375464e-01
1.114245640538701343e-01,2.415512336463575549e-01,3.883439955602207005e-01
-1.155867268899042344e-01,1.958076761866791582e-01,2.116638392602178120e-01
-1.060975052370243255e-01,-2.951189323163463385e-01,3.726448493016146779e-01
-6.012502172619837992e-02,-3.267099620417410755e-01,-3.964671902311082130e-01
7.315162993248081058e-02,2.778650056109794875e-01,-1.899362197461418322e-02
1.151631882846918531e-01,1.244156249441891182e-01,4.534961969865197728e-01
-1.068439622245009879e-01,1.291210930558441827e-01,4.697156299760502085e-01
1.957512001383464595e-01,7.653306513211621809e-02,4.655227468130770374e-01
-1.324092009644696200e-01,-3.116082030227166344e-01,2.125148055357564125e-01
-5.117162447523893043e-02,2.164136118319609503e-01,-2.823160916168382384e-01
1.640942657598306598e-01,2.313890200393012853e-01,-4.044634337744448249e-01
-1.533954810240872879e-01,-2.371965036497644119e-01,3.758389054367418103e-01
8.736416341967501165e-02,1.078766907236260453e-01,-9.767282128394072505e-02
-3.160468677198768894e-03,1.725047790694631544e-01,4.729104395857519627e-02
1.929968511701017908e-01,-2.666223348827603257e-01,-1.276024033160596538e-01
7.564371303054551188e-02,2.669104745261567935e-01,-2.205963520320296523e-01
1.424663720490454422e-01,3.107804538943724770e-01,-4.517797749665221074e-01
2.194929374260325972e-01,-9.084360773560962166e-02,-3.877857995172265815e-01
-8.442556282529345424e-02,4.402949957573820683e-02,-3.585950695211903572e-01
6.535604895330282549e-02,-3.389107974637028953e-01,1.529955112034162568e-01
1.333375402540821764e-01,-2.555928775941327391e-01,-9.409719061648991190e-02
2.200050405337210524e-01,1.190232444636597497e-01,-4.760643179027731486e-01
1.211223700407361159e-01,-3.033257405945450902e-01,2.326381695851151843e-01
9.428708742215963223e-02,-6.413746251084151417e-02,-2.919696095360279076e-01
2.400177818264431773e-01,-2.167231129962701175e-01,-3.665809537810855723e-01
1.858248498011730865e-01,-3.915463326561186008e-02,1.006813731642309806e-01
2.535217521373925864e-01,1.380681006321105020e-01,-4.429024908180961839e-01
1.824753785756116908e-01,1.571947344894792931e-01,3.399579965052956787e-01
-1.755587552828323794e-01,2.103223695236140500e-01,3.122294955134744532e-01
-2.341904531481475704e-02,-1.109597253187477595e-02,4.403994357518558056e-01
7.827964265914899578e-02,-9.996101258845502269e-02,1.192684138131462346e-01
6.717017511092571169e-02,-3.211526731575804483e-01,-1.606298163618744557e-01
8.208411866835740867e-03,3.141077924146264966e-01,-6.099921097857108343e-02
1.428066684407250930e-01,-4.986016280825955604e-03,-3.710236714757423337e-01
-1.882759094974120195e-01,-2.109490267435806254e-01,2.671817809940418842e-01
5.159745325513931391e-02,-3.102936665310521702e-01,2.063476650679267888e-01
-1.403974826892029348e-02,1.913556369729054740e-01,-1.091367686992524844e-01
1.406226420439182778e-01,-1.511685597787441049e-01,-9.352653467198823733e-02
2.407910671132271752e-01,8.184359988593103985e-02,-4.505289370792104897e-01
1.017879825105282299e-01,-3.339901660540370854e-01,-1.997319811524335131e-01
1.503201292990820059e-01,1.490170218233579646e-01,-2.500201132642883017e-01
2.090657718004640397e-01,-1.087085225399526678e-01,-1.230518850871437087e-01
-1.001507135121663117e-01,-2.393650181524701326e-01,-4.400276247362067128e-01
-5.633622106501345872e-02,-7.627654980340925484e-02,4.840948203367342328e-01
3.957200837419183603e-02,-6.965884918228315570e-02,1.363105823352174228e-01
1.268760704551871177e-01,-2.337900276001858568e-01,-3.364198965416163034e-01
2.078032744302260593e-01,9.176017158379712324e-02,2.761775309821896673e-01
2.560626561188534822e-01,6.707879565282470757e-02,-4.757129313211628796e-01
-1.067398890199507955e-01,3.749351141117518438e-02,4.811915900793826140e-01
3.524667047155249922e-02,1.531137187099802510e-01,-2.867989141250522067e-01
-1.799276078526579337e-02,1.338775687532427483e-01,-4.788006515956171327e-01
1.550036863771873108e-01,-1.241992274132630580e-01,-7.031909140609748921e-02
-2.162455068106439171e-02,3.435014411109134080e-01,3.415163719595670777e-01
-1.748902493842507955e-02,-2.157972217365735634e-01,-4.612265040840769492e-01
8.080834392529434584e-02,1.957243746904414605e-01,-4.804401708227429291e-01
2.216214238076881227e-01,-1.604569265818696078e-01,4.327139609917285412e-01
1.078615457969364089e-01,-3.191163826796810099e-01,-1.502740500495812759e-01
2.000374581950565833e-01,7.575971694220606789e-02,-3.925745632660011530e-01
1.992740078635771850e-01,2.910272955314571197e-01,1.450410095809741007e-01
-6.180903671580217917e-02,6.934218871761310687e-02,-2.898368178125089178e-01
7.543275698048046429e-02,-1.911808273037485240e-02,-4.238505428559181665e-01
-2.240115451815816172e-02,1.216483722933049405e-01,4.849270193182106947e-01
-1.498949556537352290e-01,-2.555762178466145507e-01,3.853853004782339386e-01
1.937354673140501138e-01,-2.769747569722945668e-01,-1.545656766286190864e-01
2.743460214780979456e-02,3.926773434364996263e-01,1.631927708804785659e-01
1.068817133548238818e-01,-2.219133791921756860e-02,2.532113983025610082e-01
-7.597030328962928181e-02,-2.979407050514396582e-01,3.628928095383978647e-01
9.369578695339941810e-03,3.728756198610415629e-01,-1.677417496108793982e-01
-7.049581797557324947e-03,3.232351657492685826e-01,3.733225737024977731e-01
-1.319202414821417646e-01,2.710058970853219673e-01,2.510174417809097891e-01
2.381564001196053715e-01,6.542315749232363586e-02,-3.786414468838599223e-01
1.955013427991415531e-01,1.611618489915136454e-01,-7.750331975591828737e-03
-6.895350731993565851e-02,-6.581284358904226917e-02,-4.060198478200516270e-02
-3.737496620479530129e-02,1.135234422888553585e-01,7.779074341172065310e-02
1.418300926437932041e-02,3.602357875286106292e-01,7.019343010975787056e-02
-5.952153598851595007e-03,3.152183654520211986e-01,-3.572589918945642262e-01
-1.578288526161121252e-01,-2.841553356130213093e-01,3.370145697120887629e-01
2.102423929504464439e-01,2.597445736550056949e-01,1.940457390740013555e-01
-3.715677120248961351e-02,1.878584390057531639e-01,1.327731611405014167e-02
1.825630553880346341e-01,-2.849800354583090778e-01,-2.575058083529299102e-01
-1.031480049530772991e-01,-1.809693092577402407e-01,2.049791675025643967e-01
-6.364944412351836167e-02,2.430984547620720360e-01,4.082744810891123510e-01
-2.397475105566158060e-01,1.257384199388004165e-01,2.603867884582498071e-01
2.646208638624223397e-01,-1.880669371518672861e-02,-4.657839774441440150e-01
1.281859462251561110e-01,-2.688125087646200395e-01,-2.159614004106797935e-01
-9.674745569311893334e-02,3.160033006980235148e-01,2.194812086129767081e-01
5.541891464972859005e-03,-1.641845521688508613e-01,4.475858514411874545e-01
-1.181303466361968146e-01,-6.663179785557360457e-02,4.712771363359838928e-01
-1.514277563317681929e-01,-2.124701547102383348e-01,3.831433712733138819e-01
-1.204039254389336344e-01,-9.349395710580299390e-02,-4.806535692951270367e-01
2.267198645317695105e-01,-9.207893661423383058e-03,4.818202509300745229e-01
-1.968951303317436619e-01,-2.309243766617075089e-01,2.251992375455653672e-01
1.118707410880975806e-01,-3.311589192703225937e-01,-2.928342522168841944e-01
-5.688318555443006019e-02,1.223766566116595289e-01,-4.567434851896025050e-01
3.731306478532814275e-03,-3.191917115624756107e-01,3.991290793960746708e-01
1.042952885532921758e-02,-1.689624047118526429e-01,7.253759590933772650e-02
-8.676730412707078788e-02,1.775194334299708965e-01,4.425021046743898845e-01
1.929094834222584431e-01,-1.852745179075112603e-01,-8.303987504346510562e-02
2.143904179043581992e-01,2.038447106719217805e-01,-2.366976193736612943e-01
-2.530877841394207906e-02,1.693752381798759865e-01,4.603082865508467680e-01
3.696563439949362984e-02,-2.192482471076599992e-01,4.661166157467375726e-01
1.137359754361335629e-01,-3.168037423448963885e-01,-1.397589585150482705e-01
-8.896957320329357266e-02,6.550224576960494982e-02,-4.655399446233844385e-01
1.984032578422788573e-01,-7.705340219271550328e-02,-4.704511024599494773e-01
6.156234982010677648e-03,3.997070799442435929e-01,2.230846596578247576e-01
1.288933269243752733e-01,-1.049055448499641718e-01,-1.330345931063022791e-01
-1.262699291814550762e-03,3.441301109646234258e-01,-2.300417360461745053e-01
9.621615114576742567e-02,-1.451008140997325224e-01,-4.664799422933042505e-01
-5.648898564695070679e-02,-2.366945320578154321e-01,8.496895765646950149e-02
1.555980065618474129e-01,-1.562069740191318612e-02,-4.640404916498874766e-01
8.366978206423059117e-02,-1.404638424231947624e-01,-1.066088763723915811e-01
5.747359169738430751e-02,-3.241348127736306539e-01,-1.942472734153619651e-01
1.321411234010982927e-02,2.180746259712273982e-02,4.641315568490600452e-01
2.358698800318470568e-01,1.313812011319466233e-01,-2.993358148385656392e-01
-1.138172000989653432e-01,-1.139963432136116284e-01,-4.539623732196857997e-01
8.647909629739558568e-02,-1.155783742437996864e-01,-2.741170374313709468e-01
-1.167249910107343025e-01,5.863357305927385799e-02,4.840936445357885143e-01
6.357677696391894617e-02,3.020264436960485854e-01,-2.809579905289879553e-01
6.051228352411275324e-02,2.069040677429623276e-01,3.885936604555634277e-01
8.051205598233479588e-02,-1.795041477506504890e-01,4.509285486027976297e-01
7.914928280258703985e-02,-1.945876301384045215e-01,-1.575471710798714842e-01
7.098364325496775429e-02,1.633474118783587725e-01,-9.559068333208775581e-02
-1.580805330584050816e-01,-1.972039650625843077e-01,2.081857085499018156e-01
1.905092371895495962e-01,-2.133821343570296847e-02,2.023725233805082624e-01
3.272701997197580148e-02,3.063154481352459158e-01,3.757753987097143256e-01
-4.170343817242294637e-02,1.969599735071303481e-01,4.607717060129823405e-01
1.867862203585668457e-02,-1.751538826757693679e-01,9.030952324325669522e-02
-6.920720778303157683e-02,1.186777648365945348e-01,3.897419752549793337e-01
-9.140744632330854991e-02,-2.843849714327280065e-01,3.610416977358927859e-01
2.120325534774955001e-01,1.872987982706009191e-02,1.628622507769277306e-01
-1.805377508231060801e-01,-2.910166039005308569e-01,2.168970186886012286e-01
2.477232509556492879e-02,8.746224669783420058e-02,-2.986156936879618140e-01
2.105013937511249766e-01,2.472551809423073621e-03,-1.552365054484833307e-01
-1.622579502296039866e-02,1.188729463760304084e-01,4.513165297109956731e-01
5.772179639180086141e-02,-5.749149958869925747e-02,-4.502335786394136008e-01
1.562863059919746833e-01,2.920481474883327433e-01,-1.756621000550739886e-01
3.133841410092319535e-03,-1.477394734455625969e-01,8.458071078921469699e-02
3.504351507571668023e-03,-2.740532789025404981e-01,-4.235006103777694264e-01
1.368251231667507728e-01,2.961947124991174407e-01,-3.345258597824417590e-01
1.309426682887149251e-01,1.242774640248925921e-01,-8.912410179944119104e-02
6.450530563840228826e-02,-6.621241625659746166e-02,-4.761729528498755970e-01
1.691501229267188267e-01,3.177055198539227021e-01,1.644406996005014499e-01
8.245310512030035177e-03,3.764413387609811812e-01,-1.864248759280972001e-01
-1.725183280606451541e-01,2.469042235444612876e-01,3.543810645061181708e-01
2.398814191547908869e-01,2.243635026847231595e-01,-4.256470509331986563e-01
-2.771917076211605213e-02,1.124590671850046464e-01,9.167717943984154960e-02
7.340040715987383724e-02,-2.075054127880245902e-01,7.850754028015971553e-02
1.374629847737480759e-01,2.996743911981453179e-01,3.849241741624498392e-02
-1.210864552701962360e-02,5.451159591214349565e-02,-1.426474581238778017e-01
2.106046291414760407e-01,-1.710989381812187959e-01,4.054582821146763827e-01
1.252933559691777887e-01,6.240762103731412047e-02,4.774747669852152931e-01
-6.443553926044520708e-02,-2.969200033273777795e-01,-2.166049143905588448e-01
-2.267979552730203796e-02,-5.073269484123066331e-02,-3.406331008256535675e-02
-5.265831258945152804e-02,-4.090992254160030761e-02,3.365721661581231317e-01
-4.596180353912260319e-02,-1.747066723911109287e-01,-1.464690336481515587e-01
-7.505141584125996079e-02,1.351077461367922172e-02,3.239190440130357285e-01
1.186428444818768968e-01,1.970444923750516164e-01,4.239621539907497683e-01
-3.984574733106760469e-03,1.699041683927238200e-01,4.329493364161071112e-01
2.358578601047612855e-01,2.071210687853457522e-01,-3.104515487973514842e-01
8.490535691052158995e-02,1.590254286257016814e-01,4.087948126233831303e-01
8.126586494091792012e-02,-2.708335712697853559e-01,-1.535300823552372407e-01
-2.331927488517120395e-01,-2.474744169429519136e-01,2.318592185513558279e-01
-1.767071821237479190e-01,2.717532385231254954e-01,2.463344372130725768e-01
1.182141869952613167e-02,3.049408606814982825e-01,3.872399040999575659e-01
-1.835056119563788224e-01,-3.924117879046629120e-02,3.065201936707671049e-01
1.639042623608473193e-01,-2.005873737023061709e-01,1.981560556141700458e-01
6.357970512706978550e-02,1.862400136207469359e-01,-4.351414261565894614e-01
-7.881945532710876723e-02,2.972807307501967866e-01,-3.631978847557992829e-01
-8.750883617582483343e-02,9.336364785085260465e-03,4.897913421957641456e-01
3.187836771619068088e-02,3.150245901628834222e-01,-4.943325899044459515e-02
9.039993293838244348e-02,3.140856671035574532e-02,4.305237721161760955e-01
7.827653761815722699e-02,-1.624670858299138709e-01,-2.890606015155821051e-01
5.870058732157634740e-02,6.851393930031424162e-03,-1.306598736244145575e-01
1.265233453916881912e-01,-9.465152479535832164e-03,-3.558841466268277687e-01
-3.959422817533286842e-02,2.919068224832586100e-01,-7.610355440754446033e-02
1.312078359038864050e-01,-1.942167944852128958e-01,2.623766178270823257e-01
9.865963471239735938e-02,-2.344808122941922646e-01,3.800445752062678872e-01
1.883238373218858452e-01,-1.926964101870257684e-01,8.270463276955641874e-02
-2.643735668855096144e-02,-2.859819016645175349e-01,1.216073038562572872e-01
3.142832231897862982e-02,-3.853813666924550407e-01,2.465074094211040512e-01
5.470845317888028969e-02,-1.912588901532593644e-01,4.651959836189853981e-01
-4.563134068894236783e-02,-2.339565493865820578e-01,-2.587632486660329523e-01
2.507541463481463007e-01,1.327165588276194574e-01,-4.084234306736524989e-01
-5.078706811326760828e-02,-2.437159298020589171e-01,-4.310816356920914583e-01
1.044352074556094134e-01,-2.143613312661691861e-01,1.683664113121582373e-01
2.671319095679780542e-01,1.820624840062544658e-01,-4.713494828695583561e-01
1.882543981987128134e-02,3.471093589136536872e-01,-2.369814528421383404e-01
-3.096900398434665469e-02,-1.554612395687029469e-01,-1.034764957383312867e-01
2.107259133289801634e-01,-2.621133539637514609e-01,2.381953229463767974e-01
-6.073533081735238426e-02,1.308630517152702399e-01,-2.803105485743584424e-03
-8.952144413938545320e-03,3.212213784011553885e-01,-3.797886485515242772e-01
1.210261441192819198e-01,1.631947814851801848e-01,-3.439097539218287647e-01
-6.994371003472277248e-02,-3.932649703412227638e-02,-4.736204192802744295e-01
-4.812246746347259574e-02,1.103338719915337718e-01,1.498620732055340188e-01
3.923853165303814450e-02,-9.448508639988806301e-03,1.572692115377927191e-02
2.168828537706365411e-01,2.412519324317290437e-01,3.192036732204908134e-01
-1.216407901597028607e-01,2.678218887068334331e-01,3.497604050364683248e-01
-6.685318732596701174e-02,2.406220094099221773e-01,3.981236683276045962e-01
-2.069489394411127003e-01,-2.704794845603578635e-01,2.706832832890457841e-01
-2.227301951048371587e-01,6.193516141825439192e-02,2.736257844877227896e-01
-3.737579109668176525e-02,-3.588793276772621610e-01,1.081236154754189327e-01
1.485779855888290646e-01,-1.838630240385843440e-01,-7.242434992198865107e-02
3.645735429872498656e-02,3.313561926105715871e-01,-3.097917192757464466e-01
2.207876567841825510e-01,-1.501008305167175205e-01,4.120179851501579726e-01
1.635977254577554163e-01,2.447336741299133145e-01,-1.953822376328584465e-01
1.318178690704752132e-02,3.659722184531695177e-01,-2.053737162266913163e-01
1.712380791523996360e-01,-2.593738451069694806e-01,-1.561106877613737121e-01
1.037821290519836959e-01,-3.277598519789277631e-01,1.781455914349254765e-01
1.183933939041983407e-01,-1.732903078045714418e-01,1.146441182490481880e-01
4.088350886788127969e-02,-3.077802435384691115e-03,-1.176401832313134221e-02
2.102921309526911697e-01,2.182790452517814339e-01,3.477468021736564996e-01
-3.720199046909566931e-03,-3.123929488186920622e-01,1.073503350991311667e-01
8.906402123275780625e-02,-1.432689786050246328e-01,1.143191647037834491e-01
9.776587882426068798e-02,2.251522001812907847e-01,4.128622069301484121e-01
3.490654285820737890e-03,3.744316388873299983e-01,-3.101359175894824460e-01
-7.022609560864323530e-02,-2.816765974162069863e-01,-2.235996861254657686e-01
-8.762522031467212535e-02,-1.936781495557599042e-01,-4.252259149808529370e-01
9.016807301696716515e-02,2.222347116623901719e-02,-3.215902341608395387e-01
1.688559301199705764e-01,-2.612545178500869092e-01,-3.217386734229982226e-01
-5.558497550257401887e-02,-1.427561060123401226e-01,-4.789119883786866483e-01
-1.078262244471684950e-01,-1.734926165513278606e-01,1.943202221883926217e-01
-1.832272811580981653e-02,-3.050103612778370943e-01,1.233758904614965513e-01
-2.275367361018729717e-01,-4.729666556061151717e-02,2.513851118550225472e-01
2.245844190154179243e-01,1.394404019231197944e-01,-4.640290319916546835e-01
-3.235957479796769398e-03,-3.276679168526438479e-01,3.542786970421760717e-01
1.889471681619574461e-01,-2.212275626009742036e-01,-2.927023323005236710e-01
-1.784807056380466328e-01,-3.398316063985651336e-02,2.091869883960342236e-01
1.906320419808626987e-01,1.147226245386101517e-01,3.800206937838335186e-02
-2.171551536353453216e-01,2.293855227238084105e-02,2.147319194518216845e-01
4.790774296767430496e-02,3.680019994295972152e-01,1.947514315719018896e-01
-7.818716357107424741e-02,8.887036075052767714e-02,3.942302682310518946e-01
-1.382951262954135174e-01,-1.736449032565364758e-01,3.405611863759210323e-01
-6.500083316820903789e-02,1.636212266552372618e-01,-1.438339060833730976e-01
1.267314007442953416e-01,-2.577579988961448132e-01,3.465925226452689634e-01
4.542300743855909317e-02,3.844943546345648278e-01,9.033104116586987420e-02
1.911505617066274754e-01,-2.108835163078901509e-01,1.952755747409422593e-01
-4.812433395869086805e-02,2.185796897746996592e-01,-1.116287668603601624e-01
-4.627247827650171619e-02,-2.338688633665980676e-01,4.385572321209607605e-01
1.997592956742201276e-01,-2.500206909410950251e-01,-1.978881719159079067e-01
9.027785246350694681e-02,-1.644123456515532711e-01,-2.319652935787781534e-01
1.274063709486351614e-01,2.412042000757800286e-01,3.310650777528164612e-01
-1.073921048805195344e-01,-2.354651051589384814e-02,-4.403536575663564712e-01
1.053005080399123106e-01,-5.990610891177261532e-02,-4.744518381013499431e-01
8.407514044135122599e-02,1.782349394546229870e-01,1.864187847453885327e-01
4.592875822900488458e-02,-9.888006108184499432e-02,-1.248324030934879758e-01
-9.868692820167490609e-02,-1.091037597627975142e-01,-4.441916248932922251e-01
-1.294145433653983712e-01,-2.951236752659349705e-01,2.164576339993946608e-01
2.087691109197002959e-01,2.444297415539209428e-02,-8.515062105810888848e-02
-1.266403607863120229e-02,-3.758319106031186019e-01,-3.356785097749350744e-01
2.056908448280541091e-01,2.448393945106328573e-01,-2.179487204889252183e-02
-1.477453998577129557e-01,2.857379838855046428e-01,2.255303560431315413e-01
-1.736804247912437926e-02,-1.887527862591700245e-01,-4.538619717029777068e-01
5.262062338270379058e-02,2.301253982733547643e-01,3.578958469538624509e-01
1.364960780004497165e-01,-1.295573892376153946e-01,-4.397365361458120958e-01
-4.833040023563794918e-02,-3.329261734616736357e-01,-3.294875553180708350e-01
-1.052649426253551290e-01,2.071397510886625604e-01,2.320968130673185525e-01
1.902414300517103474e-01,2.462996402611238311e-01,1.098640117543322470e-01
1.455264251219933191e-01,-2.030224856831660540e-01,-9.839480126702582208e-02
-3.647556398222440155e-02,-2.948374440177377043e-01,7.548198249603488286e-02
-9.150522667022875645e-02,-2.645576589081433116e-01,2.954994882189386773e-01
-6.346133741355786118e-02,2.638851527501082650e-01,-3.621241412973245088e-01
2.060882173312117427e-01,2.422306838026700992e-01,2.872549238575989872e-01
1.523352516203981821e-01,2.831849962261151488e-01,-3.611228881868728813e-01
5.513302959752552912e-02,-1.999930118187472905e-01,4.285297032083524860e-01
6.094139935731845981e-02,3.363634302117849417e-01,-2.046919919094986051e-01
1.747096233252395381e-01,-1.583230301438425247e-01,1.318457202177127918e-01
1.821818466611258014e-02,-3.665892765299237910e-01,3.139738870546775473e-01
7.377912369909611634e-02,-1.353978528020186589e-01,-2.157563566820609458e-01
8.479237649075876959e-03,-6.323535475180463994e-02,-4.710637859138605554e-01
1.907579719465586354e-01,1.029652467509851732e-01,2.680990734726774738e-01
7.917085263137835227e-03,-1.058913977074841251e-01,4.754282154767066615e-01
1.944556563928420134e-01,-1.448505337348867661e-01,-8.853963409938858664e-02
-3.921293755964905259e-02,-2.113392122545537655e-01,4.439213783927179469e-01
3.211474739336594997e-02,-3.616242663554866121e-01,2.589069810774967673e-01
1.164170969960748314e-01,2.893350169487907131e-02,1.336739892105318628e-01
1.612490857244323061e-01,2.699172883260255729e-01,-4.305685884201254643e-01
-2.269903800475105982e-01,-3.362573982392524918e-02,2.338836161554319615e-01
1.573160480681761175e-01,-2.763600151630483115e-01,2.828753922992111036e-01
1.483897021201013855e-01,2.247061870326749755e-02,4.796840686520831287e-01
2.330421070110607618e-01,2.360897309574471192e-01,-2.920253783693680383e-01
2.243902943330103872e-01,8.047531228061555186e-02,-2.580363401886771602e-01
3.255660294695894574e-02,8.856209056634978261e-03,3.613896131863691963e-03
1.184496640470267259e-03,-2.780130680016917877e-01,1.084695802647778207e-01
-1.068212386751542509e-01,1.283001801099399319e-01,-4.578731348162498049e-01
-5.939906498132707657e-02,-3.202218626638764221e-02,-2.004012568720325849e-02
9.047655704712931346e-02,2.820338785463812892e-01,1.067411406368882210e-01
4.430345168427662905e-02,1.664992245246604829e-01,-4.818682509962685101e-01
1.483606134017131373e-01,1.255267391206073002e-01,2.599739989371473436e-01
1.974043797105737852e-01,9.856293818761652226e-02,1.566236698373367764e-01
7.783022181315868426e-02,3.697807309361718087e-01,1.491818986843209682e-01
5.903260985421343587e-02,-1.859873326104612978e-01,4.630375916151485693e-01
3.629509072111769541e-02,4.291379724871791090e-02,-2.927778327534275027e-01
1.105424925008084980e-01,2.427806043799626279e-01,-2.179189813092725636e-01
1.714860178834661797e-01,1.836078458264520652e-01,-2.448683919985412683e-01
1.269696073655766089e-01,-2.910990575039096306e-02,4.685818726292941827e-01
2.433653357923960536e-01,7.810036421081567592e-02,-3.874930341718876292e-01
-6.913766649764119254e-02,-1.767224606855800628e-01,-1.275683550385771081e-01
1.429552461791749884e-01,1.699179006244753154e-01,4.356259823333269443e-01
-1.414060326756287900e-01,2.572293134763478095e-01,2.078355837874172884e-01
1.112710953214705034e-01,9.414064476254457858e-02,3.683401035950936153e-01
1.624821568453655996e-01,-2.718785616031587082e-01,-1.543227197008741891e-01
3.357037405272267350e-02,-9.878944388535682020e-02,-2.889775123123919931e-01
8.079116534955965712e-03,1.550148033297749084e-01,-4.637480878722964883e-01
-1.459109686837656295e-02,3.842788483239752972e-01,-2.760638010337732595e-01
-5.324972767987645739e-02,-3.771585606632109622e-01,2.449825939714911360e-01
-3.882632671165686666e-02,8.275445961165095454e-02,-4.740588006994762571e-01
-2.771604959234075238e-02,-1.218405099992411200e-01,3.121092165337767677e-01
-8.929279077516438790e-02,2.235132653826059634e-01,-4.312648686240778684e-01
2.045707053909837647e-01,-1.241135587895006998e-01,-2.119806566955929616e-01
-4.846721964096778468e-02,3.089621258652911484e-01,-7.010017523021028207e-02
1.970708475675171378e-01,2.501259600722829379e-01,2.274505036543306158e-02
9.480192927729513830e-02,-1.713461871334828190e-01,-4.147924729277188138e-01
1.446087780362093067e-02,3.614832776476569753e-01,2.692137966122958304e-01
1.101336405175242783e-01,-1.696601477920094414e-01,-6.499184582998052129e-02
1.692789436432273753e-01,-4.281721495481372042e-02,-1.648571336556118316e-01
9.580666981474506017e-02,-3.140441256849081375e-01,-3.069169710500974091e-01
-2.003083913431942253e-01,-2.836303450373186541e-01,2.594155462006322299e-01
2.356497420230896367e-02,-7.813056429837550443e-02,2.518695656105094383e-01
-1.243206348791414673e-02,-1.284919979782236377e-01,1.189666296001308243e-01
-1.207275260437730147e-01,-1.955081952180282023e-01,4.406412139471037603e-01
9.731114526568840351e-02,-2.621780547354735091e-03,-3.186454122680886236e-01
-9.443289773720353608e-02,4.701509102879808388e-02,-4.368955288418095995e-01
1.608709794939396920e-01,-1.679394834722255370e-01,-3.143905509284619093e-01
5.039100790632466964e-02,-1.799492392387052053e-01,-2.692226281590643922e-01
7.599472620083425056e-03,-2.105813502508666613e-01,3.236029310100074774e-01
2.070166339987375981e-01,-2.484624893558817771e-01,-3.156601081937561171e-01
1.130099085009190762e-01,-3.128472097802579288e-01,-2.671007494957126083e-01
-2.076876229455568712e-01,-2.893498262315773450e-01,2.181192341252653488e-01
1.186018976789497970e-01,-2.273827394641670940e-01,-8.101997516849024361e-02
2.264996151046981820e-01,8.923507666651375736e-02,4.153113317508757563e-01
-9.114668205736908835e-02,-7.974647617578189962e-02,2.757500010841336113e-01
-5.247553568369567323e-02,8.435376446662101735e-02,9.591046068522113277e-02
5.699801820123107099e-02,-1.023760489760027204e-01,4.703063185379972033e-01
-8.779201873328856820e-02,-2.868355179270872801e-01,-4.156801339815140439e-01
-4.628553317139860734e-02,-2.498366706474971499e-01,1.072308136102275711e-01
-7.904989696023867474e-02,1.427183540609406887e-01,4.715201771126429353e-01
3.137675189788069474e-02,1.115008543667527219e-01,-1.467309396096322383e-01
9.930753483727094988e-02,-1.612596413329567824e-01,1.213405269039438128e-01
1.811508302101538792e-01,2.891816489323310035e-01,2.187720729307481848e-01
-6.050113982551064140e-02,9.501379925320330155e-02,1.017631223430783827e-01
-6.845955829048233632e-02,-2.104679197384168310e-01,4.246741465948670191e-01
3.039552506847731372e-03,3.800248144762984337e-01,-1.884069177353853153e-01
6.809465329223374219e-02,1.675652424759966896e-01,-4.808370001187705078e-01
2.191826874285349724e-01,-1.876155656008946515e-01,-1.959598836107461217e-01
2.108747101636563315e-01,6.169579747858144891e-02,4.547469516643718457e-01
6.834996956958439007e-02,3.351794907328620177e-01,2.341053789325817647e-01
-3.099741556489699068e-02,1.593962651971738698e-01,1.155170803423943848e-02
1.006372096146458395e-01,1.595775614473963211e-01,-4.399392317573372901e-01
1.408430425664120023e-02,-2.823531909091436809e-02,-1.758891522625316561e-02
2.118916728514387282e-01,1.426565777485733211e-02,1.853790532325770846e-01
2.082402590244907259e-01,6.844284800947608716e-02,-4.822643688790161365e-01
1.985890904132733281e-01,2.102144587245456941e-01,1.313839625844652748e-01
-2.589166193331969845e-01,1.951708173578914352e-02,2.406168295029382787e-01
7.191741689324127051e-02,1.853720341363991331e-01,4.239448420264798623e-01
-6.205586702957821554e-02,1.353553668620532946e-01,-3.060001476778156926e-01
-6.688431077370937672e-02,-2.767869293106213213e-01,1.096731482111753531e-01
1.613949265386149801e-01,-1.472950541430413374e-01,4.582101018617065202e-01
1.686542737045577667e-01,-3.018752286756304359e-01,-2.050694482783573802e-01
-1.129860363471024698e-01,3.289256247868731498e-01,2.444375779515864933e-01
1.851575974555712545e-01,8.355602612043266930e-03,1.212337472471362032e-01
1.206636117143669029e-01,-9.888672636076778488e-02,4.458738621266781221e-01
2.946792915364715437e-02,-5.754503401794619499e-03,-1.446742395313549423e-01
1.746693191624357766e-01,2.680346931750796635e-01,-2.127989612426128829e-01
2.397149311486463930e-01,2.381455012957101047e-02,4.686212715267726869e-01
2.527919917769311242e-01,2.201694158929327072e-01,-4.170731143682204767e-01
-4.390703243485249985e-02,-9.252287180267837474e-02,4.570809624090506063e-01
-3.673806520308797730e-02,-2.386653936998310854e-01,-1.574932736964664848e-01
2.450211252119005589e-02,1.267290411787367344e-01,-5.899320211208869402e-03
1.950118789137473829e-01,5.267803764389589194e-02,-1.445399338149132573e-01
2.049760360047333529e-01,7.944828012407234574e-02,-6.776977415357099410e-03
-2.312490889757441437e-01,6.315068082421215756e-02,2.557898651695301728e-01
-2.355944942788988916e-01,1.961367290352504789e-01,2.455260137693776601e-01
-1.976422201507554988e-02,-1.060068741006382487e-01,-4.741365520308838954e-01
-5.839073293265462095e-02,1.186084192769074619e-01,-1.489356495118326906e-01
6.861096241386410721e-02,-3.503589149107235734e-01,2.828940697495941903e-01
2.235262112446151361e-01,-2.181251770451914096e-01,-2.451405224935202520e-01
-1.658787921249094133e-02,3.543190864966437870e-01,-3.327370854665121502e-01
1.782271915227418013e-01,-1.254306143419763320e-01,4.055447648349564949e-01
-4.627641271321192296e-02,3.610225482189370894e-01,1.362594251857482952e-01
1.348105853991057312e-01,1.304797403058614025e-01,7.302275080679276886e-02
-1.859387606525657599e-01,2.451317235945739137e-01,2.324589620711402516e-01
8.818072859675740727e-02,2.755535972055462857e-01,3.781884684969601951e-01
1.007746853117788000e-01,4.387919270908846592e-02,4.750105603705500057e-01
-1.074185553947093474e-02,1.905040195490065313e-01,-2.531110513547847329e-01
-3.773908763705202674e-03,3.713515676345765515e-01,3.008431039539857244e-01
6.652135941927483920e-02,-3.291647618882435067e-01,3.551690814348977820e-01
-6.112067505662654998e-02,1.595666405405393729e-02,1.367758929136098089e-03
9.543913597975306473e-02,-1.331978803179900694e-02,-1.512624090841198088e-01
-3.696176743808154974e-02,-2.157248915370846287e-02,-3.722139947842680874e-01
-4.858040850781908393e-02,2.699037268811795842e-01,3.156550437526572939e-02
2.065726695011010916e-01,2.824802181868172335e-01,1.188864932470444780e-01
2.697753985799622445e-02,5.566883560172863898e-02,-2.789864391038646696e-01
-2.595306270430106643e-01,-4.791884962838122153e-02,2.295965586931243418e-01
1.948486448296909979e-01,2.663807240026017098e-01,9.340814138614239592e-02
-9.416621601408348141e-02,-1.762947516485983135e-01,-4.401375587106411968e-01
1.719002893457740599e-01,1.056705752180530089e-01,4.545343038005569269e-01
-1.902123858430937453e-02,3.053241780351637624e-01,-5.546137450463051177e-02
-3.570429220935189552e-02,-3.669166569472811501e-01,-3.688667145615479592e-01
-4.518409006780188530e-02,2.074350699140611320e-01,4.469088103150332669e-01
2.156391205095162800e-01,2.496561434559005921e-01,-4.663654906809485690e-01
1.686507311016590682e-01,-1.610448064430202164e-01,-1.736529829581288098e-01
2.230187499879947577e-01,1.701125966442235127e-01,3.548820918350344966e-01
3.778104020741857028e-03,8.044475921827420883e-02,-1.707668376157921442e-01
-1.095630394215956205e-01,-1.050040680758950185e-01,4.359061777430131013e-01
-5.993043152137322860e-02,-1.766742736538662317e-01,4.689230118359968280e-01
-9.939157432837797401e-04,-3.747384419562016511e-02,4.117959923348711859e-01
-1.968212476764837904e-01,9.904906955214365372e-02,2.737068201568871872e-01
-1.158598083999752282e-01,2.054980264240665599e-01,3.723950343765102255e-01
1.028953801934107126e-01,1.253127923998799131e-01,9.273029681200239960e-02
-1.534396842127074834e-01,8.977601745568841718e-02,2.690717568925768965e-01
1.153811365105172904e-02,-2.067534790870734218e-01,-1.073283955803587819e-01
1.448721400581753915e-01,2.410586604193788451e-01,-4.350370519186825824e-01
3.775320842851481729e-04,1.227482197274910591e-01,4.739173367016332739e-01
-9.682496106234095290e-02,-3.174515178491672529e-01,2.006519559893836790e-01
3.875606070676496095e-03,4.113414026276573932e-02,6.214678006711482627e-02
1.361155998236862619e-02,-3.432869694838659447e-01,3.767859989867957671e-01
-5.683622120565745561e-02,2.778749470525224696e-01,-4.898802233373811266e-02
-3.996059822487785240e-02,9.729528008758103752e-02,4.413701896760557908e-01
1.672061045293704584e-02,-3.830398417567675295e-01,-2.942200810570853031e-01
4.245170109008844506e-02,6.143573603192220567e-02,7.489419120578555411e-02
1.302922264908433769e-01,-1.490521559322421918e-01,1.315446875163014395e-01
7.246444612669655783e-03,3.075453806407937307e-01,3.833981477700398877e-01
3.328522705962067008e-04,-3.237583473463128136e-01,-2.373062183466664310e-01
-1.056094994679607213e-01,1.243838168884781048e-01,-4.493663839984953778e-01
2.192416667044448930e-01,-1.102308409315791993e-01,2.772868270714318184e-01
1.871615468689524775e-02,1.791512917748210310e-01,-4.627405900767829205e-01
-2.147238082827918060e-02,-3.983387175517368872e-01,2.096834607769560987e-01
-1.052958908398454740e-01,1.510995342812280207e-01,-4.410162521417435588e-01
-2.322360861634904516e-01,-1.711717863957162855e-02,2.662694487439647428e-01
2.052250405413480472e-02,-1.778455102729687987e-01,-1.086270688723636191e-01
-9.999786942341815088e-02,1.019273173638080010e-01,-4.525531870169520188e-01
-1.564445625596154743e-01,-2.811878915521360822e-01,3.627569475101184437e-01
-1.570978861499241486e-01,2.911532899208320035e-01,3.062630118741581642e-01
-8.872932666214694564e-03,3.403935146170720127e-01,-2.916035930172049540e-01
