3.100357224011822677e-01,2.766415478089292446e-01
1.022649079820955320e-01,9.912020821890010769e-02
2.228950088457217760e-01,-1.656484281715505658e-01
-2.826929199077631849e-01,2.665404107927284993e-01
2.443252461186813940e-01,-3.635121361270753360e-01
-4.751876543314334511e-02,-4.503400212613393183e-01
-5.841007004144481429e-02,4.163930115972114265e-01
3.134573752921373524e-01,2.254702045784777731e-01
-1.305574892423961297e-01,-4.572761388904453828e-01
2.872105127466886287e-01,1.565480146967538344e-01
-2.893298658911782617e-01,3.411826670858874033e-01
-3.085351237001900948e-01,-3.197183067649471688e-01
-9.117606407967129845e-02,-3.319916434124962068e-01
-2.053531815755477719e-01,4.640776598073432790e-01
2.076251266034717380e-01,3.016341510139464166e-02
-3.890823424057011926e-02,4.721472055072992724e-01
-1.708535227962848790e-01,4.509653650673844938e-01
-1.297002662479681545e-01,2.348936142914773706e-01
5.676651420207409759e-02,1.400968831416810056e-01
-1.972479673770093367e-01,-4.687127598304550169e-01
-3.109756375399767014e-01,-4.139493400848358595e-01
1.400084926339914201e-02,-4.096749197216733585e-01
-2.844484578964590060e-01,-2.016668115645701143e-01
-1.466552603727989124e-01,-7.421867770430279343e-02
-1.602317675021840970e-01,4.128588575962002238e-01
2.697616441500719220e-01,8.917174197831301274e-02
-9.532103886044041019e-02,-4.739382189810714685e-01
2.089386444134002652e-01,2.760186146292176179e-01
-2.305099137422152167e-01,-4.209324591072256538e-01
6.561900556288813302e-02,-1.456165699860201279e-02
1.025562405389128240e-01,-7.261432715731097609e-02
1.633341994321342583e-02,3.153065501766741940e-01
3.076161288149654172e-01,-2.200990069758947953e-01
-1.185519301472518217e-01,2.556878549776124832e-01
-1.221896556740301593e-01,4.010935585509978196e-02
-3.062545769772525572e-01,-1.777001526886040628e-01
1.650184805896969253e-01,4.194593844356981904e-01
-2.457495906862505464e-01,1.987660396715241751e-01
-2.176734294017368398e-02,2.508604966466023711e-01
-3.282426446264229136e-02,-1.750542431676072042e-02
-1.413324701219133804e-02,-3.272659935832253897e-01
2.086145261165615050e-01,3.781484350606633127e-01
-2.465385691781548372e-01,-2.363832767619428177e-01
-2.313760315731463735e-01,3.913261351926310416e-01
-6.210057776754560055e-02,2.703870151420068035e-01
2.599433660054918938e-01,-2.193232448581262650e-01
1.345014638771455939e-01,-4.320374035422888115e-01
-2.633099235384459558e-01,-1.802170648422247723e-01
-1.311617272649484578e-01,2.769078245800593585e-02
4.620502957755413809e-02,1.151273537111254797e-01
2.859851950768265150e-01,2.670843703850623863e-01
1.893843171838958950e-02,-1.020700406787147241e-01
1.980546484866112233e-01,4.068429333198517739e-01
-1.393743997449574112e-01,4.603693392338490398e-01
2.599600193685276395e-01,1.150741418953349360e-01
2.612569905149674798e-01,-3.576759823859386733e-01
2.714097224643076678e-01,-2.795945528136878355e-02
1.777980158726743531e-01,-1.610251506960693746e-01
2.033052870728215278e-01,2.897539632307032376e-01
-3.094017504910759886e-01,-2.951624220835228352e-01
-2.850327241491031893e-01,-2.059449842859432112e-01
-1.745802466062149061e-01,-2.314269919081582971e-01
-5.132295945992965125e-02,-5.327275276238629953e-02
3.030709561644229777e-01,-2.363416777471737396e-01
-1.800530909026376580e-01,2.683276248916774964e-01
4.978704642279679904e-02,5.185887872217820327e-02
-2.085120899505186198e-01,3.805710833505029367e-01
8.936697751974621851e-02,-6.755766789990458321e-02
-1.779419842127688556e-01,4.716657416683808224e-01
-2.312378397027092108e-02,-4.867158570294597419e-01
-6.291936912394283099e-02,-2.411060562612428182e-01
-9.283716894346985549e-02,-4.737493529162962735e-01
5.813682407021708576e-03,3.001031016212274416e-02
-2.721662514170271607e-01,-2.168698948426572848e-01
-1.067150903453416289e-01,4.048654222523829782e-01
-6.670146772771382015e-02,-3.047621498422763420e-01
-2.596594951734269019e-01,2.259060230680093317e-01
-1.340694898955231695e-01,6.201035817951006113e-02
-2.647969638843609141e-01,2.435235814023339884e-01
2.727509489338024173e-01,1.103429111369533810e-01
1.063009517407561971e-01,-4.650299049337298651e-01
9.433621263941929791e-02,-3.419771596346482534e-01
1.951040939224367166e-01,1.257501693981917246e-01
-6.195520301990575102e-02,5.634327669109595593e-02
-8.598179079117906909e-02,4.752593084597510620e-01
-2.439239881525072651e-01,4.349880102500438550e-01
1.476338393237145996e-01,-7.790451545454546434e-03
5.519303594313586248e-02,-2.499287934049885251e-01
2.052564832929113237e-01,-3.093058930299628084e-01
-2.218677829291668124e-01,2.531212587248782286e-01
2.102680310360646038e-02,2.649959249374758130e-01
-6.714088094632100767e-02,5.389738741726313176e-02
3.521079025641614402e-02,-4.860541810732065260e-01
5.195710760351993085e-02,-4.757011835146540690e-01
1.262824741426943065e-01,3.082954570352626211e-01
8.073335951192282811e-02,1.352480278406618108e-01
-2.745857723031692177e-01,-3.950732962029590567e-01
-7.443683383495644512e-02,-4.911445178202533679e-01
-2.447009866056891192e-01,-4.258650449037543195e-01
-7.429301376775078458e-02,-9.543851211715259630e-02
2.161102710496163870e-01,3.821165168859576022e-01
2.889415488021430112e-01,-2.487553489564480191e-01
2.614386581951897437e-01,3.722068445136975656e-01
1.139712684799671638e-01,-4.748086391158872210e-01
1.951931874553906876e-02,3.085825812362368303e-01
1.840183572652437927e-01,-3.732761530493600155e-02
5.102799973454061333e-02,4.878514013327274190e-01
-9.576641445913695871e-02,3.572331265094746966e-01
3.682679220490105848e-02,-2.012760709793398606e-01
2.976244518075515377e-01,-3.715306959244302210e-02
-1.790580493552583474e-02,6.932245748031207189e-02
-1.364492870055254992e-01,-2.780052742622823869e-01
-3.107669118569152400e-01,4.000643421819994883e-01
-8.454227811348263844e-02,4.476997551099505257e-01
1.221221385178633545e-03,-1.040886421631367353e-01
2.817199014005044577e-01,-9.483793252695782439e-02
-1.364672357442393014e-01,-9.792884994774619933e-02
-1.644456606930426446e-02,2.297310048986410669e-01
-3.068964556735602756e-01,-3.358152582844186052e-01
-9.253515389087757503e-02,-2.316375825080989603e-01
3.143343209728373111e-01,2.014607995437402987e-01
2.317840887348948664e-02,1.152183637360655322e-01
-8.734995997486821179e-03,-3.517381263080040510e-01
-2.676326038188842626e-01,-3.952847682811099217e-01
-2.124972206553429610e-01,-3.901096962030712323e-01
1.734237357225665299e-01,2.698742548773402916e-01
-1.669397184701594261e-01,4.220113836096891502e-01
-1.028518804207763648e-01,-6.677457250643548115e-02
2.338865252203813916e-01,3.889399092548149195e-01
-2.706615085918870345e-01,3.831444185557861815e-01
3.714169282397999927e-02,3.316069174565019484e-01
3.100344419304388865e-01,-2.899656637632919143e-01
-2.354453555456015590e-01,-2.125007354802467274e-01
-3.165239854847560763e-01,3.962027040298631286e-01
2.186692180851193198e-02,-4.223036763491131440e-01
1.176261721001089222e-01,4.434225155169647659e-01
-2.299435735246396773e-02,2.407087198393128569e-01
-1.035841210326725464e-01,6.178782488255041283e-02
-2.141295533771271353e-01,3.580793660295225056e-01
3.004646429589410417e-01,2.240390614599321317e-01
1.099873222634851211e-01,6.388450996910066682e-02
6.417672082916991982e-03,-9.050780492606391725e-02
1.676558203643233880e-01,4.245472221360275800e-01
-1.330919045467731376e-01,4.305253835406350760e-01
-1.167744219930648419e-01,-4.423591441299046245e-02
-2.649611644070198890e-01,-4.336853475581698980e-01
-1.361741913996822040e-01,-2.391617807242417681e-01
-1.230912927763385817e-01,3.793380403329551509e-01
1.043868687772583764e-01,-4.282592130309061940e-01
-8.529308620276662700e-02,-4.877065473648928284e-01
2.373617279590907181e-01,3.901740182813210334e-01
-1.960949395418025987e-01,4.607978711844000763e-01
9.012173147983794375e-02,-2.972236188895931441e-01
-3.043259025716785193e-01,-3.566690917271420069e-01
6.977282440230456184e-02,8.577960394682393463e-03
1.794692650339944351e-01,-4.471331258775925743e-01
1.745207579926307817e-01,8.414330321692387038e-02
1.613007850633361717e-01,-4.520090454225252907e-01
1.486058283080871623e-01,-2.808706092346234806e-01
7.601984835604255752e-02,4.397129882103260057e-01
-2.307614422127137188e-01,-4.336525111547749889e-01
1.814363770288131006e-01,1.633848104108319710e-01
-2.237549443202185850e-01,2.546325748574755909e-01
2.176247514704108543e-01,-4.185503764663588422e-01
3.096354592173711229e-01,2.565196501420969888e-01
7.330420942900899017e-02,-4.388034174020944977e-01
3.104466180278633858e-01,1.705794017834990628e-01
-1.751136765401344331e-01,2.706646134676231608e-01
-1.132974021716190716e-01,4.607842739188021675e-01
-2.795759619332518486e-01,-4.298154530233734283e-01
-1.782053280487677638e-01,-4.697271864599802393e-01
9.594254437957405734e-02,-2.202597531290884092e-01
-7.970812967243316727e-02,7.329019395265778947e-02
-2.037660579019545393e-01,-4.440061367022052341e-01
3.052886951632282075e-01,-2.793642693656610554e-01
-1.600294526925133964e-01,-2.193669836656678696e-01
1.820699520579391051e-01,-7.611162759684175771e-02
2.556072553107619633e-02,4.640184075957838328e-01
4.846561162751317209e-02,2.245225644921405861e-01
-1.245468439923058807e-01,4.637874299116715449e-01
-2.517044896681152610e-01,-4.088635638136152162e-01
-2.500794514854919326e-01,1.903225196300444289e-01
-2.671224513383750332e-01,-2.175221791941379657e-01
1.520173751355670122e-01,-4.441249103210455074e-01
9.237252994358981228e-02,-3.763452524883603711e-02
-2.181535561359235209e-01,-2.626549504494205545e-01
1.671215898881542872e-01,-2.408534961455255363e-01
2.366921814185267703e-01,-3.317351129477262850e-01
1.559392012933422111e-01,-4.884605331397318118e-02
9.363144305606756201e-02,2.182530366227765084e-01
-8.959597551317999287e-02,4.861257364785811497e-01
-1.951491537385749431e-01,2.881543626386766643e-01
-5.534156798076668438e-02,3.821378630891852923e-01
-7.652125715686822205e-02,-3.348809312074710887e-01
2.003488614535295087e-01,1.083313061867943183e-01
3.126572806964276752e-01,-2.401288375399863728e-01
-1.543980439295488949e-01,-2.446407861243825588e-01
-8.826549901860303304e-02,-8.965476275661121708e-02
-2.140066297743770801e-02,4.708501377346226979e-01
5.948083591243562285e-02,1.672196768943468026e-02
-7.471036814056018771e-02,-6.598254946171366875e-02
1.387198703414250223e-01,3.042198168474232745e-01
2.606230286954872022e-02,2.173897144690600802e-01
2.394874579117222402e-01,2.987616522697784660e-01
-1.529770751813955276e-01,-4.346160042426910897e-01
1.939774021705786833e-02,-1.221108044993410857e-01
-3.747284627313371419e-03,3.075576088882296943e-01
-1.484940326307729042e-01,-9.394157764264443600e-02
2.749584749213603851e-01,-4.341752564704914885e-02
1.656305878439961188e-01,3.402205843478354197e-01
-8.539551932849397120e-02,-4.791081264288187258e-01
-1.401170958550100876e-01,-1.259802910172846957e-02
-1.899994810874334750e-01,4.291441860576481471e-01
2.804849916301824786e-01,-2.662741188333621611e-01
-2.082623536774713124e-01,4.279617123257222211e-01
2.779912988341938229e-01,9.235905632062224591e-02
3.438785791103410316e-02,-2.886029108809025079e-01
-1.831964183366108501e-01,4.585908134697866956e-01
5.612713835721708927e-02,4.719538853910067999e-01
-2.479786918045792654e-01,-3.979864035597352467e-01
-2.205211827623735077e-01,2.166696343331971919e-01
-2.482588426518261004e-01,4.415219261047166333e-01
3.049876449902654829e-01,1.571417007533976173e-01
4.908101323635363084e-02,-3.896828266436326293e-01
3.195187223475017824e-01,1.630832722261268408e-01
-2.356194211160317908e-01,-3.516511098442426375e-01
9.045323958781392726e-02,1.230752672751556087e-01
-8.070774829469225253e-02,-3.362419077880171026e-01
5.580511970286410051e-03,6.757239830731709418e-02
1.957888093929856521e-01,-2.805098874347029536e-01
3.066824033622556067e-02,-4.578882988882033711e-01
1.984953544862193275e-01,1.317136511728411730e-02
-2.068881899045364736e-01,-3.726082458392830921e-01
2.872439270769663530e-02,-4.838464780309463809e-01
2.958597443055820397e-01,2.145417637295558011e-01
5.471121934484791255e-02,3.710280874000123630e-01
-4.282935880742982926e-02,-2.379967308999485498e-01
-2.489412992535753322e-01,4.439839775503749975e-01
1.689175918753141881e-01,-3.847462657884922477e-01
-1.051850124574721934e-01,-3.878072115179858059e-01
1.047612355967030284e-01,-4.513718625828455622e-01
6.778278984990773748e-02,-8.436365231104236972e-02
-1.311305839290308195e-02,2.548830296220330194e-01
-2.811729807577673101e-01,2.423664757286133620e-01
9.434639433408446851e-02,-4.516968521684939786e-01
3.149621545536586409e-02,-3.284611358724230934e-01
-6.441762167977815867e-03,2.276566658129666187e-01
-1.306106158919347338e-01,2.662605503253486772e-01
9.244171569016501611e-02,4.706628902808444037e-01
2.129945705541912149e-02,-4.912355785008627462e-01
-3.138750369682707375e-01,-3.206994926610674534e-01
6.658227596806548521e-02,2.635338700880101026e-01
1.339660381530892452e-01,4.454494193168918592e-01
-6.855515119681250547e-02,4.016581341433411723e-01
3.909676393524207094e-02,4.076864120837599970e-01
-1.463902613711794420e-01,6.446804854359888814e-03
-2.474298120169363679e-01,1.901465033616490663e-01
-5.473501943889587384e-02,4.936556531003147841e-01
-2.531017137781224613e-01,-3.194956256264512851e-01
-1.424929266562012797e-01,-7.723326966237231694e-03
2.398175107967172037e-01,-2.706678277528904442e-01
1.357193144868926171e-01,4.244954710811854603e-02
-2.683760475028441617e-01,1.970773185432519448e-01
2.725297713285605994e-01,-5.668926359834469686e-02
2.237979628445930791e-01,2.132888594813217020e-01
2.042612014154563949e-01,-2.299939234624771567e-01
1.011249063037286539e-01,-2.569920116335627780e-01
-2.781719011089937577e-01,-1.767658639047658964e-01
4.213698810293476510e-03,-4.575557233188725093e-01
3.378604264783608563e-02,-3.608857500537150376e-01
-2.059539838531538603e-01,2.343271942402879171e-01
6.903734292617394463e-02,4.537944605934493003e-01
-1.452574319053801244e-01,-4.827323195125629018e-01
-2.805314895046436274e-01,4.001790646666200102e-01
-2.169607655082375630e-01,4.526388273082715408e-01
2.009376574075486532e-01,2.406176830229177499e-01
-2.962508390597248104e-02,-7.848827675094194323e-02
6.875859529217984156e-02,2.013754675108364589e-01
5.332767036231737812e-02,-2.082852306177847002e-01
2.107451958829816285e-01,7.753044538101505623e-02
-1.722230208583928057e-01,4.585164647451209774e-01
1.720900047551295886e-01,-4.508638751428473146e-01
7.843627962254041963e-02,-2.987547643835378741e-01
-4.991063613642858499e-02,7.426312533576207020e-02
-4.610229208718447103e-02,4.730366461568480396e-01
-1.392304717063395092e-01,4.544958597302045655e-01
-2.421562748196437465e-01,-3.126019924818739248e-01
2.071798568305880939e-01,4.171048392342838751e-01
-6.265130400991160420e-02,3.451498263305603498e-01
-3.174146399745117475e-01,-2.593125905313943269e-01
-1.990576358423238046e-01,4.437114714333797449e-01
1.729673480439882227e-01,1.893238528567068313e-01
2.665173005162003728e-01,1.395159947533859413e-01
2.140380067579124856e-01,3.589266293012685072e-01
1.624759915906499597e-01,2.131496124193243968e-02
4.115985522771924143e-02,-4.501524672490582191e-01
3.483566855577889532e-02,3.805371675912684326e-01
-1.048780960463222001e-01,4.888761707415214541e-01
-5.299118552052942133e-02,3.023699910679609193e-01
6.211805783885471222e-02,-4.111776139718648082e-02
2.526703886030950974e-01,3.729685834675552369e-01
-2.337224911653894566e-01,2.282416830192465218e-01
1.765784590610009475e-01,-5.770501803888483661e-02
3.206911738646911481e-01,1.789688571133145611e-01
-5.676770415429105432e-04,3.079263496708687375e-01
1.235346910326833858e-01,-4.371193809349546155e-01
-2.999947892058523191e-01,2.998434019700454423e-01
1.050799215297963662e-01,-4.104952543858398917e-01
2.432054126643076186e-01,-3.940376631512301220e-01
-5.575935996107950904e-02,4.358101035350092634e-01
2.288450325888253256e-01,-4.093422370965176249e-01
1.614769862960957481e-01,2.949673390949489882e-01
-2.271814407738999009e-01,2.157004776244008104e-01
1.546389736277063720e-02,-1.094157378615345788e-01
-1.324668257303727725e-01,4.314019448130168577e-02
-5.147311910437150917e-02,2.666649207429534485e-01
-7.265785134299633519e-02,-4.707573229498643874e-01
-1.463959151114894164e-01,-4.050666822381245868e-01
-4.708516341912954983e-02,-3.271175471682404856e-01
1.530670594700371812e-01,1.413720346049445187e-01
1.077072713699516737e-01,-4.743254266886394177e-01
-1.361677775383049738e-01,6.165491445756632327e-02
-3.087273718861047178e-01,-2.091201922918772826e-01
6.170623319186047118e-02,-2.297857256651465452e-01
7.597829162173401485e-02,-4.620372490002665478e-01
3.012017862375305777e-01,-2.951582220482823482e-01
6.156706416536665560e-02,1.119473541607574063e-02
2.499731038261371885e-01,3.570938546850727091e-01
-1.707489496474171031e-01,3.803880445866207882e-01
-2.245881101482050668e-01,2.151272413818527962e-01
-1.827894521244091686e-02,-9.630288659778485361e-02
6.040340850552543273e-02,-4.773069171099550978e-01
-1.250648324256551647e-01,2.323335552191149178e-01
2.055811188847242454e-01,-2.222019399411112595e-01
4.170834126597369740e-02,9.646085820825922585e-02
2.384411766012923817e-01,3.945213647961570702e-01
-1.581133293836760323e-01,-4.739870147942143452e-01
2.037172927533328348e-01,1.799884456311104941e-01
-1.357089297124355609e-01,4.417188983036212102e-01
2.927580469004370523e-01,1.249668584091774282e-01
-1.374199526799883553e-01,4.772429695218757262e-01
1.373399276426767734e-01,1.078435496454410725e-01
1.937078339704903507e-02,4.285267862367999614e-01
2.410916985587223116e-01,1.538736678087709864e-01
3.059355943305953895e-02,-4.607561402076425505e-01
-1.620075436716672812e-01,4.791920202598204392e-01
1.893556084048193255e-01,4.246619650006105973e-01
4.709410357595821689e-02,7.265316724036519069e-02
-1.751608272086184748e-01,-2.258497442997677851e-01
2.300520143172379572e-01,-3.721462247434992321e-02
4.324923835895525676e-02,-5.566796097061421644e-02
-2.250017455904179953e-01,3.991755695759211520e-01
-1.425568065873620560e-01,4.370422854990825279e-01
-3.176977328405543033e-01,-3.907325169744907400e-01
6.522837289851669829e-02,-3.817161911459359125e-01
-2.567588238218808105e-01,4.360738257551742825e-01
-3.130631775660895344e-01,3.989177794301131952e-01
-3.165898173415799266e-01,-4.098698242399587688e-01
-1.972131204259430781e-01,-3.740798296331033779e-01
3.054853990369452155e-01,1.164659242910763837e-01
-2.172981437896098489e-01,4.493669584361534852e-01
1.420627918661636069e-01,4.142346338120084237e-01
3.059862967323259686e-01,1.326945515381425800e-01
2.366247419968373067e-01,-2.222783605025338005e-01
-4.306913016681446910e-02,-4.681136786125924543e-01
2.427817632120569669e-01,2.916260796816840806e-01
-9.320157018478711364e-02,-4.909737637051092563e-01
-2.988934531714112497e-01,3.001168509511487059e-01
-1.396553591812499939e-01,-4.403036384195099240e-01
2.272792962875997969e-01,-2.790430238432717314e-01
-1.761487020104525736e-01,4.713498837420162513e-01
-5.807742117563895884e-02,-4.931075016292340019e-01
-2.544827277732968906e-01,-4.425366838814250858e-01
2.388117207504306672e-01,3.946822579691134925e-01
3.166582542224035124e-01,-2.666822453632281542e-01
2.764423358953073673e-01,-8.451402636367744137e-02
-4.940258497581825198e-02,4.421683406551313311e-01
-2.720754906857569821e-01,-3.205166691156615677e-01
-2.450769121342014079e-01,-4.533878271441950103e-01
3.275999348633408526e-02,-2.445963699894335708e-01
3.221920014935795162e-01,1.665200552505804454e-01
-3.116015425010699724e-01,-1.690263236498932287e-01
-5.881049912285350734e-02,4.085983758269469135e-01
5.338868190293442895e-02,-4.519489612369601561e-01
9.895785957478664407e-02,4.341544614670311830e-02
3.139327156479844727e-01,1.479812263046473841e-01
-2.332570725355116448e-01,4.549572435310743623e-01
2.996227511372574481e-01,1.342134430946547718e-01
2.606997050291965934e-01,3.528344771263092206e-01
2.727185005201340773e-01,-3.641958962651338227e-01
3.218137161954796044e-01,1.671702670494503717e-01
2.614745441658974379e-01,-3.522791984228785811e-01
2.491712473216801393e-01,-2.219924906675655452e-01
-1.999476681480893969e-01,-2.523900868565027711e-01
-1.363573834003825036e-01,5.990640547187275899e-02
2.135130477384626635e-01,-2.250991450958765849e-01
-1.705812806118805758e-01,4.775151774401212856e-01
2.316917819090874020e-01,-8.895727351746929301e-03
2.151793202583168751e-01,-3.943382773654299234e-01
-8.442956875007465167e-02,-4.196641819246831329e-01
-1.193262024944403421e-01,1.703869442623251462e-02
3.177003898737583154e-01,1.745034183786116078e-01
-4.632576536563107195e-02,-9.414962184796149547e-02
-3.147804729048833683e-01,-2.437215694102776720e-01
-1.697007217839783810e-01,3.738854169373361236e-01
-2.330653763503217346e-01,-4.527960707157523412e-01
2.849711832428718505e-01,1.740068910331322716e-01
2.312400769733049533e-01,-1.116193595954659834e-01
3.041038453467816149e-02,1.998591215744068839e-01
9.096699852917050633e-02,-1.431345345680332670e-01
5.213405373259548392e-02,-5.324057150229433155e-02
-2.285268948993475213e-01,2.135327003649987176e-01
3.032030876584551060e-01,1.145400009784667272e-01
-2.019647624461700097e-01,2.725227654352241347e-01
-1.454204033962444298e-01,-2.462274500809998878e-01
1.506845965325166736e-01,9.965590957920478221e-02
-2.253735243637471353e-01,-2.259583793181877409e-01
1.620889325607579590e-01,5.204859893397595361e-02
1.958762925824122092e-01,-2.467318954016542998e-01
1.206232258948494729e-01,1.277759524586594697e-01
2.985011010838976020e-01,-5.334987580625838444e-02
-9.200318552188800625e-02,3.277292356562400144e-01
-2.484372016111869447e-02,-2.655578080622779114e-01
-7.715772188274933052e-03,-6.511553529952140984e-02
-2.904611823121484582e-01,4.072188312368681951e-01
1.495633381642880178e-01,3.464466067787627113e-01
1.049855111779465638e-01,-4.598295817341266911e-01
8.129885400241544657e-02,1.360160068270761524e-01
4.558025856777093987e-02,7.849157280269414283e-02
3.210681580970396048e-02,2.332475335913896108e-01
2.001863999084551593e-01,5.761485181577530312e-02
7.390931038594633629e-02,-1.378524671092611342e-01
-1.227412394425754089e-01,4.333961870668155969e-01
-6.923062512153102532e-02,-4.375472542425149491e-01
2.328402284159309388e-01,4.001813054260272562e-01
7.400129905607011338e-02,-4.222148000884879959e-01
-3.219596911859486377e-01,-2.752800919419250425e-01
2.057770829025141190e-01,-8.057416973354003531e-02
-2.352539354591283438e-01,-4.387864073720115776e-01
-1.014410431477581337e-01,-3.971161173807726819e-01
-1.491232650265699178e-01,2.324735647529573290e-01
2.510804498619974567e-01,2.276697658300674831e-01
7.609622312869462890e-02,4.158932539241976256e-01
2.508298240498307852e-02,2.091999152627664893e-01
-2.402405973122211380e-01,-2.373698982531136092e-01
1.637902139890644315e-01,-8.929440246602493580e-02
1.663226837074374131e-01,-2.926850649846290953e-02
-2.616582291481201472e-01,-2.751414944751161551e-01
-2.153660383981155779e-01,2.344331039026169572e-01
6.250439271799401730e-02,2.040402683044876264e-01
1.441524322760778798e-02,-3.994109032082014954e-01
-1.008484128269268865e-01,-7.881236674840319534e-02
2.725587794702965527e-01,6.434034119008225083e-02
7.801829626024056608e-02,4.669525899082087594e-01
-2.653503702229110250e-01,-3.683750488633525944e-01
1.118711530717984293e-01,3.182075813117808405e-01
-8.564942587478655001e-03,4.078360228956326994e-01
-2.205120694279360805e-01,4.419949528199959010e-01
-2.339150390880866404e-01,-4.331541833098158101e-01
2.164875738478316269e-01,-3.975766795840459666e-01
-2.608313318554889015e-01,2.240635368110069914e-01
4.604149636708539106e-02,-1.369701670384880776e-01
1.970876480314222579e-01,3.791178288782196537e-01
-7.819470473250747858e-03,-2.553491131071435882e-01
-1.291357851017458924e-01,-4.869015140518362372e-01
-1.488253722022015169e-01,4.622388973898432507e-01
2.750069876067444685e-01,-3.613365251712142845e-01
-1.753322985434052628e-01,2.334781056342178918e-01
-1.801351880741224321e-01,4.697060896566640498e-01
2.457084589714603473e-01,1.810113008332729923e-01
5.609475423664598420e-02,-1.256570500623916953e-01
-1.825293248075147701e-01,-2.202510565808583065e-01
-1.413440191553252678e-01,-2.994140915899091704e-01
2.674958785747780232e-01,-6.061167508389475600e-02
3.017970267834861886e-01,1.656511678215007999e-01
-1.688596194981732135e-01,-3.443315762145570114e-01
-2.935918845313691405e-01,-4.137019940374030424e-01
-2.281388709051632158e-03,3.521267610117488900e-01
2.452774873901928387e-01,-3.903164210981150406e-01
-1.106349473193336264e-01,-4.796270772473552046e-01
1.505194456562934657e-03,-1.057990746581868313e-01
-2.381294870763074889e-01,4.477452610900869434e-01
-1.561971127754561428e-01,-1.032326777621841440e-01
1.408400114077199838e-01,4.258398782347135869e-01
6.006488827941700026e-02,1.032844191179460580e-02
-2.561456145194350720e-01,2.819391427370668834e-01
5.497516620651003716e-02,4.814593864571059534e-01
4.081620336683328132e-02,-1.782820816057717472e-02
1.708320687175870767e-01,4.300557705557552790e-01
-1.849199441816479494e-01,2.151528863333637132e-01
-5.430254996791251954e-02,-3.206820408058828065e-01
-2.841324553055117885e-01,2.491167694578930725e-01
-2.890380321250591855e-01,3.293910773824871852e-01
-1.487336394097587000e-01,-9.797231100543246640e-02
-1.191357408637582355e-01,-4.620102637221821240e-01
-9.917315066286354341e-03,-4.955953272473268001e-02
-1.794848877797598496e-01,2.573572385896486514e-01
2.595951906806152065e-01,2.999932188849345760e-01
-1.003097798458344597e-01,2.376651561333715801e-01
-7.550536797831222668e-02,-4.317322808474733931e-01
-1.498130963709035646e-01,2.311519679144139472e-01
-2.076559914849182287e-01,-4.645784383434294895e-01
-6.050191793698989073e-02,2.913869226096575948e-01
4.436519468271816341e-02,-2.801795681824458262e-01
1.064318083666544179e-01,4.278143411231368765e-01
8.312264451100584428e-02,3.356015459320064176e-01
-2.552993151715807207e-01,2.117124971449716453e-01
2.411825232965199572e-01,-9.233748410573971999e-02
-1.097100118719331746e-02,2.608042981304985464e-01
-1.391692155478725657e-01,-8.335366256743770297e-02
-7.700350502495238725e-02,4.540699528377467598e-01
2.099509055377616618e-01,-4.276735808278615547e-01
-1.213318722603570765e-01,-2.413199805757831884e-01
-1.312633891158477006e-01,4.664028043360707310e-01
-2.194929866874613666e-01,-4.057784051572222994e-01
-2.410577622544888277e-01,-4.526472771517164873e-01
2.907571736519906080e-01,1.522761483605424848e-01
-8.309188109735773931e-02,-2.674029855143339462e-01
-4.255441313298115313e-02,3.828058985608678855e-01
-3.106405637640608508e-01,3.762720308273016512e-01
-4.788148323362997894e-02,-3.151753019989633753e-01
-4.669129157135661068e-02,4.589637845110317027e-01
-4.569256678279347283e-02,2.442470237517399001e-01
-2.466517237270401397e-01,-3.125516898369333774e-01
1.048178460285228465e-02,-2.196564119539634596e-02
-2.008171800667308826e-01,-3.651261062973606419e-01
-3.873236584934015847e-02,4.897332756785341967e-01
-3.069653988100224384e-01,-1.614604498382223863e-01
-2.763536401228041672e-01,4.199144210965835011e-01
-1.558655872722168323e-01,4.795331818117938294e-01
-4.791042920800250154e-02,-2.541921810609921728e-01
-3.368532868587045814e-02,-4.856190594356035728e-02
-8.692250859201058888e-02,4.376075682251291399e-01
3.165178253546050424e-01,-2.409641284946718587e-01
-1.268975147382724877e-01,3.358467646979416132e-01
2.612324547187305224e-01,1.190388249548696153e-01
2.719823139485091912e-01,3.224691886466753976e-01
1.287148577982647479e-01,2.614469709321596280e-01
2.713605239371242456e-02,-4.907993576989305717e-01
1.455295306103119579e-01,4.603052595770916744e-01
-2.859060064024570025e-01,3.163307276323414907e-01
-4.425745979844385170e-02,-7.919669744894364261e-02
-2.430873745097579530e-01,-2.017375466278129581e-01
2.993008490907527741e-01,-2.527489867758148101e-01
2.573130215770365603e-01,7.837683986094134969e-02
-1.053368006318727845e-01,-9.098204177318369723e-02
3.186278822458407656e-02,3.310520115225249471e-01
1.865163586635963933e-01,-2.062953950422550253e-01
5.180282252102315355e-02,4.820482980671980666e-01
1.246364605062282860e-01,-4.689302221331381748e-01
2.498051090272014330e-01,2.784800262528830395e-01
1.078923164665964995e-01,-4.745055254804747547e-01
-2.609205566061189030e-01,-3.337924511837137009e-01
6.342857471994550744e-02,-4.748462597505523908e-01
-2.237155995026391953e-01,-4.415086231363117841e-01
-1.677302425863259616e-01,4.501605740970707759e-01
-8.601063789404396476e-02,3.690390897362472167e-01
-7.563726956637191468e-02,-9.486749942259020685e-02
1.051708879735149677e-01,-4.484331529226565083e-01
7.613318126576666678e-03,2.900781490830935949e-01
-1.409706140228741966e-01,4.713575978506013842e-01
1.269579785400289373e-01,2.173955951868112857e-01
1.532764703055380928e-01,-4.049011900209983361e-01
-1.305003111665667959e-01,-3.014064382642777096e-01
9.769807939653142592e-02,4.654218743793352431e-01
-2.880605614427104166e-01,-2.969920863863134697e-01
-1.228933489171529225e-01,-4.656899862678537394e-01
2.705429449803140596e-01,-2.427055057515103975e-01
6.088682647033670514e-02,1.205726345753010964e-02
-2.014679999478071193e-01,4.567558060748951876e-01
2.615952270242711819e-01,7.537604149417986843e-02
6.081517586097556771e-02,4.548009543693116719e-01
-1.713409505342886885e-01,-3.944809945153330277e-01
8.340174225171710642e-02,-1.399157871479040915e-01
-2.027714385713784706e-01,-4.575994355909686062e-01
-6.390004230773274618e-02,3.481717063509017773e-01
2.044847687436588402e-01,-3.532270740784663188e-01
-3.056556789361053461e-01,-4.169755040705392934e-01
7.127101243514780138e-02,-4.856599957328994188e-01
-2.645980199648673148e-01,2.022885758598453876e-01
-1.639563323117164406e-01,-2.688897667922419688e-01
1.838826690431570321e-01,-1.606487154895039904e-01
3.007773156770110479e-01,2.645117020465309610e-01
-6.573035222785156284e-02,-2.976314892461118244e-01
1.305188772887445614e-01,2.906837575631679993e-01
-9.244833022003633161e-02,2.426421313556031967e-01
-1.898589815373478706e-01,-3.602464777520467676e-01
2.694681177421033857e-01,1.206780761340221497e-01
-6.254027854197032055e-02,-4.104253980812211378e-01
-2.421161283922508289e-01,-2.078951149052395975e-01
-5.468112706738702949e-02,4.809374725675469309e-01
3.180191932312678160e-01,-2.353027262149396392e-01
2.807588439028517735e-01,-3.540172225196935862e-02
3.975701209967025251e-02,3.130122821971609293e-01
8.009890094174232367e-02,1.395546893415279266e-01
5.703632491203194932e-02,-3.268084243460044336e-01
-1.909084503169644620e-02,3.476313662416895545e-01
-1.308431664951734130e-01,-4.789006993397052492e-01
-2.426131232664509585e-01,4.296096569213275762e-01
3.055115892375917519e-01,2.121861452906507184e-01
2.212145303204178792e-01,2.930614128753600278e-01
8.247116051873311371e-02,-4.652757202446348161e-01
-1.514436762747457255e-01,2.632054347098777836e-02
-2.978985567937234569e-01,4.158474684687103462e-01
1.038094041829934200e-01,2.905351782503090563e-01
3.220455806844373381e-01,1.755606340927390319e-01
1.069972234420999424e-01,4.444091628076076717e-01
1.553024438814204489e-01,-2.175716429486487247e-01
2.880705185832702075e-02,9.760562002273642790e-02
1.321903991917908749e-01,-3.656333740383019837e-01
-4.383682088684220934e-02,-4.925749683159464931e-01
2.917082676563642618e-01,1.585818885676045786e-01
1.754154983617454699e-01,1.371393069570612244e-01
-2.860278086556368726e-01,-1.762939267839174207e-01
-3.085815181672891816e-01,-3.196752824542559157e-01
1.300249240282013996e-01,-4.371836091968714921e-01
1.151078979436915423e-01,-1.206825800863405851e-01
1.677541319329300118e-01,4.495185931233856014e-01
-2.171679745571822862e-01,-4.016253344063243080e-01
1.852500306755788806e-01,3.109473086877614367e-01
-2.974743362551636183e-01,3.735646485546488815e-01
-2.969926176892583314e-01,-2.671120258841068740e-01
4.600696383497901443e-02,2.207539378515958051e-01
2.468776704682046907e-01,-2.435608319033001345e-01
3.064260193593233983e-01,-2.320930045775382311e-01
1.757043927619285628e-01,-2.583411124721981533e-01
-1.828526299622567908e-01,2.177051214637824028e-01
1.000525569496928668e-01,1.867814180491322862e-01
9.649315079540843332e-02,4.275988001952358841e-01
-2.969943872593907019e-01,-3.406118418272952031e-01
-8.437833823872467609e-02,-2.781128725056246642e-01
1.665358690410354559e-01,2.281216724489465442e-01
2.870325821367593067e-01,-2.434489490927775890e-01
-3.343122584191241670e-02,3.949211537311048126e-01
-2.070550824396692746e-02,3.842656159980051278e-01
2.493566613100918206e-01,2.843148429457247328e-01
-1.972507561461140924e-01,4.629228796202002894e-01
-9.405903620474322102e-02,4.802466897676817004e-01
1.096935456566086320e-01,-2.151450770307927751e-01
-2.540917598518932854e-02,-1.015747935838878790e-01
1.401135047101944864e-01,-4.556688635935278731e-01
-2.652951622360810169e-01,2.606360032483918676e-01
7.761897613311403987e-02,3.269256693724672536e-01
5.274856909611783107e-02,1.491262315088104362e-01
-1.892636780225188664e-01,-2.488546213975254551e-01
-1.070388634365086328e-01,4.647693651774609247e-02
5.642942800908104517e-02,-4.722995073201814442e-01
1.532769780911870383e-01,3.766169803702196228e-01
1.786805827506515731e-01,3.096454244118310717e-01
4.999989208199125124e-02,-4.789706719927200318e-01
1.465505910492489669e-02,-4.880348860824860191e-01
-1.498945311533281810e-01,-4.775090643729038575e-01
-2.680984312787499935e-01,4.227119004361401533e-01
3.105285149807403555e-01,2.748431662207567738e-01
1.455827503961938663e-01,1.727725010237461944e-01
2.465943126239455441e-01,1.204694970322292003e-01
-1.090059020985856553e-01,-4.783710642672623914e-01
-2.042512490545684845e-01,2.519873754442709668e-01
1.238457147041741035e-01,2.847966129711845262e-01
-1.430549858047696354e-01,3.450853851778501458e-02
-1.337786912018524288e-01,4.505009690134009759e-02
-1.467877698642287287e-01,-4.245721501197502468e-01
1.461348592100755739e-01,1.963950520437109937e-01
-1.077846388105214298e-01,-2.942500628024480314e-01
2.662852318010245356e-01,3.535375530031209523e-01
9.319152413909304045e-02,1.009763453336071093e-01
-2.350723990680669284e-01,4.444205014450030022e-01
-2.357033607019553556e-01,2.134143898098069814e-01
-2.917704010564283745e-01,3.980805312398509876e-01
-9.714289647032632591e-02,2.329734004262751235e-02
2.690395874692025346e-03,3.309029095629333339e-01
1.716123806660238837e-01,1.408545255432920307e-01
5.399460808373843929e-02,-1.809658784418165522e-01
2.333237578275574320e-01,-4.096002600691012185e-01
-1.588572635339250971e-01,-4.023719830445318113e-01
-2.219284492053185120e-01,4.370368972276003072e-01
-7.169205342279763582e-02,2.620724410747644617e-01
3.756454827660472839e-02,2.186727207792374950e-01
-7.226891027211326812e-02,4.545730857761414168e-01
2.213716767507534211e-01,-1.080083784446363993e-01
-2.076283250997210117e-02,4.560318246115888652e-01
-1.351283411580472549e-01,-8.603715199601813524e-02
1.570383762913702685e-01,1.885199623464934859e-01
1.591554882915857672e-02,-4.942654303423562601e-01
-2.510862396913923211e-01,2.065813679942116732e-01
-1.496345728025903765e-01,-7.801530620089303092e-02
3.305693104816134764e-02,-4.944734297549469026e-01
-5.136859836105837906e-02,-2.357414194346141301e-01
1.288175061764860740e-01,1.275243082990683563e-01
-1.768673982453165539e-01,2.311883889835829597e-01
-1.252186416623957965e-01,3.613148235686813869e-02
1.090228820718729952e-01,-1.029090438077037151e-01
2.512909412115186814e-01,3.020116220340562929e-01
-2.039636374762336946e-01,4.542229463402488454e-01
-2.117696993284575238e-02,4.649838298151642846e-01
8.521275271204209467e-02,3.515660106125977347e-01
-2.671398821958722580e-01,-1.873419746212318104e-01
-1.872813156810785792e-02,-4.128154981586606986e-02
-2.293740186704046335e-02,3.195515231291317093e-01
-2.260228532976598093e-01,4.090505254127653201e-01
6.266825856674949902e-02,-2.606095321028214506e-01
-2.664845429671266475e-01,3.001283829297212158e-01
-1.550558719663917839e-01,-4.799474913972903156e-01
2.637272803869430970e-01,-3.180698737995324432e-02
-2.928840565581621869e-01,-2.175385384767698493e-01
9.910817992652265485e-02,4.022064552106733304e-01
-1.220218223567625521e-01,4.532149772952516198e-01
-2.953203540493597457e-01,-2.448462798485396830e-01
1.079389172045944756e-01,3.585360131003013651e-01
-1.809507054836694828e-01,-2.832371127611901240e-01
1.722733286302818301e-01,-1.832707510221752711e-01
-5.186999782171741735e-03,2.251726027376068640e-01
2.470113429878651179e-01,1.566856785732699819e-01
1.204558487154919338e-01,-1.936554363239710863e-01
-2.856543735323647248e-01,-4.072400711454710054e-01
-1.283820054389807896e-01,-8.996981370364487418e-02
3.029850134558730868e-01,-2.952187765639305850e-01
1.970289247567616198e-01,-2.213570412620791128e-01
9.945820371861507914e-02,2.617826041678820159e-01
-3.118636699864192341e-01,-4.021160272967100324e-01
-1.234598975542736538e-01,-2.673675729068780704e-01
2.216258250468209068e-01,-3.657473687503433046e-01
1.200884584352180096e-01,-2.795427588678870423e-01
-2.993416313129123041e-01,-1.989277044674723216e-01
-3.117901586391106372e-01,4.054430728228611835e-01
-1.106274052907704059e-01,4.723973089874632381e-01
-2.872312046502849547e-01,-3.125587034391332786e-01
-1.678341390549309975e-01,-2.350077205093596966e-01
-1.041932291224796983e-02,-7.374074590542434304e-02
-3.039684474090280641e-01,-4.162190220014927444e-01
2.717640776107190792e-01,-3.531483652320148714e-01
-1.792130305609906105e-01,-4.584535188044044363e-01
-4.571465922388427694e-02,-8.991642327223048348e-02
-1.111407275431058883e-02,2.964759579918341270e-01
2.565669690944184511e-01,-3.173245441751652018e-01
2.311210524840173475e-01,2.792496478794348480e-01
-5.965068716213572930e-02,-4.751626107318382974e-01
2.032446183626136216e-01,1.398898881255705717e-02
-1.950758831104482394e-01,-4.349016007847259502e-01
-1.676863415818478642e-01,-4.194242385591449018e-01
-1.388497454825432798e-01,-4.814708528255974285e-01
2.463617480156545247e-01,3.005450465735634014e-01
1.507053084868772430e-01,3.201760349230208247e-01
2.456191393625753450e-01,-2.195601456967911647e-01
1.886375337058016632e-01,-3.084871198177263629e-02
2.365661406617399209e-01,9.974185366307342093e-02
8.404968428262031555e-02,-4.849789827169023182e-01
-1.163936695893098561e-01,-1.777580363655462126e-02
-7.592361110971108940e-02,-2.398002432834759334e-01
7.729768504475470481e-02,4.764123171501607468e-01
-1.985149770477868114e-01,-2.129706796034608329e-01
-1.057208639033069553e-01,6.411880789821522431e-02
-2.354435411503056075e-01,-2.396940542109308181e-01
-6.728728541643316796e-03,-4.841999056971673099e-01
-4.011422353759160064e-02,-9.311876889955905678e-02
-7.779996599525174084e-02,-4.884086630557875619e-01
-2.855083632090716916e-01,-3.217499789493012408e-01
-2.656938708023023343e-01,-3.381768044695715458e-01
-3.388413438852577036e-02,-4.830111036498174748e-01
-6.000282472544825330e-02,-4.486003906220423776e-01
2.385516879185575756e-01,3.937505813794219822e-01
6.522027794907522824e-02,-3.602672610023074373e-01
-1.809014335889605474e-01,2.592772456967418204e-01
-1.266518319621026678e-02,3.362582804009967008e-01
-3.229334889680619547e-01,-3.906839698908627367e-01
-2.194742169481427307e-01,2.126077083396735734e-01
-3.172583181753237114e-02,-4.613945035029056729e-01
-3.104506837212535064e-01,3.694222034457640413e-01
1.830054652896526482e-02,-4.582966730377771025e-01
-1.546294736011762372e-01,-2.331432940841252632e-01
3.049893623985417968e-01,2.464857297614061471e-01
-2.510505195096664199e-02,2.554786777682847010e-01
-2.706853820984733150e-01,2.345814881067744828e-01
2.787687163877488050e-01,-4.921393261901219063e-02
5.322074534276306779e-02,-4.558061064141181173e-01
-2.603639349221168464e-01,1.758365426121276665e-01
-2.051867629951208971e-01,4.546753099649232244e-01
-6.081505899611430038e-02,-3.313148180486732430e-01
-4.654003999743473036e-02,2.483906891277379847e-01
-1.165805326702189781e-01,-8.287901807666775422e-02
6.298796396994382762e-02,-2.291785543884073961e-01
-1.301381416847414707e-01,2.576831159967074569e-02
-1.180887893554821572e-01,-3.009534556281072692e-01
-4.626831321844308842e-02,4.790527114288243293e-01
-2.336648835151899362e-01,4.362577268439935541e-01
-3.019523388071145842e-01,-2.059694783200357593e-01
1.085897048588015529e-01,-4.752599114467628283e-01
-5.429325823280874846e-02,-7.889521271816379855e-02
-7.148594107099598416e-02,-4.731696449228997015e-01
-6.108967465342235448e-02,4.934215884405575014e-01
-9.527562538333381181e-02,-2.664859871331054508e-01
2.433837344621184173e-01,6.082686148469296228e-03
-3.115011369311536105e-01,-1.954170218339783549e-01
1.860452065742856098e-01,-6.046399658091261564e-02
7.733252323220947411e-02,4.037701673300871930e-01
8.645655223723272553e-02,2.965178048787200371e-01
-1.770779196708434367e-03,4.240681024310256619e-01
1.613209640007138845e-01,-3.483576110184689600e-01
1.682051421140551006e-01,1.799688749105782248e-01
1.886141380565991565e-01,1.428197909956293588e-01
-1.681797075772480388e-01,4.637635289620293255e-01
-3.037188656907779949e-01,-2.740649773439485237e-01
-1.759269105009210743e-01,2.265026837855919073e-01
-2.766137392015416974e-01,-4.337352121983518716e-01
1.198106335267796058e-01,-3.806033029791696665e-01
1.679679138397437155e-01,2.790879981258008735e-01
3.795287142841715505e-03,-1.046687457938070276e-01
-2.376374551737112650e-01,-1.877417041511560969e-01
3.608490547225267492e-02,-7.822309741457222909e-02
-1.534497951289441331e-01,-4.633578117182053369e-01
2.051839735102331530e-01,4.141248121122387271e-01
-7.996865494861095380e-02,2.608101701170819631e-01
5.431347688186998618e-02,-3.995496724374570929e-01
-8.673092998873081771e-03,4.949827454496993351e-01
2.804995281575829447e-01,1.323855794602457614e-01
-2.251990073519381519e-01,-2.162001557936148455e-01
2.674121633566890477e-01,-6.219088128528682535e-02
1.956165968054587034e-01,1.329544777395281763e-01
-3.257367559229013554e-01,-4.079512658375600287e-01
3.042321043580258899e-01,1.968471525222892371e-01
-2.470922709098926640e-01,3.331566428747657627e-01
-2.232336801784361863e-02,4.377257978948815298e-01
-3.029471568777343804e-01,-1.738430124894468909e-01
2.271792767979256833e-01,1.078443295416262604e-01
-2.996135021243340746e-01,-2.181795671165369654e-01
-3.044188042097846214e-01,-2.215861341731730771e-01
-4.050575752572239951e-02,-2.978692927870827400e-01
-3.087759334634428421e-01,-1.574158692107272550e-01
-1.110915312644720487e-01,-7.891424829308890665e-02
-4.440638263498439958e-02,4.308262045432031950e-02
-1.268863809057782233e-01,3.718682771940100551e-01
8.642454813115307832e-02,2.888418061700082085e-02
1.647301309467877339e-01,-8.674469812960272641e-02
-8.048001555931330597e-02,2.627484574070024781e-01
-1.291854386186978842e-01,-9.700213086695963494e-02
2.102841046423752636e-01,-3.269162664837022003e-02
1.331376703923245752e-01,2.780013076173388775e-01
8.971568652433169200e-02,-2.210273726942753036e-01
-3.097623782905570278e-02,-2.974110304626642609e-01
1.617580039124059399e-01,2.017829226809834120e-01
2.481626103561940799e-01,-3.835609753027756641e-01
-1.905310193028095234e-01,-2.196113370492750461e-01
1.943381845205242597e-01,2.947986938708024862e-01
2.263620707815579280e-02,-4.780258399023483706e-01
-2.625912062753077980e-01,-3.727200196044110347e-01
2.715218979955170697e-01,2.166230235556996231e-01
-2.658262317242782724e-01,2.685676622325089413e-01
-2.234543668626458035e-01,2.005450257724027407e-01
-9.884920984700119873e-02,4.612735285944824515e-02
-2.837839954900936434e-01,-2.472376440102411754e-01
-7.020850018906815704e-02,-4.783482846190145743e-01
2.649731249716696380e-01,-2.976618241528772302e-02
1.880769874181149603e-01,4.105157107482403367e-01
1.846797826459446457e-01,-4.017740378596605932e-01
1.972979077241167334e-01,3.047819258712691770e-01
2.176126228133056228e-01,-2.295739703673307375e-01
-1.393312723781788831e-01,4.590416953511645692e-01
-2.751373765862141774e-01,-4.225783315091191650e-01
-1.121284878962837128e-01,-8.525677539776654879e-02
8.177307230121078074e-02,-1.021192670994995888e-01
1.220284831435013151e-02,3.099152744536436410e-01
1.885566898245476519e-01,-1.575242917854592362e-01
9.627983692659637660e-02,-1.236132216383152294e-01
1.520679312040628672e-01,3.296751246286779846e-01
3.150588124005693214e-01,2.542668851276949082e-01
-2.404034701811977315e-01,-3.897989805586933310e-01
9.624643821268702437e-02,-1.200117345346680686e-01
-2.727742522080924825e-01,-2.101805773766952656e-01
1.679538107166177185e-02,-4.221899482271529447e-01
-1.516110999152766592e-01,-4.669149422108035408e-01
3.125094849657984453e-01,-8.526120892586663835e-02
2.816696572680191801e-01,-2.580957777779745443e-01
6.042109462679084997e-02,-4.101848389317308552e-02
-4.793373683392321977e-02,4.027969344830882870e-01
4.739705602324505163e-02,-7.995601068143398660e-02
3.099691580394707269e-01,2.327232026493289974e-01
9.403831503607225362e-02,-3.150580740945451153e-01
-3.387819708971201438e-02,-7.688655686435641456e-02
2.371208572600567999e-01,1.606218729679187440e-02
1.036568348267921796e-01,-3.934822385152483282e-01
-2.727412125130199150e-02,-4.225757473532991693e-01
-1.849432628676761226e-01,-2.392260596859726585e-01
4.658407946800256771e-02,9.792059739544223262e-03
1.122633261861269716e-01,4.158221942886306532e-01
-1.371666473833672850e-02,4.072695075572666523e-01
-1.943451985634191970e-01,-2.380771527544520705e-01
1.116679524686234326e-02,3.583508754355965165e-01
-6.423895027249033884e-02,3.794256488468782385e-01
1.020777782850253862e-01,4.052231551868612502e-02
-2.629719251832127180e-02,-4.951052849690096291e-02
-1.294885647356539271e-01,-4.580499404553690646e-01
-2.873788284276367344e-01,3.556357341179110509e-01
-8.937515886011736244e-03,4.531827202953184752e-01
1.440469906333704808e-01,-2.654863441612184127e-01
-3.253596318586893799e-01,-3.653310364445661040e-01
2.844806237575699115e-02,-4.664999478138693867e-01
-1.048860630125686699e-01,-4.676260776675490449e-01
-5.418369208602415166e-02,3.157990661372619412e-01
-2.512925820592326609e-01,4.073779457487085587e-01
2.277665276298115882e-01,2.138126024950380843e-01
-1.559389186768530833e-01,4.597773855818878541e-01
1.301233166399995422e-01,-4.440111891989350079e-01
-2.990308623098537621e-01,-3.112697074525779817e-01
-4.682221472379503868e-02,-4.908412989589693298e-01
3.103897067118989161e-01,-4.903027779861179880e-02
-1.424343558424270850e-02,2.360429765856029150e-01
-3.024080539361012065e-01,-1.970858070803158668e-01
1.152008697256181463e-01,1.378304000275373253e-01
1.045705275611199664e-01,-3.868124991550492275e-02
-2.941356498592172936e-02,-4.542060806632952641e-01
-2.370832958885509822e-01,1.944976158680533640e-01
-3.212863692151788908e-01,-2.748945954972925598e-01
-6.624789714112856720e-02,3.849312042278087986e-01
-3.163102135234714951e-01,3.822872205033573945e-01
5.738503139245472451e-02,1.896292553630635203e-01
-2.057040084928841162e-01,-4.453366294162903749e-01
4.901344353869941523e-02,4.091513597384972556e-01
8.682133520518819925e-02,9.043133651897061753e-02
-3.067443126297199618e-01,-1.494407866564565479e-01
-5.131320667133146274e-02,-2.675503979240057006e-01
2.191779424423577483e-01,-1.108758466690449307e-01
3.049552227492172696e-01,1.881435775525892584e-01
8.038649461939187391e-02,4.324777225166251959e-01
2.855797220041523810e-01,2.969273519108448500e-01
-1.208172124728145169e-01,-4.702150277452968874e-01
3.146214300292206056e-01,1.590715590473762431e-01
-1.537094237431195221e-01,4.801863732488305114e-01
3.153762927838168473e-01,1.591245535859073801e-01
1.531987123571948994e-01,2.623676568846535773e-01
-7.236427900595124307e-02,4.392450281828708114e-02
1.752357518405983361e-01,4.276243583811983884e-01
-2.288052509097894538e-02,2.376858835252662061e-01
9.051877356875413783e-02,2.271202037308458488e-01
-1.219756352755734519e-01,2.322524392342499855e-01
5.736392552883696344e-02,-8.630503313598125725e-02
2.092577633066964315e-01,-1.185950214877187214e-01
9.186658436686433171e-02,9.574291728282402492e-02
-1.511101946344901303e-01,7.981234207222520638e-03
-4.911170159917759015e-03,-8.712585349797730139e-02
-2.587383493297062964e-01,-1.823099745258961457e-01
6.342908582236315984e-02,1.665544497963914461e-01
2.215011687801782814e-01,3.297466143330046728e-01
2.927116804771282554e-01,-2.124823732636815787e-02
8.398229761241798874e-02,6.737638749042407227e-02
2.688267996807825605e-02,4.492853364705018393e-01
1.103204247912696473e-01,-4.319317380773115556e-01
-1.456639348429922265e-01,2.954499300399648920e-02
-2.673975474023291277e-01,-1.849119299087107482e-01
-2.627360590261720308e-01,-3.383400008653904001e-01
-2.582685758950427068e-01,1.800203168195795289e-01
3.579504846523847567e-02,-2.888741379505113116e-01
2.942115223134178503e-01,1.250428052930517842e-01
-2.239777028123549063e-01,3.196207987050703192e-01
2.585690749713341896e-01,1.974783328677693905e-01
-8.591556071657933946e-02,-9.450275670295271713e-02
-7.287689627806235790e-03,-6.220111606456002473e-02
1.639027266668179050e-01,1.333574988072375733e-01
-3.020284866060171658e-01,3.299418204613586703e-01
-8.624326539497233213e-02,4.724923387123808327e-01
-1.309084459200350048e-01,4.508941133178739902e-01
-6.584446025210496933e-02,4.284802243999679128e-01
4.414820389945059431e-02,2.675761779921275174e-01
-5.655325196371984581e-02,-4.698498145544669491e-01
6.855763749270825380e-02,2.299682581853312868e-04
-1.476428265951822139e-02,-4.497334939529709086e-01
-2.591714182180900883e-01,-2.545105470171984408e-01
-7.897478850654118809e-02,5.537964135502659868e-02
-2.859255961246721239e-02,-2.834175597319741335e-01
-4.426559368098240133e-02,3.463005913070349440e-01
1.156277739183765065e-02,3.218424496688685466e-01
3.075320616266975782e-02,-9.393286658061461569e-02
-1.496030481102296750e-01,-2.725739313168862310e-01
3.115875671499344080e-01,2.429484724841508569e-01
4.294001778226647081e-02,-4.918279828369656048e-01
-2.208316463245762473e-01,2.540133679879841289e-01
-1.479330799568175092e-01,-1.059336587310040212e-01
-3.624921428425353920e-03,3.377529174835781633e-01
-2.730371531180200151e-01,2.083060083393097894e-01
-2.622725583464168009e-02,-4.910025192618541201e-01
6.399549828589071176e-02,-4.516122035215442976e-01
1.745558824356483463e-01,-2.499880537235583677e-01
2.474965244847381896e-01,-3.683082319077219946e-01
2.817227565436983827e-01,3.088842204541552006e-01
-2.661038934828031111e-01,3.865959364417899113e-01
-2.242995368608101114e-01,-4.165113396477609919e-01
9.927690691064465500e-02,8.787158023378538463e-02
-1.584043825411785567e-01,4.050627259761128141e-01
-2.784011559359968468e-01,2.420721780052561556e-01
9.695595229004690119e-02,2.433516773698909397e-01
-2.298384776824166087e-01,-4.528867407837310344e-01
2.320047236386346967e-01,-6.087424259277096628e-02
-1.894232481622523945e-01,4.113578962966119024e-01
-1.394466016010556531e-01,2.467466435416171278e-01
2.046775625055846648e-01,1.468126304103021251e-01
1.817333486401650766e-01,-1.624315320129088303e-02
6.816301929490245493e-02,-2.569551598001909021e-01
2.088295993436400377e-01,-1.562705435704886403e-01
-1.441255208345091909e-01,-1.021077294771569610e-01
5.051947372235418565e-02,-2.402285724789721133e-01
1.548254355441831265e-01,-3.887370140200728796e-01
