1.906144503735900941e-01,4.154395089627311854e-01
2.993000417496328169e-01,-2.337524964601223054e-01
-2.062533344861795237e-01,-1.647963620350718639e-01
-1.851905624026615738e-01,1.398131650456024833e-01
1.174777142089860338e-01,-8.397614389624363795e-02
9.159763489633471201e-02,2.323291743090869499e-01
-2.369777594472401439e-01,-4.744228500002365401e-01
3.280069573016980433e-01,-1.586649089207637919e-01
-3.053423182558958060e-01,-3.911836636502592501e-01
1.236904917980205243e-01,4.673583007426161950e-01
-1.865212479862790040e-01,-2.899367484139510065e-01
-2.555004616149872398e-01,-2.992126193171161797e-01
2.549590580611344470e-01,2.779916207104782266e-01
-3.327130245573151068e-01,-3.687324698027684144e-01
5.533358003735818625e-02,9.946120832584859350e-02
-2.502041627828757719e-01,4.304538128945725184e-01
-3.832720143211112984e-02,-4.695369693215055706e-01
-3.080062058907095945e-01,3.469181805139760488e-01
3.458616645268627887e-01,9.200783915347654496e-02
-2.812349927926254822e-01,1.056678809987648959e-01
-9.560624455297983548e-02,4.832562434871492396e-01
2.522820917888676240e-01,1.137355323199614743e-01
-1.310223082062663691e-01,-8.275263274647426393e-02
1.752756108973828053e-01,1.013731948696546814e-01
3.359447740731563714e-01,2.510229914874280155e-01
2.402622038854889674e-01,4.077054252164035164e-01
2.951046752630980818e-01,-3.856493142144836739e-01
2.052448962933797749e-01,-4.427268966612174506e-01
2.250275811626033587e-02,4.766877216583996768e-01
3.037721455965718409e-01,9.224612140210619593e-02
-1.139795670613733408e-01,3.814803525121304162e-01
-2.557429094125285851e-01,2.858110360740581113e-01
2.749626733359904485e-01,-4.263532465518933279e-01
9.234975943555641387e-02,4.706879080528835191e-01
2.345525958919172926e-01,4.100258782791859069e-01
-2.676770136859182858e-01,-2.385338862045933706e-01
1.553566039988093506e-01,4.495375273694564022e-01
2.088604295928747634e-01,-2.616912334734395884e-01
-9.190599642062891039e-02,9.775233064184418730e-02
-5.081853943833816722e-02,-4.557719083735627397e-01
2.029304535752425864e-01,-4.762580469389301463e-01
-2.274277214083852972e-03,4.377318739980418094e-01
-1.588907403065674684e-01,2.379854806680528068e-01
3.066765213520003530e-01,-2.633193008343669428e-01
-1.532181694488435678e-02,2.885987062161327055e-01
-8.026180194933862921e-02,-2.560888177246082309e-01
3.527042071495895548e-01,1.569885437890685687e-01
-2.224362473289691888e-01,-4.643947152353616881e-01
-1.308718081796657051e-01,4.869958535207893346e-01
-1.335579130290513450e-01,-3.749685712797815595e-01
-1.308659149739234244e-02,-6.165869392171263730e-02
3.373014403554964735e-01,1.211308830643628154e-01
3.252384113633148832e-01,-3.160636218127392816e-01
-3.028202987663095036e-01,3.799262662090024945e-01
1.680737476056805291e-01,-3.934884251290293733e-02
6.461692647483410767e-02,4.182886994481636034e-01
3.058848839363980110e-01,-4.295217028385893698e-01
2.782335063282468934e-01,4.200016926521021876e-02
1.194415086351193894e-01,4.057849449982369183e-01
-6.773860133352034574e-02,3.684989605721440409e-01
-3.364041369774782297e-01,1.889195496198988744e-01
6.264035737398573889e-03,-1.747931357344270076e-01
-2.666291578894968706e-01,-4.773976904612462491e-01
2.160288148395954899e-01,-1.320687845735557531e-02
9.100938352209664295e-02,4.303490038154714759e-01
-6.951142072654215021e-02,4.137536460862629717e-01
-3.440787305021852927e-01,2.438043150543857118e-01
-1.317782430752212908e-01,2.611856208562000070e-01
2.823055914031541991e-01,7.782913589740936278e-02
3.203847643462128247e-01,1.136195122331601359e-01
-9.148633803951304599e-04,-9.184863584669511472e-02
7.518052840925461278e-02,2.094723452480086179e-01
5.512927423959822909e-02,4.354266811609351917e-01
3.233407315309703156e-01,-1.861987241082276867e-01
-3.711156964424113663e-02,4.712904114989965310e-01
-9.818518167550713271e-02,-1.036331889438996123e-01
2.936650788828235603e-01,-2.097176428540257209e-01
-3.144288248382473006e-01,3.238866127050534782e-01
7.147424219957226876e-02,-9.576526098521365160e-02
-2.310382941425500880e-01,-3.162922091703127547e-01
-5.282213485942806319e-02,2.659473801046112751e-01
-2.077128065015975134e-01,-4.222589729176647877e-01
-9.878945941926856045e-02,7.237125600547422710e-02
-1.819814173774439159e-01,-4.208652895761764157e-01
-5.842344352467681440e-02,-4.012536776551629547e-01
2.229610319159043841e-01,-3.842997985010425666e-01
1.357600583505509662e-01,2.066004889470643979e-01
1.391755424801199015e-01,-2.921541066822935795e-01
2.922889838109464233e-01,1.788210925642407245e-01
-1.153877592864473028e-01,-1.159671689006362971e-01
-3.283350800956240101e-01,-3.931177806039598543e-01
1.986252635126039834e-01,-4.740091183892196636e-01
2.888447463558364570e-01,-3.525106715960394377e-01
2.836021919908225941e-01,3.334794948858701424e-01
-6.977964770035864628e-02,1.082729234955019937e-01
5.621294476126487832e-02,2.206134829273347364e-01
1.325113272006137599e-01,2.373271202709951178e-01
3.256943587782969995e-01,-2.137914409987388131e-01
-1.103869876397232386e-01,2.284028253988834578e-01
-2.508278645792373363e-01,-4.696698402760346447e-01
3.175687527618272776e-01,-4.312335915277443199e-01
-2.384373253648992275e-01,-1.622279731556757199e-01
-2.795401218578092983e-01,8.224657483357400434e-02
3.312020316262159758e-01,-1.718378799471161900e-01
-5.455397638105423386e-02,-4.761081613705578919e-01
-2.983483384324056020e-01,3.437642476508795397e-01
3.066806733844086863e-01,-2.775362149294895442e-01
-2.397674490103474110e-02,-3.276944895401338043e-01
-1.932578549313276328e-01,2.495515706344172413e-01
-1.939753774000191888e-01,1.313188945653774864e-01
3.277839666491610959e-01,2.931576473232601066e-01
-2.885307522754450571e-01,3.371984206077194290e-01
-1.212187440539968381e-01,4.441211619317735337e-01
1.594877169843427756e-01,4.190684224614712461e-01
1.207644427188953595e-01,-3.358757398492840940e-01
1.434698324549284476e-01,2.741652677529179405e-01
-1.847886316148155683e-01,1.083895155480762984e-01
2.638840051503434370e-01,-2.470569729812620574e-01
2.966221922795940769e-01,-4.452616186129847442e-01
3.040263468965524740e-02,-1.913287447503687622e-01
2.447877908546752801e-02,4.823197588129185531e-01
1.272717509471982256e-01,1.337255053910978431e-01
-1.360756163209294045e-01,-4.682540373407674261e-01
-3.527190696255588231e-01,2.673299218874163330e-01
2.780766331023138971e-01,-4.602927873168993766e-02
-2.863636600139748412e-01,1.233019825476495690e-01
1.760762753402981551e-01,4.453398438418726402e-01
2.758461414861090866e-02,3.202931037033888151e-01
2.362303657955061864e-01,1.245925340362206146e-01
4.038780854203699588e-02,-3.033130703303543729e-01
-2.034689394829021780e-01,1.144157948489826770e-01
1.313440552635469216e-01,-1.316217711118417011e-02
-2.312447519772184434e-01,-4.525194219391208694e-01
-1.438446222396913832e-01,4.630111667581597867e-01
-3.371468289064837309e-01,2.130756943837023298e-01
1.606244893134702312e-01,3.439679489315733418e-01
6.644391967347386407e-02,-1.431636391131586583e-01
1.389178208994393815e-01,1.212590109372009284e-01
1.167929235568734847e-01,-2.105583056143833787e-03
1.025598701620018677e-01,-4.286325742672812966e-01
3.049294944596442902e-01,2.425240163031812113e-01
-1.191513933425029231e-01,-3.583957503529420219e-01
7.574556404320598180e-02,2.454301550347155469e-01
-3.484351472162561802e-01,-3.857860403188140275e-01
2.392234217521877482e-01,-5.564721807656780594e-02
1.390378861462467364e-01,-4.168621389444009395e-01
-2.755248375414859341e-01,-2.285903362797510052e-01
2.143279982820165963e-01,3.525814740579131801e-01
6.809598267182705167e-02,3.904129054200412563e-01
2.559126096441902698e-01,-7.449461263904610941e-02
-8.336091450466524833e-02,4.106157098454022991e-01
-1.513829921670318823e-01,-1.975721624985824487e-01
-2.987546094845049405e-01,2.582365822367909125e-01
-6.535131392045027965e-02,4.723102332630562117e-01
-2.124659411349256732e-01,-2.563398054353176470e-01
-8.183268573496835230e-02,2.413843854681493317e-01
-2.872144256448387889e-01,-2.364018478644364096e-01
1.184122530261676881e-02,-4.730014077626785163e-01
2.797997170709284331e-01,2.789693035881189997e-01
-3.063170303209971079e-01,9.007875886717642278e-02
1.771023555274119365e-01,-4.264182554724109675e-01
1.579219214781873437e-01,4.371602160847585239e-01
5.383191018848636211e-02,-3.816898709062677142e-02
1.812374017021387562e-01,-4.743404915970015345e-01
3.404022952745950348e-01,1.321167663808845427e-01
-1.270442279339892844e-01,-4.520569908072078480e-01
8.555991063586880496e-02,-4.518065874940783155e-01
8.663828263375498995e-02,4.707938994007574429e-01
5.891108914546200337e-02,-4.586480833086609143e-01
2.922429054997869313e-01,3.076149874001721241e-02
-6.596748704231755744e-02,2.601902322687169589e-01
1.889547117674261201e-01,4.367074724235685546e-01
8.966729576610409091e-02,4.324835754359063200e-01
-6.194261331350355698e-02,1.281927405667879771e-01
3.110400032354866395e-01,-2.699387778881982003e-01
1.896213421450957948e-01,-2.468261181958925077e-01
2.650485814815704555e-01,-8.213975842769727365e-03
-1.303608843716010102e-01,2.991642301882602162e-01
3.376011149137875256e-01,1.276102440980526609e-01
3.408322577345837545e-01,5.834047907210659911e-02
3.295831046791030672e-01,8.701799858633785245e-02
1.534925269649475843e-03,4.403166130935883826e-01
-1.300514050433118629e-01,-9.262048372800990581e-02
-3.322817953357176668e-01,-3.116986190968580317e-01
-1.881914163456797073e-01,3.832196934717266856e-01
1.326768144524385351e-01,-4.591837480836135077e-01
3.092603548233733846e-01,5.888761763839633900e-02
5.668662548551187119e-02,4.757730951007641540e-01
6.761831918307868727e-02,3.154153643665914553e-01
-5.646646896002034677e-02,-2.024312885670352946e-01
-1.704063575799354135e-01,-4.449351205783115271e-01
1.974008233799471879e-01,3.863687063976273262e-01
3.092295896182419845e-01,5.933235636799927271e-03
-1.928183454309010392e-01,-1.820675182683291204e-01
1.134018505567340081e-02,-4.608476268522191388e-01
-2.528608988225096166e-01,3.732669983537159064e-01
8.039043445688376366e-02,-1.277727847782278436e-01
2.029155336980529856e-01,-3.284708891182911428e-01
-2.122104560895593517e-01,1.052103756330609041e-01
-3.444043341437388328e-01,-4.074945043187110372e-01
-6.503724339855532222e-02,-4.733368480295309100e-01
2.840260948148666253e-01,3.665416089518083176e-01
1.238101683360198629e-01,-4.642451534051639239e-01
2.887162185736016351e-01,-3.818052451532231162e-01
1.007304671138416485e-01,-4.114406453218754089e-01
2.487202373051299875e-01,4.033787783862224918e-01
2.122347450063493540e-02,-4.735783889730890150e-01
1.165447116533381011e-01,-4.770434015522972970e-01
-2.443625332855214882e-01,-3.353105306879784475e-01
1.948221934032079994e-01,3.321183725284998500e-01
-2.225909463294550861e-01,4.525487082424750618e-01
9.658041330241000366e-02,7.870106103130325437e-03
4.643849525732781508e-02,-4.569786413589944640e-01
-1.768416997217169273e-01,-2.077063388953134249e-01
-8.945764631644592679e-02,7.656503483639220953e-02
2.213391047233229936e-01,3.780479157838378956e-01
2.558003057746006670e-01,1.115303412859944832e-01
9.663701257322244997e-02,-2.751634902647349668e-01
-2.323299942999741685e-02,4.029839902377377880e-01
-5.516129493053089500e-03,-1.030871627071698882e-01
1.459099891689034090e-01,5.626180811294323458e-02
-1.759909115609602781e-01,4.402031591621907713e-01
1.683001166068725518e-01,-3.644075791678548226e-01
5.767410852712740593e-02,4.679579301598513208e-01
-1.658650249452505721e-01,1.552266777905807471e-01
1.147657843077470596e-01,4.645965511944268878e-01
2.544872890417874678e-01,1.170693643526774519e-01
2.123461019034037778e-01,-2.523218195549964404e-01
-1.982232238373406175e-01,-4.802859727664078315e-01
-1.052066709567492375e-03,4.315007979082278178e-01
3.168742158211456661e-01,-4.450559881159498188e-01
1.396764953004241139e-02,4.802199061561246429e-01
5.347460123243838459e-02,-9.132253218777419690e-03
2.080963820949728038e-01,4.281382890492532178e-01
-2.619954582406903154e-01,4.096478997199075600e-01
3.156109858757692455e-01,2.496629072995983911e-01
1.253521734935899024e-01,-4.730197783460631245e-01
8.071884105993082370e-02,-3.445157458046299581e-01
2.293014720495718806e-01,-7.423558350124537242e-02
2.027803272992690087e-01,4.007877875739657147e-01
1.798796641620238612e-02,3.627524796070635826e-02
3.426631645516660107e-01,-4.788552532123870886e-01
-1.381290234015670193e-01,2.233496305195542542e-01
4.592572763641859096e-02,-1.561026639098883617e-02
-2.849346812183043975e-01,3.358121369464129868e-01
-3.490227771542136481e-01,1.386219734763826095e-01
3.290037873326460693e-01,2.715385489966745114e-01
2.000911817656102210e-02,3.804123959126580745e-01
3.203730487687220796e-01,-4.532155088703557766e-01
3.215857485812564920e-01,-2.356511310338861298e-01
-3.001403168984184133e-01,1.164347029644806630e-01
3.417353063224365384e-01,-4.652759994304029867e-01
2.135495872152035346e-01,3.614216564309746804e-01
2.796927053146187614e-01,-2.263106544166157974e-01
-3.751781309726758690e-02,-2.218139314863365463e-02
3.501122539405892575e-01,1.729755627344837787e-01
2.850298144636070896e-01,-4.537686300399342842e-01
2.167593031336376153e-01,-7.119786625543833569e-02
-5.822443935879857702e-02,4.757341882045484915e-01
1.265822775630620900e-01,4.750977630246463468e-01
-2.621649613331352158e-01,-1.879324337602262807e-01
-3.052328724909497137e-01,2.150944503883301939e-01
-3.299151156387104544e-01,-3.719795155797478436e-01
-1.207607612228696059e-01,-4.724445017325225038e-01
-2.714086692828202030e-02,3.942296962292926032e-01
3.121202301098694454e-01,-3.732472540705896735e-01
1.515395265110684175e-01,-3.441735762429216638e-01
2.843203688050999767e-01,-2.408459595294267785e-01
-1.024244854669625199e-01,-2.172452336726701239e-01
1.468817603314468978e-01,3.144636893011618639e-01
-3.288022179643529386e-01,2.352948240623139453e-01
-2.697821078676825302e-01,-1.879892112165069129e-01
-3.567586802117835298e-01,2.261543632071351118e-01
1.139239121242124342e-01,-4.492372581193614378e-01
1.169694881888678761e-01,4.655909692831714519e-01
-1.224892135694421180e-01,2.827033405052929993e-01
2.045936756973203985e-01,2.570786064386799685e-01
-1.147072157833185363e-01,-9.396833545747851346e-02
2.016893099348884832e-01,4.415976547459518065e-01
1.404558704217572507e-01,2.924268888514209852e-01
6.578808487790888115e-02,1.442886016137988614e-01
-1.371484653390594721e-01,2.146571403004796652e-01
-6.614331866682565675e-02,9.461116549972026224e-02
5.636420803124390227e-02,-1.113756652689451565e-01
-1.418980440282907041e-01,-1.245206359223935966e-01
-1.386383767435906689e-01,-4.692388688033474198e-01
-1.893402197827781241e-01,4.097748210116606282e-01
3.351103692715882709e-01,-1.753414613766671737e-01
-7.859204494705160360e-02,-1.586735922200387394e-01
3.698550544543787594e-02,4.476282207148679637e-01
-1.616911194706484312e-02,-7.684696473472063527e-02
1.315024618178923244e-01,-4.374688146860206128e-02
-2.722624051667232870e-02,4.341986010248619632e-01
2.698921180314649004e-01,-4.332801303760984712e-01
-3.380505876343930516e-01,1.377275301181648537e-01
-8.331836683106318142e-02,-1.077790200168381451e-01
2.780056267559518624e-01,-6.136201872089386278e-02
3.088171983251890018e-01,-2.163305597759485055e-01
3.340006497291191367e-01,1.328410642652175788e-01
1.214965282161252630e-01,3.499821663074071942e-01
-4.234718755832922454e-02,-8.659869124754648873e-02
-1.267985059291537875e-01,-4.515812526992885045e-01
-2.480788155969331221e-01,-4.646620283021196673e-01
-2.729008046705417856e-01,3.216095386165890302e-01
5.777831591875492306e-02,4.841706391324113179e-01
-8.722736103092675053e-02,1.717695142330400992e-01
-3.076964832368233038e-01,3.508437212956566631e-01
8.528529056650596685e-02,-1.076450693068253806e-01
6.513203618699810182e-02,-3.876110427519452450e-03
3.492564299957115481e-02,2.861088728450013052e-01
2.955974484976635064e-01,-3.608302606861968354e-01
-2.499407293085016690e-01,-4.351294438892443495e-01
-2.071159574989285268e-01,1.981139720943024818e-01
-2.817418683972768845e-01,2.998310329989180012e-01
2.422592992052574057e-01,2.208575678561056632e-01
2.257001186184408870e-01,-4.667319125430287041e-01
3.199825574040653930e-01,-3.098536972076293416e-03
-1.296368433256812058e-01,-4.370272867789981586e-01
8.022824161080849281e-02,-1.341206013807134667e-01
3.493066158629946211e-02,1.823305655818241444e-02
2.982462576693103995e-01,-2.908900189022439742e-01
-3.622810491368948504e-01,2.285265003655827520e-01
-1.540956713446994530e-01,-2.420621139591337956e-01
-1.352601245823515930e-01,4.864799382767757141e-01
2.329280288941167065e-01,3.144513842049321273e-01
1.808529568826547085e-01,-3.316457621130342037e-01
-1.412018687763286762e-01,-1.566213539698443347e-01
-2.810292376007217374e-01,3.287723054014918267e-01
2.709672534461476379e-01,2.025635456993502004e-02
-2.530925429282974704e-01,2.474575494613345805e-01
3.212182141191685103e-01,-4.736419253540112839e-01
3.106511376173048955e-01,1.093624173007602396e-01
2.358305147129103330e-01,8.091210253768765792e-02
1.577320729477068029e-01,-4.644710711348556398e-01
7.312950223906841685e-02,-4.093971537842659991e-01
1.037588480167596014e-02,-1.324294703876777168e-01
3.281832203900111322e-01,-4.758489207656950715e-01
1.201970579327214794e-01,1.083776961598970079e-01
-2.812265961189529540e-01,8.500600114140455243e-02
1.067973684937462420e-01,1.309961069073805051e-01
-1.312696334255808173e-01,8.375832514742986845e-02
2.261517430900903958e-01,2.411132954172953147e-01
-1.810359551740370332e-02,2.726051798362598699e-01
-2.869626661371479925e-01,-3.695618616565834458e-01
2.856239528189500332e-01,-3.412597832986141722e-02
3.337064111780894127e-01,2.928387352088400730e-01
-1.313281606195778606e-01,-3.646346168232673657e-01
-2.873064248352547589e-01,2.301218176133319471e-01
2.363423529778356513e-01,-2.636945905983141270e-01
3.119220665534833126e-01,-4.742715758271803805e-01
-6.376278650912384216e-02,-4.663215592509468710e-01
-6.130620617310519882e-02,2.479287815114097349e-01
-3.361272798596749989e-01,2.357586654737625631e-01
4.369793290985669876e-03,-4.740954167817988951e-01
-3.042770219128609899e-01,-4.279358022887688184e-01
3.429358200211116703e-01,3.290465083413907088e-02
1.082596114322627451e-01,-2.785769671381586043e-01
6.949970508440567185e-02,-2.887228825540685273e-01
3.263307968301281115e-01,-1.543905395561788740e-01
-3.220360015388053498e-01,-2.831479387082456167e-01
2.109487082913284739e-01,-2.416457461481658076e-01
-1.508146231491074296e-01,-3.082005410639202525e-01
-2.554172113000888200e-01,1.358371074189976824e-01
2.339329883296811796e-01,-4.354884852401543771e-01
-7.972106120332336787e-02,-3.224922226451774065e-01
2.864778484822376736e-01,-3.939931689804742065e-01
-3.023339870028920670e-02,-4.669811120187031817e-01
-3.365629628314277255e-01,-3.463212198286298449e-01
-1.939442852938624284e-01,4.595021771913024855e-01
-1.326869496928052283e-01,4.782169956498282248e-01
1.300769986821241897e-01,4.527597821973813330e-01
-2.011194215311430666e-01,4.367724803430189651e-01
-1.877379332119549216e-01,2.096216020232107846e-01
3.194365548611887706e-01,2.969246079418493833e-01
2.480500441942994905e-01,-2.974851759802285001e-01
-4.835390050803814455e-03,-9.042261332542311791e-02
5.882830121266489909e-02,-9.131768176285182115e-02
7.350236968781495572e-03,-4.715598995763595758e-01
-2.102120162089601840e-01,9.933082822356020802e-02
-3.378629026084392639e-01,-4.108102592266940079e-01
-1.896902072409678008e-01,-3.038703864434071367e-01
3.075870091434465547e-01,1.964824709050695395e-01
2.742076365851091324e-02,3.370053379824177187e-01
3.127773488991926754e-01,-3.790154378464127838e-01
-1.990583872339672378e-01,2.251522013916781306e-01
-1.184460404565294001e-01,4.531104695128624904e-01
6.216272838171202353e-02,-1.284235884656393933e-01
3.273255394550487196e-01,1.261305379968725715e-01
7.409268791266544751e-02,2.282493904912563654e-01
6.537173310750422905e-02,-9.131243270342637164e-02
6.281710954649066814e-02,-4.700986751463457347e-01
1.869816701133594494e-01,3.155149085887676286e-02
2.323760307913794732e-01,-8.730708011527810175e-02
6.113132816633384120e-02,-4.184143384734351212e-02
3.181061911168264755e-01,-1.800985292147145866e-01
1.499883123161534493e-01,-4.014032481114854223e-01
3.282265323751523134e-01,-3.505430622623585402e-01
-3.234424896804667382e-01,3.623462388443350335e-01
-2.652900407823893802e-01,-3.109202072826610097e-01
3.075928015229972279e-01,-2.058570739435205965e-01
2.954139089978786714e-01,3.367370799135007697e-01
1.628364893184072182e-01,2.443110317988025360e-01
-2.998320995474052508e-01,-3.278119717392307120e-01
-1.760966168577040303e-01,-3.111295320131655107e-01
2.790344286725962020e-01,-4.598912960837729935e-01
-3.187756302219844629e-01,3.545631070911090532e-01
2.685119460328200258e-01,3.850998212602272375e-01
4.397726505060998992e-02,4.664116208085236082e-01
-2.067453172587700727e-01,4.392535875143107615e-01
4.105757374221738476e-03,-3.292987625011185582e-01
9.449900198374816540e-02,1.174825304312432372e-01
-1.471482200400053841e-03,3.849590629184149737e-01
1.335994264449207047e-01,-2.951849555288273974e-01
-1.852340014817533131e-01,-3.300416882503214300e-01
1.367063440122460172e-01,3.546302430033082542e-01
9.670109881059482659e-02,-1.502020456792837466e-01
2.773148214589982175e-01,-4.701548643944620798e-01
-2.482787149760964929e-01,-4.174577285599818666e-01
2.195671141307742880e-01,4.109408416425495147e-01
5.194133969150815933e-02,4.743315121857351047e-01
5.062482033452328500e-02,2.380918831035436778e-01
-2.009749976411075445e-01,-4.484469395537705738e-01
2.844438814227528978e-01,-1.001118101963449636e-02
2.686422823423225692e-01,-3.856710364264068769e-01
8.186296139876067524e-02,4.643881534124006949e-01
-1.852970031289610242e-01,1.720392182672829673e-01
3.038041195476381406e-01,-1.821290941065385471e-01
1.148182892149426093e-01,3.385661324113313775e-01
-1.063008391780655149e-02,-4.048095660569027698e-01
-2.036191807838240719e-01,-1.234868104256370280e-01
-1.919508537050250985e-01,-1.339590676756596821e-01
3.282154543334392938e-01,-1.712934247848900693e-01
-3.221948856044064002e-01,1.409792898285757712e-01
-1.021458800864956384e-01,4.553565123187754971e-01
-3.342354706715572887e-01,-4.027255362513875170e-01
3.073502233252977667e-01,-4.802422125231967653e-01
-4.627906518688790910e-02,-4.754036548781835902e-01
6.794912701175595537e-02,2.329921478256965495e-01
1.286830795128724170e-01,1.350562063326088413e-01
-3.213216308051102810e-01,2.251376950858317016e-01
2.172463648371247835e-01,-2.393806656762377250e-01
-7.444042630390058923e-02,3.019297350337211139e-01
-2.594519613389643653e-01,-2.587078901478399029e-01
-6.618087030443435548e-02,4.501563264768290162e-01
3.109709766089263638e-01,1.956081698408833613e-01
2.933738171542176199e-01,-1.932530027010401774e-01
4.866231705825327380e-02,-4.352134831453754460e-01
3.339949766321734792e-01,-1.907708661920922699e-01
-2.498930059933693326e-01,-2.476429532774140352e-01
3.494243680095985849e-01,7.703184994682976683e-02
3.083903379687447099e-01,-2.074811775922886792e-01
-8.933795138132445690e-02,2.197866391084900561e-01
-1.831740167044820233e-01,-1.117397873090677507e-01
-3.130871528183988561e-02,-2.990363899999275432e-01
6.499357821375931210e-02,4.794900993497200892e-01
-1.895374757642205865e-01,-1.674443772705143108e-01
2.324792419616754646e-01,-2.526106382892268076e-01
3.232545435454529936e-03,-3.133042057120261070e-02
3.986709588213305927e-02,2.633712663813767563e-01
-7.746554290275242671e-02,-1.115687634062666467e-01
2.226186508108077555e-01,1.777652737653667714e-02
1.897072901031893744e-01,-4.245657332028773823e-02
2.407535712029437169e-01,-2.457398190338047073e-01
-6.448210804574422417e-02,-4.737838150699120732e-01
2.537304965056113581e-01,5.613733878111526465e-02
2.312560044514603008e-01,1.741958488218552370e-01
-2.814900869961546870e-01,-2.078310832054083290e-01
-1.232742909224547601e-01,1.841360715950558502e-01
1.719830043724360491e-01,-2.548433314509012115e-01
3.374591715902910405e-01,-4.762429692895732147e-01
1.319733292126432089e-01,4.696946261336690798e-01
2.355742406126411660e-03,2.123345229485851249e-02
-4.748130952371751312e-02,-3.247523214011903692e-01
6.173938541395485036e-02,4.258535670687491059e-02
-1.358299363670780746e-01,-4.157968261464126680e-01
3.224648963646065125e-01,-1.944067566389459101e-01
2.349035850149603921e-01,-4.685577174690125357e-02
8.346540484803902094e-02,4.816508199239348809e-01
3.301350958020675130e-01,4.925359088365399707e-02
2.869442271506371656e-01,1.032187617710633720e-01
-5.185868633803745326e-02,-2.715056583836605864e-02
-3.127703725354215036e-01,1.397002092630554859e-01
1.823280841475721781e-02,-3.098962004516303548e-01
-2.175232700621545501e-01,-1.403372748244624546e-01
-2.929982956926523441e-01,2.133969520259390018e-01
2.299202829213394250e-01,-3.295208894394663357e-02
-1.629439618891098118e-01,-3.519877108749533967e-01
-3.441593200156733978e-01,3.066049392407720342e-01
3.257847190939806015e-01,-3.782343216631780525e-01
1.428775477324584764e-01,-2.755210773636693755e-01
-2.098335997146099641e-01,-4.086795202570887575e-01
1.862572611629198516e-04,-4.633850238210676098e-01
-8.726829667530076884e-02,-9.249673481878928349e-02
3.027878221294089123e-01,-4.409354661949357324e-01
2.831641200335247577e-01,3.401320806415396580e-01
-2.046139145833211770e-02,3.096331459440279099e-01
-6.207517163587079889e-02,9.721656265828537702e-02
-3.601556036543667183e-01,2.459912941736035474e-01
-5.121743308942146300e-02,4.818149914323737182e-01
-9.438705850845308110e-02,2.174183904082963581e-01
2.342538077000593244e-01,1.924415697859043206e-01
2.722659971617775176e-01,2.761490157650259292e-02
3.371412384179403032e-01,1.801126895435867237e-02
3.514047569064218668e-02,4.682592221712212899e-01
3.092634115248404370e-01,2.702698914808938646e-01
1.703514895475931323e-02,-4.623134200790269821e-01
-1.521297386220117898e-01,7.433379534785544696e-02
2.755656795577461349e-01,3.443821727525624432e-01
1.151138021048757898e-01,4.317897986937380139e-04
1.091504744012327943e-01,4.816752404236501750e-02
-2.948276969474450393e-01,3.935111871202277012e-01
1.034471055638294668e-01,-4.647720773261705407e-01
-1.512366266954034144e-01,2.323951725365129839e-01
2.030017764075974229e-01,-5.488071397016058839e-02
1.660104802772325860e-01,-1.144718115130447522e-01
2.364858321414428088e-01,-6.695352890478567520e-02
1.315092711305671791e-01,-1.047390801516201453e-01
1.268627685968780061e-01,4.645004444662867993e-01
-3.080889933107540113e-01,3.562102340357879982e-01
-8.920226228101893473e-02,-6.535047685627992653e-02
3.246401575029763675e-01,-3.131391633719348144e-01
1.436865920979108757e-01,-3.127476279711942642e-01
1.936325497583700483e-01,-5.161587780533283265e-02
3.496575960320800341e-02,-6.496832640211991361e-02
-2.220973596811462725e-01,-3.165292999766171622e-01
-4.122320400707068372e-02,1.199720783289038861e-01
2.824621899674651937e-01,3.028972414890969134e-01
1.287487892467741868e-01,-4.020511351125463095e-01
2.146090044203242952e-01,-8.978854223763299558e-02
-4.287833020945187867e-02,4.846022460726303605e-01
9.244234979117202378e-02,-3.085786806844115215e-01
2.545955203196250127e-01,-5.234050269301648850e-02
1.834336149483773160e-01,1.514518798926722809e-01
-3.327147243620304784e-01,3.138969068194098488e-01
-2.272175175676226511e-01,1.748973317281515838e-01
-3.027733784273009543e-01,-2.494426221556436118e-01
-4.711216630429285179e-02,-3.750707242647262074e-01
-2.567280328659713590e-02,-2.192094217338985684e-01
-3.106040184978871577e-01,-3.060267232097004797e-01
-8.035751779559832664e-02,1.576319054256476448e-01
1.914021105194014388e-02,4.859970331805755217e-01
1.336817682991739697e-01,6.494589428667763009e-02
-1.745575877459855374e-01,7.836335743732403269e-02
1.258136547257476812e-02,4.791860005284807045e-01
1.334806486406214243e-01,-4.808648353395827968e-01
6.813935141619062441e-02,1.257818579906754275e-01
-2.714211789665245678e-01,-4.149975869346204105e-01
-8.622142589575729210e-02,-9.371237589011505165e-02
2.572549895603948311e-01,2.268620634132164637e-01
1.193871322591833900e-01,2.686391891916520835e-01
1.800645576276837523e-01,-8.753820286352409497e-03
-2.230870033747020531e-01,-2.128147956790110706e-01
3.168867896900293690e-01,-4.510356036245845024e-01
3.009163697237233759e-01,-4.453648119274747907e-01
5.152459682930132789e-02,2.240836590559811548e-01
2.311471915740838101e-01,3.221062819190855242e-01
-3.338971782795607107e-02,1.238916987382118196e-01
7.404743977940794752e-02,4.813384078127092014e-01
1.106977476512525926e-02,2.735210019753202548e-01
-2.958428671451304726e-01,1.281905984370274032e-01
-3.298102886840799386e-02,4.461580684213558579e-01
2.504338561316393208e-01,4.008356027462417481e-01
-8.746390448940559448e-02,3.835455897992919860e-01
-3.118067848688429455e-01,-3.820889663160601524e-01
7.120928051572054940e-02,-4.323410024629557036e-01
9.604513664978697740e-02,4.615704689712375464e-01
2.649017866801511301e-01,3.883439955602207005e-01
1.117810583887092896e-01,2.116638392602178120e-01
-3.086292451422084082e-01,3.726448493016146779e-01
-3.130016376606966078e-01,-3.964671902311082130e-01
2.772139686480541987e-01,-1.899362197461418322e-02
1.653286859717305879e-01,4.534961969865197728e-01
5.840016563852501452e-02,4.697156299760502085e-01
1.641551787030749443e-01,4.655227468130770374e-01
-3.360652203275262817e-01,2.125148055357564125e-01
1.618338733336032731e-01,-2.823160916168382384e-01
2.824359023907367927e-01,-4.044634337744448249e-01
-2.821159383615879368e-01,3.758389054367418103e-01
1.371060363526947490e-01,-9.767282128394072505e-02
1.478132866097778275e-01,4.729104395857519627e-02
-1.344032896397414079e-01,-1.276024033160596538e-01
2.689731079910838152e-01,-2.205963520320296523e-01
3.403769540967077623e-01,-4.517797749665221074e-01
3.107359664254985554e-02,-3.877857995172265815e-01
-4.082116264141288919e-03,-3.585950695211903572e-01
-2.608273357437579931e-01,1.529955112034162568e-01
-1.546811548958442750e-01,-9.409719061648991190e-02
2.130796736132354319e-01,-4.760643179027731486e-01
-2.021266119562367125e-01,2.326381695851151843e-01
-8.401128157580983746e-03,-2.919696095360279076e-01
-6.767883052879372641e-02,-3.665809537810855723e-01
5.900351781670343243e-02,1.006813731642309806e-01
2.463313586683703038e-01,-4.429024908180961839e-01
2.273723226968447642e-01,3.399579965052956787e-01
9.436513735017156013e-02,3.122294955134744532e-01
-2.131891674970527034e-02,4.403994357518558056e-01
-4.742895496004360251e-02,1.192684138131462346e-01
-2.445412858922825783e-01,-1.606298163618744557e-01
2.761295336911334108e-01,-6.099921097857108343e-02
6.708531745748447239e-02,-3.710236714757423337e-01
-2.768251708122497767e-01,2.671817809940418842e-01
-2.429234712217387404e-01,2.063476650679267888e-01
1.586989686414287670e-01,-1.091367686992524844e-01
-6.060449199993976632e-02,-9.352653467198823733e-02
1.912741701949990936e-01,-4.505289370792104897e-01
-2.383499771617150764e-01,-1.997319811524335131e-01
2.042125911448691156e-01,-2.500201132642883017e-01
1.038854377275980068e-02,-1.230518850871437087e-01
-2.573715432534455783e-01,-4.400276247362067128e-01
-9.422554037528807491e-02,4.840948203367342328e-01
-4.054032880315015797e-02,1.363105823352174228e-01
-1.390300678256324307e-01,-3.364198965416163034e-01
1.833682768623003390e-01,2.761775309821896673e-01
1.861232691500381287e-01,-4.757129313211628796e-01
-2.089961115081596932e-02,4.811915900793826140e-01
1.502237053065238470e-01,-2.867989141250522067e-01
1.069449951445730906e-01,-4.788006515956171327e-01
-3.005784288169278951e-02,-7.031909140609748921e-02
2.866686988980831630e-01,3.415163719595670777e-01
-1.956303885591886838e-01,-4.612265040840769492e-01
2.099064525843934992e-01,-4.804401708227429291e-01
-2.814906272922956809e-02,4.327139609917285412e-01
-2.224321212659319813e-01,-1.502740500495812759e-01
1.656285685529970964e-01,-3.925745632660011530e-01
3.516740350567119089e-01,1.450410095809741007e-01
2.914757862556653645e-02,-2.898368178125089178e-01
2.115963317408305414e-02,-4.238505428559181665e-01
9.415000347595003927e-02,4.849270193182106947e-01
-2.962829750851816435e-01,3.853853004782339386e-01
-1.429994420880030537e-01,-1.545656766286190864e-01
3.537858559805001635e-01,1.631927708804785659e-01
3.422259429540464026e-02,2.532113983025610082e-01
-2.960093710408079892e-01,3.628928095383978647e-01
3.276045485992012951e-01,-1.677417496108793982e-01
2.764050740365616154e-01,3.733225737024977731e-01
1.687378707102090702e-01,2.510174417809097891e-01
1.757363164439452174e-01,-3.786414468838599223e-01
2.373209267470931250e-01,-7.750331975591828737e-03
-9.147234810337026567e-02,-4.060198478200516270e-02
7.962670184480771796e-02,7.779074341172065310e-02
3.190648479842599361e-01,7.019343010975787056e-02
2.700110354214315667e-01,-3.572589918945642262e-01
-3.250001655698255276e-01,3.370145697120887629e-01
3.300665957556164209e-01,1.940457390740013555e-01
1.441117948930269177e-01,1.327731611405014167e-02
-1.555184225842684009e-01,-2.575058083529299102e-01
-2.082980215990640760e-01,2.049791675025643967e-01
1.787047153829373347e-01,4.082744810891123510e-01
-1.098108937959099696e-02,2.603867884582498071e-01
1.160233574126663392e-01,-4.657839774441440150e-01
-1.687054883326099541e-01,-2.159614004106797935e-01
2.252931582376617170e-01,2.194812086129767081e-01
-1.394170473547098610e-01,4.475858514411874545e-01
-1.167700029608546436e-01,4.712771363359838928e-01
-2.597184296909604284e-01,3.831433712733138819e-01
-1.411701046734248344e-01,-4.806535692951270367e-01
1.053856624397464248e-01,4.818202509300745229e-01
-2.984339417079968637e-01,2.251992375455653672e-01
-2.308566662338506492e-01,-2.928342522168841944e-01
7.753970067868698468e-02,-4.567434851896025050e-01
-2.745624776512726184e-01,3.991290793960746708e-01
-1.411109703373072954e-01,7.253759590933772650e-02
1.103526869522399312e-01,4.425021046743898845e-01
-6.399769747069039560e-02,-8.303987504346510562e-02
2.837299068211522335e-01,-2.366976193736612943e-01
1.340288698288415181e-01,4.603082865508467680e-01
-1.713917345306948115e-01,4.661166157467375726e-01
-2.174921011665933435e-01,-1.397589585150482705e-01
1.224182223976286871e-02,-4.655399446233844385e-01
3.247142517422826891e-02,-4.704511024599494773e-01
3.492346027952177856e-01,2.230846596578247576e-01
-2.640420337572910170e-02,-1.330345931063022791e-01
2.973940686566143854e-01,-2.300417360461745053e-01
-7.755291554728789560e-02,-4.664799422933042505e-01
-2.332279705224137023e-01,8.496895765646950149e-02
6.427108250603731643e-02,-4.640404916498874766e-01
-7.981036481954570383e-02,-1.066088763723915811e-01
-2.519721862641847165e-01,-1.942472734153619651e-01
2.549287277124218098e-02,4.641315568490600452e-01
2.317143977759021922e-01,-2.993358148385656392e-01
-1.556323292110001477e-01,-4.539623732196857997e-01
-5.685426007453777547e-02,-2.741170374313709468e-01
-7.584331721385138836e-03,4.840936445357885143e-01
2.933509613374079561e-01,-2.809579905289879553e-01
2.094403205737981610e-01,3.885936604555634277e-01
-1.151991240455712273e-01,4.509285486027976297e-01
-1.289431895607752454e-01,-1.575471710798714842e-01
1.769548299565825433e-01,-9.559068333208775581e-02
-2.498239100004194246e-01,2.081857085499018156e-01
7.677518368808163018e-02,2.023725233805082624e-01
2.816404696427254883e-01,3.757753987097143256e-01
1.497206214996734119e-01,4.607717060129823405e-01
-1.423484009507670067e-01,9.030952324325669522e-02
6.817435532133064857e-02,3.897419752549793337e-01
-2.919883328769086184e-01,3.610416977358927859e-01
1.222368284788115100e-01,1.628622507769277306e-01
-3.422966473124863240e-01,2.168970186886012286e-01
8.813069006016850671e-02,-2.986156936879618140e-01
1.073919895546960740e-01,-1.552365054484833307e-01
9.483409387286745318e-02,4.513165297109956731e-01
-2.092820094957572458e-02,-4.502335786394136008e-01
3.310642678490680058e-01,-1.756621000550739886e-01
-1.263792164405475316e-01,8.458071078921469699e-02
-2.355849257662361584e-01,-4.235006103777694264e-01
3.249247070742392607e-01,-3.345258597824417590e-01
1.730987751078211234e-01,-8.912410179944119104e-02
-2.508898170496199481e-02,-4.761729528498755970e-01
3.597161125793977843e-01,1.644406996005014499e-01
3.301304176576483895e-01,-1.864248759280972001e-01
1.275661658608527871e-01,3.543810645061181708e-01
3.142452025844237884e-01,-4.256470509331986563e-01
8.353282368705693128e-02,9.167717943984154960e-02
-1.430047553172686947e-01,7.850754028015971553e-02
3.282571280281036397e-01,3.849241741624498392e-02
4.115410409723840868e-02,-1.426474581238778017e-01
-4.287371245474067005e-02,4.054582821146763827e-01
1.166932631926550917e-01,4.774747669852152931e-01
-2.893580354034918090e-01,-2.166049143905588448e-01
-5.527570029860050943e-02,-3.406331008256535675e-02
-6.175818848260528071e-02,3.365721661581231317e-01
-1.742813182709087860e-01,-1.464690336481515587e-01
-2.582503388037789629e-02,3.239190440130357285e-01
2.299669583135422468e-01,4.239621539907497683e-01
1.451490386704145097e-01,4.329493364161071112e-01
2.973010372794742118e-01,-3.104515487973514842e-01
1.801727394928275272e-01,4.087948126233831303e-01
-1.939158204468384439e-01,-1.535300823552372407e-01
-3.309155062851945051e-01,2.318592185513558279e-01
1.469916170598446481e-01,2.463344372130725768e-01
2.699972413518318404e-01,3.872399040999575659e-01
-1.257366636851803277e-01,3.065201936707671049e-01
-9.176163012417611065e-02,1.981560556141700458e-01
1.930784355602616076e-01,-4.351414261565894614e-01
2.180429372217177475e-01,-3.631978847557992829e-01
-3.566888900503014520e-02,4.897913421957641456e-01
2.887584817559337158e-01,-4.943325899044459515e-02
7.240058313681754787e-02,4.305237721161760955e-01
-1.015623547984536024e-01,-2.890606015155821051e-01
3.528377485552989384e-02,-1.306598736244145575e-01
5.506461019787280836e-02,-3.558841466268277687e-01
2.330016097208300607e-01,-7.610355440754446033e-02
-1.025927599138326124e-01,2.623766178270823257e-01
-1.537365227905823084e-01,3.800445752062678872e-01
-7.271806777908784714e-02,8.270463276955641874e-02
-2.608862702083308838e-01,1.216073038562572872e-01
-3.180358925413428461e-01,2.465074094211040512e-01
-1.382808309828998938e-01,4.651959836189853981e-01
-2.254279854949998718e-01,-2.587632486660329523e-01
2.403129846216435217e-01,-4.084234306736524989e-01
-2.364577205721617725e-01,-4.310816356920914583e-01
-1.334247547377492293e-01,1.683664113121582373e-01
2.912366910095034456e-01,-4.713494828695583561e-01
3.100182426204902142e-01,-2.369814528421383404e-01
-1.501178847624886348e-01,-1.034764957383312867e-01
-1.216338665392612262e-01,2.381953229463767974e-01
8.296306179350457222e-02,-2.803105485743584424e-03
2.737098017270852557e-01,-3.797886485515242772e-01
2.018438985908573846e-01,-3.439097539218287647e-01
-6.902960049076466154e-02,-4.736204192802744295e-01
7.149070231083229365e-02,1.498620732055340188e-01
1.143661731641201253e-02,1.572692115377927191e-02
3.173717290832825388e-01,3.192036732204908134e-01
1.711201642297949799e-01,3.497604050364683248e-01
1.749581791956673349e-01,3.981236683276045962e-01
-3.377165745523471596e-01,2.706832832890457841e-01
-5.772767437672046698e-02,2.736257844877227896e-01
-3.294865102099296950e-01,1.081236154754189327e-01
-8.494105683962839548e-02,-7.242434992198865107e-02
3.051915576514069861e-01,-3.097917192757464466e-01
-1.959730396452857848e-02,4.120179851501579726e-01
2.937444416868851271e-01,-1.953822376328584465e-01
3.235321317133166841e-01,-2.053737162266913163e-01
-1.390052993636858303e-01,-1.561106877613737121e-01
-2.319572936283869069e-01,1.781455914349254765e-01
-9.087711183628445488e-02,1.146441182490481880e-01
1.777629933706788637e-02,-1.176401832313134221e-02
2.941812637782013629e-01,3.477468021736564996e-01
-2.724003291635740398e-01,1.073503350991311667e-01
-7.954256442982163278e-02,1.143191647037834491e-01
2.438704644870874350e-01,4.128622069301484121e-01
3.260126383999794042e-01,-3.101359175894824460e-01
-2.790521368183190298e-01,-2.235996861254657686e-01
-2.115428078305859327e-01,-4.252259149808529370e-01
6.433012709871756274e-02,-3.215902341608395387e-01
-1.418250842516450283e-01,-3.217386734229982226e-01
-1.514229021033179912e-01,-4.789119883786866483e-01
-2.041621255260667733e-01,1.943202221883926217e-01
-2.733080853419812550e-01,1.233758904614965513e-01
-1.547284819407226397e-01,2.513851118550225472e-01
2.330511398870432349e-01,-4.640290319916546835e-01
-2.853867187394151239e-01,3.542786970421760717e-01
-9.711510514877710887e-02,-2.927023323005236710e-01
-1.186706332340265041e-01,2.091869883960342236e-01
1.946687282296917787e-01,3.800206937838335186e-02
-8.871220782375362213e-02,2.147319194518216845e-01
3.426529516333348124e-01,1.947514315719018896e-01
3.787040826790732256e-02,3.942302682310518946e-01
-2.195284606055585286e-01,3.405611863759210323e-01
1.091997222977024729e-01,-1.438339060833730976e-01
-1.598592747005549985e-01,3.465925226452689634e-01
3.556933824445157044e-01,9.033104116586987420e-02
-8.705520150870904583e-02,1.952755747409422593e-01
1.652333971168661597e-01,-1.116287668603601624e-01
-2.256726159679166566e-01,4.385572321209607605e-01
-1.166446219896160597e-01,-1.978881719159079067e-01
-9.724634179827962299e-02,-2.319652935787781534e-01
2.725921502394474949e-01,3.310650777528164612e-01
-7.408792871750127795e-02,-4.403536575663564712e-01
7.700418604837319658e-04,-4.744518381013499431e-01
1.963935556303604557e-01,1.864187847453885327e-01
-6.266826571013231484e-02,-1.248324030934879758e-01
-1.438300917038145554e-01,-4.441916248932922251e-01
-3.202918717212280275e-01,2.164576339993946608e-01
1.255527920224662197e-01,-8.515062105810888848e-02
-3.318120001744584435e-01,-3.356785097749350744e-01
3.148825579074353564e-01,-2.179487204889252183e-02
1.735836529421390662e-01,2.255303560431315413e-01
-1.721487291750977422e-01,-4.538619717029777068e-01
2.256047526520887081e-01,3.578958469538624509e-01
-4.395195132753867973e-02,-4.397365361458120958e-01
-3.124877239203729395e-01,-3.294875553180708350e-01
1.267558152636895086e-01,2.320968130673185525e-01
3.084224604349569132e-01,1.098640117543322470e-01
-1.030594175800876172e-01,-9.839480126702582208e-02
-2.735744984973453309e-01,7.548198249603488286e-02
-2.748662667153050077e-01,2.954994882189386773e-01
1.968005772563518330e-01,-3.621241412973245088e-01
3.128220344147939480e-01,2.872549238575989872e-01
3.214130265126152186e-01,-3.611228881868728813e-01
-1.456325140156338460e-01,4.285297032083524860e-01
3.217699751461391422e-01,-2.046919919094986051e-01
-4.975695444607729223e-02,1.318457202177127918e-01
-3.083665338968161751e-01,3.139738870546775473e-01
-8.036841829486612854e-02,-2.157563566820609458e-01
-5.052380480784589289e-02,-4.710637859138605554e-01
1.845495053665656138e-01,2.680990734726774738e-01
-8.774609782535360003e-02,4.754282154767066615e-01
-2.821641376972572335e-02,-8.853963409938858664e-02
-2.026315954080596116e-01,4.439213783927179469e-01
-2.971184275920786821e-01,2.589069810774967673e-01
8.326569598624281032e-02,1.336739892105318628e-01
3.143797714731632054e-01,-4.305685884201254643e-01
-1.426159349323206649e-01,2.338836161554319615e-01
-1.606767696873644402e-01,2.828753922992111036e-01
9.365497769583409904e-02,4.796840686520831287e-01
3.209807580873130228e-01,-2.920253783693680383e-01
1.818888119790040836e-01,-2.580363401886771602e-01
2.394800349775118645e-02,3.613896131863691963e-03
-2.401741311532805956e-01,1.084695802647778207e-01
5.770059594774978873e-02,-4.578731348162498049e-01
-5.743155928207240718e-02,-2.004012568720325849e-02
2.894867820725858243e-01,1.067411406368882210e-01
1.663442839909033133e-01,-4.818682509962685101e-01
1.828896516335243860e-01,2.599739989371473436e-01
1.840601981973981616e-01,1.566236698373367764e-01
3.591546177272823548e-01,1.491818986843209682e-01
-1.315534498956587028e-01,4.630375916151485693e-01
5.531198395080330621e-02,-2.927778327534275027e-01
2.655254171895914395e-01,-2.179189813092725636e-01
2.447520677615772078e-01,-2.448683919985412683e-01
3.827488580117903438e-02,4.685818726292941827e-01
1.893195673475814300e-01,-3.874930341718876292e-01
-1.876149736218296338e-01,-1.275683550385771081e-01
2.186308415881028644e-01,4.356259823333269443e-01
1.520641037307336463e-01,2.078355837874172884e-01
1.371637375537453352e-01,3.683401035950936153e-01
-1.542126626700250913e-01,-1.543227197008741891e-01
-6.876898100409493952e-02,-2.889775123123919931e-01
1.382863159137116271e-01,-4.637480878722964883e-01
3.254996963514014685e-01,-2.760638010337732595e-01
-3.532537586290531717e-01,2.449825939714911360e-01
5.225430094431460226e-02,-4.740588006994762571e-01
-1.193750016655650975e-01,3.121092165337767677e-01
1.489217705165675198e-01,-4.312648686240778684e-01
-5.200142170309091094e-03,-2.119806566955929616e-01
2.433354399861034079e-01,-7.010017523021028207e-02
3.151508593523277835e-01,2.274505036543306158e-02
-1.009891862605508533e-01,-4.147924729277188138e-01
3.202841403879449489e-01,2.692137966122958304e-01
-9.186317773894035754e-02,-6.499184582998052129e-02
4.755867595144604859e-02,-1.648571336556118316e-01
-2.240668558450309988e-01,-3.069169710500974091e-01
-3.457852797580606707e-01,2.594155462006322299e-01
-5.588056639325220121e-02,2.518695656105094383e-01
-1.174933661761174697e-01,1.189666296001308243e-01
-2.296788267287462326e-01,4.406412139471037603e-01
4.638504407568714433e-02,-3.186454122680886236e-01
-6.500185676424782844e-03,-4.368955288418095995e-01
-6.500436923841430847e-02,-3.143905509284619093e-01
-1.306451086192398914e-01,-2.692226281590643922e-01
-1.785690625704373646e-01,3.236029310100074774e-01
-1.116665106703454702e-01,-3.156601081937561171e-01
-2.144286769223233136e-01,-2.671007494957126083e-01
-3.544281115699373652e-01,2.181192341252653488e-01
-1.376182799185922123e-01,-8.101997516849024361e-02
1.905296508542020373e-01,4.153113317508757563e-01
-1.146358152592021895e-01,2.757500010841336113e-01
4.681473509109505132e-02,9.591046068522113277e-02
-6.016125005168267842e-02,4.703063185379972033e-01
-2.923028545991686600e-01,-4.156801339815140439e-01
-2.395076701633578331e-01,1.072308136102275711e-01
8.407277172295729573e-02,4.715201771126429353e-01
1.122509483742172576e-01,-1.467309396096322383e-01
-9.000117858087215705e-02,1.213405269039438128e-01
3.410140693887486751e-01,2.187720729307481848e-01
5.203379395059364726e-02,1.017631223430783827e-01
-2.165003443203744049e-01,4.246741465948670191e-01
3.306309196583666066e-01,-1.884069177353853153e-01
1.791630834216292600e-01,-4.808370001187705078e-01
-5.288850224149310719e-02,-1.959598836107461217e-01
1.588674830050196274e-01,4.547469516643718457e-01
3.244489385869815390e-01,2.341053789325817647e-01
1.225425071466654525e-01,1.155170803423943848e-02
1.885168268947404191e-01,-4.399392317573372901e-01
-1.741035148837098007e-02,-1.758891522625316561e-02
1.183002584604408297e-01,1.853790532325770846e-01
1.633933745958088823e-01,-4.822643688790161365e-01
2.813456067048886178e-01,1.313839625844652748e-01
-1.125560210756678392e-01,2.406168295029382787e-01
1.964955991599384166e-01,4.239448420264798623e-01
8.619325272631139789e-02,-3.060001476778156926e-01
-2.731466676053403986e-01,1.096731482111753531e-01
-4.686379547037060334e-02,4.582101018617065202e-01
-1.771044799540537062e-01,-2.050694482783573802e-01
2.283649288475493311e-01,2.444375779515864933e-01
9.981496285374272248e-02,1.212337472471362032e-01
-2.530661126832174646e-02,4.458738621266781221e-01
9.750418444705470644e-03,-1.446742395313549423e-01
3.194595129664044020e-01,-2.127989612426128829e-01
1.404814709662297045e-01,4.686212715267726869e-01
3.170683031881266212e-01,-4.170731143682204767e-01
-1.020806736296366313e-01,4.570809624090506063e-01
-2.250593265498121998e-01,-1.574932736964664848e-01
1.220016253186252536e-01,-5.899320211208869402e-03
1.431264582780005234e-01,-1.445399338149132573e-01
1.712922468767956452e-01,-6.776977415357099410e-03
-6.093445062782155974e-02,2.557898651695301728e-01
5.206214282026233597e-02,2.455260137693776601e-01
-1.016867569544691596e-01,-4.741365520308838954e-01
7.352253773019046257e-02,-1.489356495118326906e-01
-2.691142395481050942e-01,2.828940697495941903e-01
-7.713883890380646147e-02,-2.451405224935202520e-01
2.985553903455439029e-01,-3.327370854665121502e-01
-1.951250267106934000e-02,4.055447648349564949e-01
2.895164917399860038e-01,1.362594251857482952e-01
1.804040624836251716e-01,7.302275080679276886e-02
1.193209195800833816e-01,2.324589620711402516e-01
2.827267795825664787e-01,3.781884684969601951e-01
8.838783823951294749e-02,4.750105603705500057e-01
1.596103926827514841e-01,-2.531110513547847329e-01
3.197129369248657982e-01,3.008431039539857244e-01
-2.518043661162372437e-01,3.551690814348977820e-01
-1.674146109784858255e-02,1.367758929136098089e-03
3.618429318131467787e-02,-1.512624090841198088e-01
-3.716320734901656930e-02,-3.722139947842680874e-01
2.094532798012888331e-01,3.156550437526572939e-02
3.479213797669052921e-01,1.188864932470444780e-01
6.169939575919469732e-02,-2.789864391038646696e-01
-1.712642546198099858e-01,2.295965586931243418e-01
3.281167964795898007e-01,9.340814138614239592e-02
-1.997588414885964059e-01,-4.401375587106411968e-01
1.774635472442352979e-01,4.545343038005569269e-01
2.549078752758998090e-01,-5.546137450463051177e-02
-3.356112920926814236e-01,-3.688667145615479592e-01
1.570519951474770859e-01,4.469088103150332669e-01
3.240281226984201846e-01,-4.663654906809485690e-01
-5.514352797637379899e-02,-1.736529829581288098e-01
2.588312051916303869e-01,3.548820918350344966e-01
7.155625709471878648e-02,-1.707668376157921442e-01
-1.457177101652334938e-01,4.359061777430131013e-01
-1.829696249400985242e-01,4.689230118359968280e-01
-3.295025892250898203e-02,4.117959923348711859e-01
-1.263161338487377161e-02,2.737068201568871872e-01
1.200366071108198568e-01,3.723950343765102255e-01
1.599717517341668893e-01,9.273029681200239960e-02
1.028469660867614710e-03,2.690717568925768965e-01
-1.732847083846943692e-01,-1.073283955803587819e-01
2.811989937545161244e-01,-4.350370519186825824e-01
1.064918425954640147e-01,4.739173367016332739e-01
-3.233335594584784700e-01,2.006519559893836790e-01
3.756101346572567751e-02,6.214678006711482627e-02
-2.904894563700169408e-01,3.767859989867957671e-01
2.122286526199115286e-01,-4.898802233373811266e-02
6.427988511172849639e-02,4.413701896760557908e-01
-3.233619283964635494e-01,-2.942200810570853031e-01
7.443075864888383519e-02,7.489419120578555411e-02
-6.393684028073944037e-02,1.315446875163014395e-01
2.699653347578170881e-01,3.833981477700398877e-01
-2.802165273538749779e-01,-2.373062183466664310e-01
5.491479551111354274e-02,-4.493663839984953778e-01
1.415812482495337754e-02,2.772868270714318184e-01
1.645076471412407759e-01,-4.627405900767829205e-01
-3.557076391248579772e-01,2.096834607769560987e-01
7.820808976761838005e-02,-4.410162521417435588e-01
-1.309419546247306276e-01,2.662694487439647428e-01
-1.437574778183299262e-01,-1.086270688723636191e-01
3.827271146494735932e-02,-4.525531870169520188e-01
-3.217381386005413457e-01,3.627569475101184437e-01
1.735972023918941898e-01,3.062630118741581642e-01
2.903529646087466554e-01,-2.916035930172049540e-01
