2.070356070752089050e-01,4.154395089627311854e-01
8.207866464909939486e-02,-2.337524964601223054e-01
-2.498019297393241356e-01,-1.647963620350718639e-01
-3.123353680376289021e-01,1.398131650456024833e-01
8.734839583145609376e-02,-8.397614389624363795e-02
3.285509198111145612e-01,2.323291743090869499e-01
-1.442501087297957119e-01,-4.744228500002365401e-01
3.395101509398344430e-01,-1.586649089207637919e-01
-2.112605254312589220e-01,-3.911836636502592501e-01
1.725917606178511421e-01,4.673583007426161950e-01
-3.386818267936068105e-01,-2.899367484139510065e-01
-2.282377242456040400e-01,-2.992126193171161797e-01
3.199198376807919630e-01,2.779916207104782266e-01
-2.546823391575372963e-01,-3.687324698027684144e-01
-1.459378247027618702e-01,9.946120832584859350e-02
-1.807977577033618166e-01,4.304538128945725184e-01
4.653283643777368639e-02,-4.695369693215055706e-01
-1.576730120781322519e-01,3.469181805139760488e-01
1.614407727809350490e-01,9.200783915347654496e-02
-2.282281142264390161e-01,1.056678809987648959e-01
-1.920535063049645663e-02,4.832562434871492396e-01
2.310595718540813248e-01,1.137355323199614743e-01
-2.399850809928353035e-01,-8.275263274647426393e-02
4.642454733465514738e-02,1.013731948696546814e-01
1.339517709021670888e-01,2.510229914874280155e-01
1.583316812152821829e-01,4.077054252164035164e-01
2.670417590440277156e-01,-3.856493142144836739e-01
-1.871785122921776345e-02,-4.427268966612174506e-01
-3.898399302020227886e-02,4.766877216583996768e-01
3.120680302026249131e-01,9.224612140210619593e-02
-2.991526801100680144e-01,3.814803525121304162e-01
-4.309993669205731959e-02,2.858110360740581113e-01
1.849718672314564494e-01,-4.263532465518933279e-01
-1.385119524276238329e-02,4.706879080528835191e-01
7.260810617422909508e-02,4.100258782791859069e-01
-3.180354092730975912e-01,-2.385338862045933706e-01
-7.360880792133170369e-02,4.495375273694564022e-01
8.046447859344169062e-02,-2.616912334734395884e-01
-2.919665420587577165e-01,9.775233064184418730e-02
4.204724970531099892e-02,-4.557719083735627397e-01
-5.398239592208954607e-02,-4.762580469389301463e-01
-2.306449139799296444e-01,4.377318739980418094e-01
9.551140748926111035e-02,2.379854806680528068e-01
3.375568382518816524e-01,-2.633193008343669428e-01
3.097503532567554702e-02,2.885987062161327055e-01
-3.111904031102710189e-01,-2.560888177246082309e-01
2.866745233994274500e-01,1.569885437890685687e-01
-1.321670685662076905e-01,-4.643947152353616881e-01
-3.649205935971223252e-02,4.869958535207893346e-01
-7.357571144235269811e-02,-3.749685712797815595e-01
3.728118188424943413e-02,-6.165869392171263730e-02
2.142740478962433526e-01,1.211308830643628154e-01
3.286655442865184518e-01,-3.160636218127392816e-01
-2.667326602915077727e-01,3.799262662090024945e-01
2.190953195310080814e-01,-3.934884251290293733e-02
1.267195658645867140e-01,4.182886994481636034e-01
1.228229541001355923e-01,-4.295217028385893698e-01
2.574881387590715609e-01,4.200016926521021876e-02
2.424085501459010417e-01,4.057849449982369183e-01
-2.492417445050169600e-01,3.684989605721440409e-01
-3.417114972319269528e-01,1.889195496198988744e-01
-1.825988280282970222e-01,-1.747931357344270076e-01
-1.526776942961896033e-01,-4.773976904612462491e-01
1.838958327292670725e-01,-1.320687845735557531e-02
-1.298364381163397974e-01,4.303490038154714759e-01
-1.018240555722659257e-01,4.137536460862629717e-01
-2.068320466197138552e-01,2.438043150543857118e-01
-2.493593090510741184e-01,2.611856208562000070e-01
2.181291408501146445e-01,7.782913589740936278e-02
3.177320832790817562e-01,1.136195122331601359e-01
6.028489544026384428e-02,-9.184863584669511472e-02
1.079792225090646929e-01,2.094723452480086179e-01
-8.862556404097854390e-02,4.354266811609351917e-01
1.719597622389183456e-01,-1.861987241082276867e-01
6.337220295811171744e-02,4.712904114989965310e-01
-7.130033787312070603e-02,-1.036331889438996123e-01
3.192698737356371996e-01,-2.097176428540257209e-01
-3.152480453671395177e-01,3.238866127050534782e-01
-1.269308924710297881e-01,-9.576526098521365160e-02
-1.483793803416932622e-01,-3.162922091703127547e-01
-1.917095791528757309e-01,2.659473801046112751e-01
-2.241497710733827697e-01,-4.222589729176647877e-01
-1.529604641583544311e-01,7.237125600547422710e-02
-2.334248617983102625e-01,-4.208652895761764157e-01
-1.306553135800128662e-01,-4.012536776551629547e-01
2.201940049913175546e-01,-3.842997985010425666e-01
2.024422888092720085e-01,2.066004889470643979e-01
-9.662787127998102854e-02,-2.921541066822935795e-01
3.455673308859262827e-01,1.788210925642407245e-01
-7.375111382754410971e-02,-1.159671689006362971e-01
-2.822534087374194978e-01,-3.931177806039598543e-01
1.347601231506591335e-02,-4.740091183892196636e-01
2.235853683658358682e-01,-3.525106715960394377e-01
1.448629538968616015e-01,3.334794948858701424e-01
-2.082812722925695970e-01,1.082729234955019937e-01
1.369045723912267198e-01,2.206134829273347364e-01
2.897787615898642644e-01,2.373271202709951178e-01
1.213978140249160759e-01,-2.137914409987388131e-01
1.057329041119194485e-01,2.284028253988834578e-01
-1.534395965717235966e-01,-4.696698402760346447e-01
1.728846530965523765e-01,-4.312335915277443199e-01
-2.000380982388533235e-01,-1.622279731556757199e-01
-2.606211725030718185e-01,8.224657483357400434e-02
2.908823934451021942e-01,-1.718378799471161900e-01
-1.492244470205573159e-01,-4.761081613705578919e-01
-3.233533792366823367e-01,3.437642476508795397e-01
3.381624736811023602e-01,-2.775362149294895442e-01
-2.531518725305315076e-01,-3.276944895401338043e-01
-3.241046788993681149e-01,2.495515706344172413e-01
-3.172999187345405536e-01,1.313188945653774864e-01
2.832868154504064040e-01,2.931576473232601066e-01
-1.171766190029828320e-01,3.371984206077194290e-01
-1.043583432715428638e-01,4.441211619317735337e-01
-2.034527027832756796e-02,4.190684224614712461e-01
4.375958116957526234e-03,-3.358757398492840940e-01
3.286773216987051716e-01,2.741652677529179405e-01
-1.306838497903549390e-01,1.083895155480762984e-01
4.308493350993214399e-02,-2.470569729812620574e-01
1.334184486718952845e-01,-4.452616186129847442e-01
-1.288302700353020636e-01,-1.913287447503687622e-01
-1.299780564585932274e-01,4.823197588129185531e-01
-4.052078652472308057e-02,1.337255053910978431e-01
-2.673121043717004847e-02,-4.682540373407674261e-01
-3.114792248010591624e-01,2.673299218874163330e-01
7.985288492504018232e-02,-4.602927873168993766e-02
-3.044814226472572494e-01,1.233019825476495690e-01
-4.681347874693780886e-02,4.453398438418726402e-01
1.322927981050623369e-01,3.202931037033888151e-01
1.861232658872918333e-01,1.245925340362206146e-01
-1.121081440059986112e-01,-3.033130703303543729e-01
-2.360603674088243842e-01,1.144157948489826770e-01
-6.524242703806273913e-02,-1.316217711118417011e-02
-2.070058106777312446e-01,-4.525194219391208694e-01
-2.103159229417213560e-01,4.630111667581597867e-01
-1.486323403748348593e-01,2.130756943837023298e-01
8.878447497496075314e-02,3.439679489315733418e-01
5.648413333157088767e-02,-1.431636391131586583e-01
-5.326909764257736074e-02,1.212590109372009284e-01
-6.256510959084174428e-02,-2.105583056143833787e-03
-8.954111402403516773e-02,-4.286325742672812966e-01
2.922091700323020680e-01,2.425240163031812113e-01
-2.620994907151564801e-01,-3.583957503529420219e-01
3.151916599399141594e-01,2.454301550347155469e-01
-2.542565580779453382e-01,-3.857860403188140275e-01
2.790580921958554228e-01,-5.564721807656780594e-02
2.404239254082330413e-01,-4.168621389444009395e-01
-3.388338363704254674e-01,-2.285903362797510052e-01
3.072433683511603952e-01,3.525814740579131801e-01
2.611500329058382905e-02,3.904129054200412563e-01
2.627996265703220757e-01,-7.449461263904610941e-02
-2.635877608494202051e-01,4.106157098454022991e-01
-3.298881285404896557e-01,-1.975721624985824487e-01
-6.819396308285069486e-02,2.582365822367909125e-01
-2.001668407179531262e-01,4.723102332630562117e-01
-3.260543857978165372e-01,-2.563398054353176470e-01
1.712765250620932322e-01,2.413843854681493317e-01
-2.887482138152183686e-01,-2.364018478644364096e-01
-9.373140073860530830e-02,-4.730014077626785163e-01
2.195786256587040075e-01,2.789693035881189997e-01
-2.779206680178810673e-01,9.007875886717642278e-02
-4.887657249009898230e-02,-4.264182554724109675e-01
2.108175448517633499e-01,4.371602160847585239e-01
8.615380677599743242e-02,-3.816898709062677142e-02
1.346433961757373954e-01,-4.743404915970015345e-01
1.638148223868500786e-01,1.321167663808845427e-01
-2.032577510775034346e-01,-4.520569908072078480e-01
1.112392359721744994e-01,-4.518065874940783155e-01
-1.417380303697858834e-01,4.707938994007574429e-01
-1.936667915103821580e-01,-4.586480833086609143e-01
2.098790320089634343e-01,3.076149874001721241e-02
-1.319171978258572575e-01,2.601902322687169589e-01
1.523360660610122153e-01,4.367074724235685546e-01
2.175003882043542169e-01,4.324835754359063200e-01
-5.017843850662948024e-02,1.281927405667879771e-01
8.189467930455224254e-02,-2.699387778881982003e-01
1.124635324643008388e-01,-2.468261181958925077e-01
8.278014709952054295e-02,-8.213975842769727365e-03
-3.274711334034275390e-01,2.991642301882602162e-01
3.142280891502833851e-01,1.276102440980526609e-01
2.898199043003574227e-01,5.834047907210659911e-02
2.997418156586024729e-01,8.701799858633785245e-02
-2.099133153017168629e-01,4.403166130935883826e-01
-2.995150087410154982e-01,-9.262048372800990581e-02
-2.695527693210036935e-01,-3.116986190968580317e-01
-2.860429562486954125e-01,3.832196934717266856e-01
8.029186988412082004e-03,-4.591837480836135077e-01
2.758150088594821803e-01,5.888761763839633900e-02
-1.393789177860123643e-02,4.757730951007641540e-01
2.531941277881267771e-01,3.154153643665914553e-01
-2.181668471054068470e-01,-2.024312885670352946e-01
-1.587730916482260057e-01,-4.449351205783115271e-01
5.969572884900897769e-02,3.863687063976273262e-01
2.020336659097317356e-01,5.933235636799927271e-03
-1.763674671257288440e-01,-1.820675182683291204e-01
-8.874105323307852899e-03,-4.608476268522191388e-01
-3.045367339570119181e-01,3.732669983537159064e-01
-7.242755428716228516e-02,-1.277727847782278436e-01
1.255045291759395720e-01,-3.284708891182911428e-01
-2.586586965428163687e-01,1.052103756330609041e-01
-2.468094360475715787e-01,-4.074945043187110372e-01
-1.025300437461142966e-01,-4.733368480295309100e-01
3.000694358552682406e-01,3.665416089518083176e-01
9.084042472330944307e-02,-4.642451534051639239e-01
6.453865753250470627e-02,-3.818052451532231162e-01
-1.301125514645130876e-01,-4.114406453218754089e-01
2.268296175816050808e-02,4.033787783862224918e-01
-1.029906326313337339e-01,-4.735783889730890150e-01
5.292878389402452810e-02,-4.770434015522972970e-01
-3.124072943047379591e-01,-3.353105306879784475e-01
3.205382619522616494e-01,3.321183725284998500e-01
-1.108985467724202256e-01,4.525487082424750618e-01
-7.011423530108211455e-02,7.870106103130325437e-03
1.312352509929287925e-01,-4.569786413589944640e-01
-2.902770681187415436e-01,-2.077063388953134249e-01
-1.507301087882898516e-01,7.656503483639220953e-02
2.735148673274647169e-01,3.780479157838378956e-01
3.205306233028216711e-01,1.115303412859944832e-01
-2.996423844162296457e-02,-2.751634902647349668e-01
8.607411016319203856e-02,4.029839902377377880e-01
-4.723782455220854742e-02,-1.030871627071698882e-01
1.510954374277244383e-02,5.626180811294323458e-02
-1.758188046999577536e-01,4.402031591621907713e-01
-8.023908201434282184e-02,-3.644075791678548226e-01
-8.770609596848553957e-02,4.679579301598513208e-01
-3.313903882499528164e-01,1.552266777905807471e-01
-9.028413980846951292e-02,4.645965511944268878e-01
3.103436937886829283e-01,1.170693643526774519e-01
1.907914374948797565e-01,-2.523218195549964404e-01
-1.474191440770090955e-01,-4.802859727664078315e-01
-2.211485997070362641e-01,4.315007979082278178e-01
8.739937374350936761e-02,-4.450559881159498188e-01
-1.333845298264299539e-01,4.802199061561246429e-01
-4.673803287225033326e-02,-9.132253218777419690e-03
2.428204515538890940e-01,4.281382890492532178e-01
-1.500824732744499845e-01,4.096478997199075600e-01
3.221643358604914242e-01,2.496629072995983911e-01
-3.551224729977711658e-02,-4.730197783460631245e-01
1.190470812992168448e-02,-3.445157458046299581e-01
2.016361237921345251e-01,-7.423558350124537242e-02
2.260358185376849793e-02,4.007877875739657147e-01
7.852772440236983204e-03,3.627524796070635826e-02
8.237511804815053629e-02,-4.788552532123870886e-01
1.173841475311282745e-01,2.233496305195542542e-01
1.079336347394489887e-01,-1.561026639098883617e-02
-3.211649869216812725e-01,3.358121369464129868e-01
-3.248038757649404640e-01,1.386219734763826095e-01
2.036208315485990294e-01,2.715385489966745114e-01
1.421868757802132732e-01,3.804123959126580745e-01
5.700567763567312984e-02,-4.532155088703557766e-01
1.974263338310031923e-01,-2.356511310338861298e-01
-2.426120027790641398e-01,1.164347029644806630e-01
1.581276146576727215e-01,-4.652759994304029867e-01
2.161636142319675047e-01,3.614216564309746804e-01
3.381548401896473655e-01,-2.263106544166157974e-01
-4.810563946538387592e-02,-2.218139314863365463e-02
2.597635056486021221e-01,1.729755627344837787e-01
1.789616451963307875e-01,-4.537686300399342842e-01
5.895572334199523923e-02,-7.119786625543833569e-02
-1.532394219942622982e-01,4.757341882045484915e-01
8.615561740432708948e-03,4.750977630246463468e-01
-2.930550813286739720e-01,-1.879324337602262807e-01
-1.776174758410401233e-01,2.150944503883301939e-01
-3.017502283734982971e-01,-3.719795155797478436e-01
-1.153880157254740663e-02,-4.724445017325225038e-01
-2.493121907279232385e-01,3.942296962292926032e-01
2.040624727072095357e-01,-3.732472540705896735e-01
2.062588538862142884e-01,-3.441735762429216638e-01
3.378017174221331631e-01,-2.408459595294267785e-01
-2.756467925023937116e-01,-2.172452336726701239e-01
2.835671350019368653e-01,3.144636893011618639e-01
-1.674159595558882274e-01,2.352948240623139453e-01
-2.824179582362992824e-01,-1.879892112165069129e-01
-1.906092488241344918e-01,2.261543632071351118e-01
1.826964891845686556e-01,-4.492372581193614378e-01
1.356065869892982834e-01,4.655909692831714519e-01
-1.794234605713656422e-02,2.827033405052929993e-01
7.850328971523512500e-02,2.570786064386799685e-01
-2.504624654668383688e-01,-9.396833545747851346e-02
3.687345643550776764e-02,4.415976547459518065e-01
3.365274762723287627e-01,2.924268888514209852e-01
-2.786483607778254823e-02,1.442886016137988614e-01
-3.503089802233730343e-01,2.146571403004796652e-01
-1.492243232278094300e-01,9.461116549972026224e-02
1.095075431661979570e-01,-1.113756652689451565e-01
-2.280760155151753676e-01,-1.245206359223935966e-01
-1.285348913774988222e-01,-4.692388688033474198e-01
-9.617090656011331729e-02,4.097748210116606282e-01
2.152945291213690104e-01,-1.753414613766671737e-01
-1.461160848758534525e-01,-1.586735922200387394e-01
-1.195521252378949212e-01,4.476282207148679637e-01
-1.754649542645813076e-01,-7.684696473472063527e-02
1.592643844330106917e-01,-4.374688146860206128e-02
9.412416247279631332e-02,4.341986010248619632e-01
1.136144799103459974e-01,-4.332801303760984712e-01
-3.195652249638248898e-01,1.377275301181648537e-01
-1.181749924686226194e-01,-1.077790200168381451e-01
2.005656537293113995e-01,-6.136201872089386278e-02
3.444465379701201480e-01,-2.163305597759485055e-01
2.268380425512642462e-01,1.328410642652175788e-01
2.919651775279656358e-01,3.499821663074071942e-01
-2.490956871363269043e-01,-8.659869124754648873e-02
-1.794360133684538561e-01,-4.515812526992885045e-01
-1.504739850804293622e-01,-4.646620283021196673e-01
-3.120128977499899148e-01,3.216095386165890302e-01
1.112116957684047280e-01,4.841706391324113179e-01
-2.708696542252199135e-01,1.717695142330400992e-01
-2.892903769763205402e-01,3.508437212956566631e-01
-1.253282921393603089e-01,-1.076450693068253806e-01
-1.003760077885455099e-01,-3.876110427519452450e-03
-1.813939054666113271e-01,2.861088728450013052e-01
2.096608143324395768e-01,-3.608302606861968354e-01
-2.315023652860203618e-01,-4.351294438892443495e-01
-1.043217025175832702e-01,1.981139720943024818e-01
-3.450832916050883825e-01,2.998310329989180012e-01
1.389246468074053498e-01,2.208575678561056632e-01
-1.681099495220710061e-02,-4.667319125430287041e-01
1.973540122375690709e-01,-3.098536972076293416e-03
-3.982070051781268910e-02,-4.370272867789981586e-01
1.367087881373691416e-01,-1.341206013807134667e-01
9.942912185297118899e-02,1.823305655818241444e-02
1.381165404636837124e-01,-2.908900189022439742e-01
-3.331960692408476588e-01,2.285265003655827520e-01
-1.478028438332231742e-01,-2.420621139591337956e-01
-1.222585478525498870e-01,4.864799382767757141e-01
2.117773028305362515e-01,3.144513842049321273e-01
2.483116353978695456e-01,-3.316457621130342037e-01
-3.346766585744035960e-01,-1.566213539698443347e-01
-2.367082087779764366e-01,3.287723054014918267e-01
2.205388066147050963e-01,2.025635456993502004e-02
-3.423203111623241979e-01,2.474575494613345805e-01
6.478554685921961154e-02,-4.736419253540112839e-01
2.551336864058773579e-01,1.093624173007602396e-01
2.858642298979427454e-01,8.091210253768765792e-02
-9.673905838206321717e-02,-4.644710711348556398e-01
-1.762708388088212175e-01,-4.093971537842659991e-01
-7.266017099484531339e-02,-1.324294703876777168e-01
6.475492559286349925e-02,-4.758489207656950715e-01
-7.212551245842004077e-02,1.083776961598970079e-01
-2.203299976645274327e-01,8.500600114140455243e-02
-8.528227817867180260e-02,1.309961069073805051e-01
-2.083496616602912299e-01,8.375832514742986845e-02
1.815067731956979402e-01,2.411132954172953147e-01
-2.303560962852393423e-01,2.726051798362598699e-01
-2.784939964341534568e-01,-3.695618616565834458e-01
2.709100885712815709e-01,-3.412597832986141722e-02
1.337322389298847836e-01,2.928387352088400730e-01
-3.076710012894497970e-01,-3.646346168232673657e-01
-1.676628470112296876e-01,2.301218176133319471e-01
1.076349210110462418e-02,-2.636945905983141270e-01
8.245356359943867286e-02,-4.742715758271803805e-01
-1.688302167814449695e-01,-4.663215592509468710e-01
1.773461719073308185e-01,2.479287815114097349e-01
-9.313920501904038307e-02,2.357586654737625631e-01
-1.003618307301481216e-01,-4.740954167817988951e-01
-2.122474627338154229e-01,-4.279358022887688184e-01
1.803413691658453111e-01,3.290465083413907088e-02
-9.204262623820735900e-03,-2.785769671381586043e-01
-9.758685931208102571e-02,-2.887228825540685273e-01
3.277521583866772614e-01,-1.543905395561788740e-01
-2.439698797266629526e-01,-2.831479387082456167e-01
2.612723138745968177e-01,-2.416457461481658076e-01
-3.229383522970290521e-01,-3.082005410639202525e-01
-2.596098530660353454e-01,1.358371074189976824e-01
8.831535896434616895e-02,-4.354884852401543771e-01
-3.105169675677330599e-01,-3.224922226451774065e-01
2.818923894574533739e-01,-3.939931689804742065e-01
5.392964515611516768e-02,-4.669811120187031817e-01
-2.674110547850460096e-01,-3.463212198286298449e-01
-2.115963113343184709e-01,4.595021771913024855e-01
-4.010333428323208799e-02,4.782169956498282248e-01
5.670774628685072705e-02,4.527597821973813330e-01
-1.740204919921764515e-01,4.367724803430189651e-01
-3.439377128278628959e-01,2.096216020232107846e-01
3.153062290436131621e-01,2.969246079418493833e-01
2.620918809861184084e-01,-2.974851759802285001e-01
-2.121662147895408967e-01,-9.042261332542311791e-02
7.833572669835742186e-02,-9.131768176285182115e-02
-1.391924476084099305e-01,-4.715598995763595758e-01
-2.502330325847201276e-01,9.933082822356020802e-02
-2.572969569289821345e-01,-4.108102592266940079e-01
-3.346868982232531486e-01,-3.038703864434071367e-01
9.582503691576203797e-02,1.964824709050695395e-01
-1.848623947792649713e-01,3.370053379824177187e-01
2.827960301739672611e-01,-3.790154378464127838e-01
5.880210435417454473e-02,2.251522013916781306e-01
-3.978127598471260101e-02,4.531104695128624904e-01
-1.491091464273432698e-01,-1.284235884656393933e-01
3.291938183437614351e-01,1.261305379968725715e-01
2.082878818564748713e-01,2.282493904912563654e-01
-7.201434562573424958e-02,-9.131243270342637164e-02
1.563897277418246912e-01,-4.700986751463457347e-01
1.922702682769723004e-01,3.155149085887676286e-02
2.653756547606406224e-01,-8.730708011527810175e-02
4.193061044137005866e-02,-4.184143384734351212e-02
2.134461520038128668e-01,-1.800985292147145866e-01
-4.600515571351886795e-02,-4.014032481114854223e-01
3.115501638187488376e-01,-3.505430622623585402e-01
-1.901304904372866089e-01,3.623462388443350335e-01
-1.882844659931077747e-01,-3.109202072826610097e-01
3.407669130336271612e-01,-2.058570739435205965e-01
1.308703769760018454e-01,3.367370799135007697e-01
3.331380426517271953e-01,2.443110317988025360e-01
-2.777645636714128896e-01,-3.278119717392307120e-01
-1.074700532193727659e-01,-3.111295320131655107e-01
1.324352381089182462e-01,-4.598912960837729935e-01
-2.997893881037485553e-01,3.545631070911090532e-01
2.202583254327085405e-01,3.850998212602272375e-01
-1.939369541048964751e-01,4.664116208085236082e-01
-1.255193825864882040e-01,4.392535875143107615e-01
-1.504602656127584370e-01,-3.292987625011185582e-01
-1.067002095478741669e-01,1.174825304312432372e-01
1.047221389650894174e-01,3.849590629184149737e-01
-3.427575201823062495e-02,-2.951849555288273974e-01
-2.508370506500599562e-01,-3.300416882503214300e-01
3.002001311505702041e-01,3.546302430033082542e-01
1.536343552115230771e-01,-1.502020456792837466e-01
1.717596889626168966e-02,-4.701548643944620798e-01
-1.654060757657911385e-01,-4.174577285599818666e-01
-1.150663986003254424e-02,4.109408416425495147e-01
-5.364093560678250688e-02,4.743315121857351047e-01
3.102670113641726735e-01,2.380918831035436778e-01
-1.568506702960610899e-01,-4.484469395537705738e-01
1.981574844122522827e-01,-1.001118101963449636e-02
2.742392766045762542e-01,-3.856710364264068769e-01
7.649651000630450226e-02,4.643881534124006949e-01
-3.372906339174259749e-01,1.720392182672829673e-01
3.398707881756257154e-01,-1.821290941065385471e-01
-1.709796343341996039e-02,3.385661324113313775e-01
-2.269628565316343383e-01,-4.048095660569027698e-01
-2.085402664717935506e-01,-1.234868104256370280e-01
-2.757714537832591239e-01,-1.339590676756596821e-01
3.425124469600219212e-01,-1.712934247848900693e-01
-3.088747407991176419e-01,1.409792898285757712e-01
-1.626606943924832072e-01,4.553565123187754971e-01
-2.717041641264408836e-01,-4.027255362513875170e-01
9.034258250080128005e-02,-4.802422125231967653e-01
-1.086722038603543244e-01,-4.754036548781835902e-01
-1.134155880151775375e-01,2.329921478256965495e-01
7.807959276282365468e-02,1.350562063326088413e-01
-1.032606813191916245e-01,2.251376950858317016e-01
2.875120847048072692e-01,-2.393806656762377250e-01
-1.988877421545390822e-01,3.019297350337211139e-01
-2.694362181428727188e-01,-2.587078901478399029e-01
-2.044838628655067381e-01,4.501563264768290162e-01
9.808452557991372001e-02,1.956081698408833613e-01
1.778996925503718018e-01,-1.932530027010401774e-01
-6.358372558222182003e-02,-4.352134831453754460e-01
3.256955661940211799e-01,-1.907708661920922699e-01
-3.276777904733092495e-01,-2.476429532774140352e-01
2.639898612574862469e-01,7.703184994682976683e-02
3.272341307250672959e-01,-2.074811775922886792e-01
1.340810641677475934e-01,2.197866391084900561e-01
-1.181275597092392576e-01,-1.117397873090677507e-01
4.478618024130451986e-02,-2.990363899999275432e-01
-1.385154832930879099e-01,4.794900993497200892e-01
-2.693684223217931994e-01,-1.674443772705143108e-01
2.818949226685120157e-01,-2.526106382892268076e-01
6.020065460289563547e-02,-3.133042057120261070e-02
2.786683709295141240e-02,2.633712663813767563e-01
-2.716291294409238777e-01,-1.115687634062666467e-01
2.027130122626554787e-01,1.777652737653667714e-02
6.474391880752503048e-02,-4.245657332028773823e-02
3.757989001154261877e-02,-2.457398190338047073e-01
-8.042421914742642342e-02,-4.737838150699120732e-01
1.806233039504866467e-01,5.613733878111526465e-02
2.610473740090326622e-01,1.741958488218552370e-01
-2.658330989187269178e-01,-2.078310832054083290e-01
-3.349736108422608494e-01,1.841360715950558502e-01
2.079595414230053230e-01,-2.548433314509012115e-01
7.119261314491748260e-02,-4.762429692895732147e-01
1.579681019934450759e-02,4.696946261336690798e-01
-5.287548337738082714e-03,2.123345229485851249e-02
-2.673694161132240676e-01,-3.247523214011903692e-01
3.709687598642587292e-02,4.258535670687491059e-02
-1.776061887913006343e-01,-4.157968261464126680e-01
2.054105675037055934e-01,-1.944067566389459101e-01
7.639101044929950957e-02,-4.685577174690125357e-02
8.600174956931187775e-02,4.816508199239348809e-01
2.093655694245511734e-01,4.925359088365399707e-02
7.986084681270126662e-02,1.032187617710633720e-01
-4.930124444962590002e-02,-2.715056583836605864e-02
-3.138007739499207305e-01,1.397002092630554859e-01
-2.085657159376588798e-01,-3.098962004516303548e-01
-3.272419009060035799e-01,-1.403372748244624546e-01
-1.096785306493561069e-01,2.133969520259390018e-01
2.994968108781255467e-02,-3.295208894394663357e-02
-1.376432408278252806e-01,-3.519877108749533967e-01
-1.440679371499273276e-01,3.066049392407720342e-01
2.631264168625752076e-01,-3.782343216631780525e-01
1.497347178408162394e-01,-2.755210773636693755e-01
-2.107511123777874029e-01,-4.086795202570887575e-01
-1.745694843714679090e-01,-4.633850238210676098e-01
-2.548626022664600699e-01,-9.249673481878928349e-02
4.509779308934389053e-02,-4.409354661949357324e-01
1.647842044747879486e-01,3.401320806415396580e-01
1.817737470082179396e-01,3.096331459440279099e-01
-1.601101888409820206e-01,9.721656265828537702e-02
-1.150851998362676654e-01,2.459912941736035474e-01
-1.672010168613054515e-01,4.818149914323737182e-01
1.587347781835089788e-01,2.174183904082963581e-01
6.893399385961156145e-02,1.924415697859043206e-01
2.196318912847362304e-01,2.761490157650259292e-02
1.974910441012952267e-01,1.801126895435867237e-02
-7.162470850557009494e-02,4.682592221712212899e-01
3.304881235171904241e-01,2.702698914808938646e-01
-9.985156232687941724e-02,-4.623134200790269821e-01
-1.608518349787786128e-01,7.433379534785544696e-02
3.139958799950491319e-01,3.443821727525624432e-01
-5.685451574112158901e-02,4.317897986937380139e-04
1.674158307875757701e-01,4.816752404236501750e-02
-2.294706531176157749e-01,3.935111871202277012e-01
8.501170514902785247e-02,-4.647720773261705407e-01
1.095000236100579921e-01,2.323951725365129839e-01
2.684640030825155010e-01,-5.488071397016058839e-02
-3.970536404209525083e-02,-1.144718115130447522e-01
3.429110889870713719e-02,-6.695352890478567520e-02
-5.667450308998779607e-02,-1.047390801516201453e-01
5.651475236710587491e-02,4.645004444662867993e-01
-3.138486294203025051e-01,3.562102340357879982e-01
-1.735630493612231318e-01,-6.535047685627992653e-02
2.991509271546553550e-01,-3.131391633719348144e-01
-8.550658763430274423e-02,-3.127476279711942642e-01
2.503009970903602444e-01,-5.161587780533283265e-02
-1.374581966591602589e-01,-6.496832640211991361e-02
-1.438998850555159859e-01,-3.165292999766171622e-01
-1.330154713726273696e-01,1.199720783289038861e-01
3.258738086848145810e-01,3.028972414890969134e-01
3.704843759472029735e-02,-4.020511351125463095e-01
2.745648142222956722e-01,-8.978854223763299558e-02
2.181541451445564994e-02,4.846022460726303605e-01
-1.156460020569736319e-01,-3.085786806844115215e-01
7.296220941043628228e-02,-5.234050269301648850e-02
-1.868178462794317651e-02,1.514518798926722809e-01
-1.854962691439030753e-01,3.138969068194098488e-01
-2.993650283073160390e-01,1.748973317281515838e-01
-2.612561845094908408e-01,-2.494426221556436118e-01
-2.851455134244316181e-01,-3.750707242647262074e-01
-9.229065326292448801e-02,-2.192094217338985684e-01
-3.315898164165689277e-01,-3.060267232097004797e-01
-1.391581967189346458e-01,1.576319054256476448e-01
1.128784665301238443e-01,4.859970331805755217e-01
2.466090181742652127e-02,6.494589428667763009e-02
-2.281055198463851075e-01,7.836335743732403269e-02
1.154892096332575391e-01,4.791860005284807045e-01
-9.789656678282758484e-02,-4.808648353395827968e-01
1.010737046154632501e-01,1.257818579906754275e-01
-1.836631322217653073e-01,-4.149975869346204105e-01
-2.881043337588258257e-01,-9.371237589011505165e-02
1.051823895178354562e-01,2.268620634132164637e-01
2.945431284665429583e-01,2.686391891916520835e-01
1.382761384367366675e-01,-8.753820286352409497e-03
-3.233022972001780015e-01,-2.128147956790110706e-01
1.273461109854175932e-01,-4.510356036245845024e-01
1.843040997029040950e-01,-4.453648119274747907e-01
3.193890043040364946e-01,2.240836590559811548e-01
4.315874641024665392e-02,3.221062819190855242e-01
-1.018989588201888452e-01,1.238916987382118196e-01
-1.663251864329158280e-01,4.813384078127092014e-01
-1.169242588039176578e-01,2.735210019753202548e-01
-2.323873079114415763e-01,1.281905984370274032e-01
-1.526025018219680507e-01,4.461580684213558579e-01
4.133248444777180841e-02,4.008356027462417481e-01
-2.657932727446103427e-01,3.835455897992919860e-01
-2.718436285249098971e-01,-3.820889663160601524e-01
2.337782047382968784e-02,-4.323410024629557036e-01
-1.098594730521063045e-01,4.615704689712375464e-01
1.534772226262810513e-01,3.883439955602207005e-01
2.273677852786135378e-01,2.116638392602178120e-01
-2.025317399051841660e-01,3.726448493016146779e-01
-2.528766159344982833e-01,-3.964671902311082130e-01
2.040623387155734436e-01,-1.899362197461418322e-02
5.016549768703876255e-02,4.534961969865197728e-01
1.652441278630260302e-01,4.697156299760502085e-01
-3.159602143527148743e-02,4.655227468130770374e-01
-2.036560193630567450e-01,2.125148055357564125e-01
2.130054978088422313e-01,-2.823160916168382384e-01
1.183416366309061746e-01,-4.044634337744448249e-01
-1.287204573375007044e-01,3.758389054367418103e-01
4.974187293301977203e-02,-9.767282128394072505e-02
1.509737552869765964e-01,4.729104395857519627e-02
-3.274001408098431987e-01,-1.276024033160596538e-01
1.933293949605383588e-01,-2.205963520320296523e-01
1.979105820476623478e-01,-4.517797749665221074e-01
-1.884193407834827139e-01,-3.877857995172265815e-01
8.034344656115216532e-02,-3.585950695211903572e-01
-3.261833846970608186e-01,1.529955112034162568e-01
-2.880186951499265069e-01,-9.409719061648991190e-02
-6.925366920485578892e-03,-4.760643179027731486e-01
-3.232489819969728284e-01,2.326381695851151843e-01
-1.026882155797406160e-01,-2.919696095360279076e-01
-3.076966123552369314e-01,-3.665809537810855723e-01
-1.268213319844696263e-01,1.006813731642309806e-01
-7.190393469022227091e-03,-4.429024908180961839e-01
4.489694412123314271e-02,3.399579965052956787e-01
2.699238926330039257e-01,3.122294955134744532e-01
2.100128565109479761e-03,4.403994357518558056e-01
-1.257085976191925913e-01,1.192684138131462346e-01
-3.117114610032083455e-01,-1.606298163618744557e-01
2.679211218242976700e-01,-6.099921097857108343e-02
-7.572135098324060676e-02,-3.710236714757423337e-01
-8.854926131483779883e-02,2.671817809940418842e-01
-2.945209244768781098e-01,2.063476650679267888e-01
1.727387169103490883e-01,-1.091367686992524844e-01
-2.012271340438580303e-01,-9.352653467198823733e-02
-4.951689691822806771e-02,-4.505289370792104897e-01
-3.401379596722433063e-01,-1.997319811524335131e-01
5.389246184578710963e-02,-2.500201132642883017e-01
-1.986772280277042391e-01,-1.230518850871437087e-01
-1.572208297412793221e-01,-4.400276247362067128e-01
-3.788931931027463007e-02,4.840948203367342328e-01
-8.011233717734199400e-02,1.363105823352174228e-01
-2.659061382808195484e-01,-3.364198965416163034e-01
-2.443499756792570643e-02,2.761775309821896673e-01
-6.993938696881532580e-02,-4.757129313211628796e-01
8.584027786913482616e-02,4.811915900793826140e-01
1.149770348349713756e-01,-2.867989141250522067e-01
1.249377559298388979e-01,-4.788006515956171327e-01
-1.850615292588800864e-01,-7.031909140609748921e-02
3.082932495791475547e-01,3.415163719595670777e-01
-1.781413636207636320e-01,-4.612265040840769492e-01
1.290981086590992089e-01,-4.804401708227429291e-01
-2.497704865369176630e-01,4.327139609917285412e-01
-3.302936670628683902e-01,-1.502740500495812759e-01
-3.440888964205945921e-02,-3.925745632660011530e-01
1.524000271931347794e-01,1.450410095809741007e-01
9.095661534136871562e-02,-2.898368178125089178e-01
-5.427312380639739975e-02,-4.238505428559181665e-01
1.165511579941082149e-01,4.849270193182106947e-01
-1.463880194314464422e-01,3.853853004782339386e-01
-3.367349094020531952e-01,-1.545656766286190864e-01
3.263512538326904244e-01,1.631927708804785659e-01
-7.265911905941924154e-02,2.532113983025610082e-01
-2.200390677511787629e-01,3.628928095383978647e-01
3.182349699038614088e-01,-1.677417496108793982e-01
2.834546558341189404e-01,3.733225737024977731e-01
3.006581121923508348e-01,2.510174417809097891e-01
-6.242008367566012628e-02,-3.786414468838599223e-01
4.181958394795161349e-02,-7.750331975591828737e-03
-2.251884078343462103e-02,-4.060198478200516270e-02
1.170016680496030193e-01,7.779074341172065310e-02
3.048818387198806157e-01,7.019343010975787056e-02
2.759631890202832172e-01,-3.572589918945642262e-01
-1.671713129537134579e-01,3.370145697120887629e-01
1.198242028051700186e-01,1.940457390740013555e-01
1.812685660955165312e-01,1.327731611405014167e-02
-3.380814779723030350e-01,-2.575058083529299102e-01
-1.051500166459868324e-01,2.049791675025643967e-01
2.423541595064557241e-01,4.082744810891123510e-01
2.287664211770247813e-01,2.603867884582498071e-01
-1.485975064497559728e-01,-4.657839774441440150e-01
-2.968914345577660652e-01,-2.159614004106797935e-01
3.220406139307807059e-01,2.194812086129767081e-01
-1.449589388196827477e-01,4.475858514411874545e-01
1.360343675342150227e-03,4.712771363359838928e-01
-1.082906733591922355e-01,3.831433712733138819e-01
-2.076617923449124159e-02,-4.806535692951270367e-01
-1.213342020920230580e-01,4.818202509300745229e-01
-1.015388113762532712e-01,2.251992375455653672e-01
-3.427274073219481743e-01,-2.928342522168841944e-01
1.344228862331170449e-01,-4.567434851896025050e-01
-2.782937841298054327e-01,3.991290793960746708e-01
-1.515404991926365408e-01,7.253759590933772650e-02
1.971199910793106913e-01,4.425021046743898845e-01
-2.569071808929488387e-01,-8.303987504346510562e-02
6.933948891679407589e-02,-2.366976193736612943e-01
1.593376482427836249e-01,4.603082865508467680e-01
-2.083573689301884690e-01,4.661166157467375726e-01
-3.312280766027269063e-01,-1.397589585150482705e-01
1.012113954430564344e-01,-4.655399446233844385e-01
-1.659318326680505884e-01,-4.704511024599494773e-01
3.430783678132071635e-01,2.230846596578247576e-01
-1.552975303001043750e-01,-1.330345931063022791e-01
2.986567679484289917e-01,-2.300417360461745053e-01
-1.737690666930553074e-01,-4.664799422933042505e-01
-1.767389848754630233e-01,8.496895765646950149e-02
-9.132692405581008255e-02,-4.640404916498874766e-01
-1.634801468837762950e-01,-1.066088763723915811e-01
-3.094457779615690796e-01,-1.942472734153619651e-01
1.227876043113235519e-02,4.641315568490600452e-01
-4.155482255944836778e-03,-2.993358148385656392e-01
-4.181512911203483229e-02,-4.539623732196857997e-01
-1.433333563719333681e-01,-2.741170374313709468e-01
1.091406592893491567e-01,4.840936445357885143e-01
2.297741843734890654e-01,-2.809579905289879553e-01
1.489280370496854355e-01,3.885936604555634277e-01
-1.957111800279059954e-01,4.509285486027976297e-01
-2.080924723633622853e-01,-1.575471710798714842e-01
1.059711867016148029e-01,-9.559068333208775581e-02
-9.174337694201441240e-02,2.081857085499018156e-01
-1.137340535014679521e-01,2.023725233805082624e-01
2.489134496707497424e-01,3.757753987097143256e-01
1.914240596720963861e-01,4.607717060129823405e-01
-1.610270229866237190e-01,9.030952324325669522e-02
1.373815631043622254e-01,3.897419752549793337e-01
-2.005808865536000962e-01,3.610416977358927859e-01
-8.979572499868397617e-02,1.628622507769277306e-01
-1.617588964893802994e-01,2.168970186886012286e-01
6.335836496460359180e-02,-2.986156936879618140e-01
-1.031094041964288888e-01,-1.552365054484833307e-01
1.110598888958278657e-01,4.513165297109956731e-01
-7.864999734137659293e-02,-4.502335786394136008e-01
1.747779618570933780e-01,-1.756621000550739886e-01
-1.295130578506398789e-01,8.458071078921469699e-02
-2.390892772738078542e-01,-4.235006103777694264e-01
1.880995839074885712e-01,-3.345258597824417590e-01
4.215610681910622604e-02,-8.912410179944119104e-02
-8.959428734336427613e-02,-4.761729528498755970e-01
1.905659896526790686e-01,1.644406996005014499e-01
3.218851071456184099e-01,-1.864248759280972001e-01
3.000844939214979412e-01,3.543810645061181708e-01
7.436378342963298471e-02,-4.256470509331986563e-01
1.112519944491729973e-01,9.167717943984154960e-02
-2.164051624771425320e-01,7.850754028015971553e-02
1.907941432543556470e-01,3.849241741624498392e-02
5.326274962425803922e-02,-1.426474581238778017e-01
-2.534783415962166830e-01,4.054582821146763827e-01
-8.600092776522676175e-03,4.774747669852152931e-01
-2.249224961430466019e-01,-2.166049143905588448e-01
-3.259590477129848535e-02,-3.406331008256535675e-02
-9.099875893153763079e-03,3.365721661581231317e-01
-1.283195147317861828e-01,-1.464690336481515587e-01
4.922638196088205409e-02,3.239190440130357285e-01
1.113241138316654055e-01,4.239621539907497683e-01
1.491336134035212979e-01,4.329493364161071112e-01
6.144317717471298179e-02,-3.104515487973514842e-01
9.526738258230596501e-02,4.087948126233831303e-01
-2.751816853877563918e-01,-1.535300823552372407e-01
-9.772275743348249333e-02,2.318592185513558279e-01
3.236987991835925671e-01,2.463344372130725768e-01
2.581758226523057642e-01,3.872399040999575659e-01
5.776894827119844616e-02,3.065201936707671049e-01
-2.556658924850234160e-01,1.981560556141700458e-01
1.294987304331918776e-01,-4.351414261565894614e-01
2.968623925488265702e-01,-3.631978847557992829e-01
5.183994717079467435e-02,4.897913421957641456e-01
2.568801140397430904e-01,-4.943325899044459515e-02
-1.799934980156488520e-02,4.305237721161760955e-01
-1.798388924166108016e-01,-2.890606015155821051e-01
-2.341681246604644315e-02,-1.306598736244145575e-01
-7.145873519381537586e-02,-3.558841466268277687e-01
2.725958378961629291e-01,-7.610355440754446033e-02
-2.338005958177190313e-01,2.623766178270823257e-01
-2.523961575029797233e-01,3.800445752062678872e-01
-2.610419051009736924e-01,8.270463276955641874e-02
-2.344489135197799501e-01,1.216073038562572872e-01
-3.494642148603215315e-01,2.465074094211040512e-01
-1.929892841617801835e-01,4.651959836189853981e-01
-1.797966448060575317e-01,-2.587632486660329523e-01
-1.044116172650273733e-02,-4.084234306736524989e-01
-1.856706524588941920e-01,-4.310816356920914583e-01
-2.378599621933586705e-01,1.683664113121582373e-01
2.410478144152547464e-02,-4.713494828695583561e-01
2.911928028006189328e-01,-2.369814528421383404e-01
-1.191488807781420078e-01,-1.034764957383312867e-01
-3.323597798682413895e-01,2.381953229463767974e-01
1.436983926108569842e-01,-2.803105485743584424e-03
2.826619461410238565e-01,-3.797886485515242772e-01
8.081775447157549253e-02,-3.439097539218287647e-01
9.141095439580970705e-04,-4.736204192802744295e-01
1.196131697743048894e-01,1.498620732055340188e-01
-2.780191433662612677e-02,1.572692115377927191e-02
1.004888753126460393e-01,3.192036732204908134e-01
2.927609543894978406e-01,3.497604050364683248e-01
2.418113665216343744e-01,3.981236683276045962e-01
-1.307676351112344593e-01,2.706832832890457841e-01
1.650025207281166639e-01,2.736257844877227896e-01
-2.921107191132479852e-01,1.081236154754189327e-01
-2.335190424284574739e-01,-7.242434992198865107e-02
2.687342033526819995e-01,-3.097917192757464466e-01
-2.403849607487111018e-01,4.120179851501579726e-01
1.301467162291297663e-01,-1.953822376328584465e-01
3.103503448062691628e-01,-2.053737162266913163e-01
-3.102433785160854662e-01,-1.561106877613737121e-01
-3.357394226803706028e-01,1.781455914349254765e-01
-2.092705057404828095e-01,1.146441182490481880e-01
-2.310720953081338638e-02,-1.176401832313134221e-02
8.388913282551023476e-02,3.477468021736564996e-01
-2.686801301166645284e-01,1.073503350991311667e-01
-1.686065856625794390e-01,1.143191647037834491e-01
1.461045856628268025e-01,4.128622069301484121e-01
3.225219841141587218e-01,-3.101359175894824460e-01
-2.088260412096758500e-01,-2.235996861254657686e-01
-1.239175875159138351e-01,-4.252259149808529370e-01
-2.583794591824958506e-02,-3.215902341608395387e-01
-3.106810143716156047e-01,-3.217386734229982226e-01
-9.583792660074400005e-02,-4.789119883786866483e-01
-9.633590107889827836e-02,1.943202221883926217e-01
-2.549853572261714940e-01,1.233758904614965513e-01
7.280825416115027648e-02,2.513851118550225472e-01
8.466720871625338374e-03,-4.640290319916546835e-01
-2.821507612596184100e-01,3.542786970421760717e-01
-2.860622733107345828e-01,-2.927023323005236710e-01
5.981007240402009401e-02,2.091869883960342236e-01
4.036686248829107759e-03,3.800206937838335186e-02
1.284429458115916856e-01,2.147319194518216845e-01
2.947452086656605630e-01,1.947514315719018896e-01
1.160575718389815769e-01,3.942302682310518946e-01
-8.123333431014506667e-02,3.405611863759210323e-01
1.742005554659115107e-01,-1.438339060833730976e-01
-2.865906754448503957e-01,3.465925226452689634e-01
3.102703750059566112e-01,9.033104116586987420e-02
-2.782057632153365212e-01,1.952755747409422593e-01
2.133577310755570555e-01,-1.116287668603601624e-01
-1.794001376914149681e-01,4.385572321209607605e-01
-3.164039176638361872e-01,-1.978881719159079067e-01
-1.875241942617865698e-01,-2.319652935787781534e-01
1.451857792908123890e-01,3.310650777528164612e-01
3.330417616301824257e-02,-4.403536575663564712e-01
-1.045304661794285717e-01,-4.744518381013499431e-01
1.123184151890092852e-01,1.864187847453885327e-01
-1.085970239391371994e-01,-1.248324030934879758e-01
-4.514316350213968404e-02,-4.441916248932922251e-01
-1.908773283558297396e-01,2.164576339993946608e-01
-8.321631889723407616e-02,-8.515062105810888848e-02
-3.191479640958272412e-01,-3.356785097749350744e-01
1.091917130793812890e-01,-2.179487204889252183e-02
3.213290527998520218e-01,2.255303560431315413e-01
-1.547806866959733907e-01,-4.538619717029777068e-01
1.729841292693849453e-01,3.578958469538624509e-01
-1.804480293279883962e-01,-4.397365361458120958e-01
-2.641573236847349904e-01,-3.294875553180708350e-01
2.320207578890446654e-01,2.320968130673185525e-01
1.181810303832466352e-01,1.098640117543322470e-01
-2.485858427020809502e-01,-9.839480126702582208e-02
-2.370989345151209293e-01,7.548198249603488286e-02
-1.833610400450762790e-01,2.954994882189386773e-01
2.602619146699097219e-01,-3.621241412973245088e-01
1.067338170835822470e-01,2.872549238575989872e-01
1.690777748922170642e-01,-3.611228881868728813e-01
-2.007655436131594029e-01,4.285297032083524860e-01
2.608285757888206824e-01,-2.046919919094986051e-01
-2.244665777713167887e-01,1.318457202177127918e-01
-3.265847185629288107e-01,3.139738870546775473e-01
-1.541475419939622449e-01,-2.157563566820609458e-01
-5.900304245692177679e-02,-4.710637859138605554e-01
-6.208466579992980017e-03,2.680990734726774738e-01
-9.566318308849144914e-02,4.754282154767066615e-01
-2.226720701625677368e-01,-8.853963409938858664e-02
-1.634186578484105867e-01,4.439213783927179469e-01
-3.292331749854446876e-01,2.589069810774967673e-01
-3.315140100983199334e-02,1.336739892105318628e-01
1.531306857487309547e-01,-4.305685884201254643e-01
8.437444511518990553e-02,2.338836161554319615e-01
-3.179928177555405577e-01,2.828753922992111036e-01
-5.473472442426727258e-02,4.796840686520831287e-01
8.793865107625231659e-02,-2.920253783693680383e-01
-4.250148235400626195e-02,-2.580363401886771602e-01
-8.608599449207755827e-03,3.613896131863691963e-03
-2.413586277937508906e-01,1.084695802647778207e-01
1.645218346229040396e-01,-4.578731348162498049e-01
1.967505699254658985e-03,-2.004012568720325849e-02
1.990102250254565663e-01,1.067411406368882210e-01
1.220408323066267259e-01,-4.818682509962685101e-01
3.452903823181129039e-02,2.599739989371473436e-01
-1.334418151317558199e-02,1.566236698373367764e-01
2.813243959141237260e-01,1.491818986843209682e-01
-1.905860597498721387e-01,4.630375916151485693e-01
1.901689322968562468e-02,-2.927778327534275027e-01
1.549829246887829692e-01,-2.179189813092725636e-01
7.326604987811106973e-02,-2.448683919985412683e-01
-8.869472156439756061e-02,4.685818726292941827e-01
-5.404576844481459585e-02,-3.874930341718876292e-01
-1.184773071241884829e-01,-1.275683550385771081e-01
7.567559540892790371e-02,4.356259823333269443e-01
2.934701364063624363e-01,2.078355837874172884e-01
2.589264223227484563e-02,3.683401035950936153e-01
-3.166948195153906909e-01,-1.543227197008741891e-01
-1.023393550568176269e-01,-2.889775123123919931e-01
1.302071993787556892e-01,-4.637480878722964883e-01
3.400907932197780870e-01,-2.760638010337732595e-01
-3.000040309491767698e-01,2.449825939714911360e-01
9.108062765597146893e-02,-4.740588006994762571e-01
-9.165895207322435900e-02,3.121092165337767677e-01
2.382145612917319077e-01,-4.312648686240778684e-01
-2.097708475612928558e-01,-2.119806566955929616e-01
2.918026596270712480e-01,-7.010017523021028207e-02
1.180800117848106873e-01,2.274505036543306158e-02
-1.957911155378460055e-01,-4.147924729277188138e-01
3.058232625843240182e-01,2.692137966122958304e-01
-2.019968182564646220e-01,-6.499184582998052129e-02
-1.217202676917813059e-01,-1.648571336556118316e-01
-3.198735256597761145e-01,-3.069169710500974091e-01
-1.454768884148665009e-01,2.594155462006322299e-01
-7.944554059556117875e-02,2.518695656105094383e-01
-1.050613026882033368e-01,1.189666296001308243e-01
-1.089513006849732735e-01,4.406412139471037603e-01
-5.092610119000125224e-02,-3.186454122680886236e-01
8.793271206077873936e-02,-4.368955288418095995e-01
-2.258753487323539866e-01,-3.143905509284619093e-01
-1.810361165255645610e-01,-2.692226281590643922e-01
-1.861685351905208174e-01,3.236029310100074774e-01
-3.186831446690830960e-01,-3.156601081937561171e-01
-3.274385854232423343e-01,-2.671007494957126083e-01
-1.467404886243805495e-01,2.181192341252653488e-01
-2.562201775975420093e-01,-8.101997516849024361e-02
-3.596996425049611701e-02,4.153113317508757563e-01
-2.348913320183312198e-02,2.757500010841336113e-01
9.929027077479073149e-02,9.591046068522113277e-02
-1.171592682529137563e-01,4.703063185379972033e-01
-2.045108358658801195e-01,-4.156801339815140439e-01
-1.932221369919592535e-01,1.072308136102275711e-01
1.631226686831959705e-01,4.715201771126429353e-01
8.087419647633659059e-02,-1.467309396096322383e-01
-1.893087134181430931e-01,1.213405269039438128e-01
1.598632391785948514e-01,2.187720729307481848e-01
1.125349337761042956e-01,1.017631223430783827e-01
-1.480407860298921241e-01,4.246741465948670191e-01
3.275913671515188752e-01,-1.884069177353853153e-01
1.110684301293955595e-01,-4.808370001187705078e-01
-2.720711896700280796e-01,-1.959598836107461217e-01
-5.200722715863666940e-02,4.547469516643718457e-01
2.560989690173971489e-01,2.341053789325817647e-01
1.535399227115624710e-01,1.155170803423943848e-02
8.787961728009457962e-02,-4.399392317573372901e-01
-3.149465574501218723e-02,-1.758891522625316561e-02
-9.359141439099788462e-02,1.853790532325770846e-01
-4.484688442868182273e-02,-4.822643688790161365e-01
8.275651629161527578e-02,1.313839625844652748e-01
1.463605982575291176e-01,2.406168295029382787e-01
1.245781822666971878e-01,4.239448420264798623e-01
1.482491197558896134e-01,-3.060001476778156926e-01
-2.062623568316310219e-01,1.096731482111753531e-01
-2.082587220089855973e-01,4.582101018617065202e-01
-3.457587536586114729e-01,-2.050694482783573802e-01
3.413509651946518009e-01,2.444375779515864933e-01
-8.534263460182850425e-02,1.212337472471362032e-01
-1.459702229826886355e-01,4.458738621266781221e-01
-1.971751070894168373e-02,-1.446742395313549423e-01
1.447901938039686809e-01,-2.127989612426128829e-01
-9.923346018241664679e-02,4.686212715267726869e-01
6.427631141119555247e-02,-4.170731143682204767e-01
-5.817364119478415918e-02,4.570809624090506063e-01
-1.883212613467242502e-01,-1.574932736964664848e-01
9.749951279743521160e-02,-5.899320211208869402e-03
-5.188542063574684560e-02,-1.445399338149132573e-01
-3.368378912793767999e-02,-6.776977415357099410e-03
1.703146383479225701e-01,2.557898651695301728e-01
2.876566370991612276e-01,2.455260137693776601e-01
-8.192253493939362363e-02,-4.741365520308838954e-01
1.319132706628450835e-01,-1.489356495118326906e-01
-3.377252019619692569e-01,2.828940697495941903e-01
-3.006650501484215976e-01,-2.451405224935202520e-01
3.151432695580348442e-01,-3.327370854665121502e-01
-1.977396941938111274e-01,4.055447648349564949e-01
3.357929044531979268e-01,1.362594251857482952e-01
4.559347708451948200e-02,7.302275080679276886e-02
3.052596802326491554e-01,2.324589620711402516e-01
1.945460509858091269e-01,3.781884684969601951e-01
-1.238684707226583859e-02,4.750105603705500057e-01
1.703522482222224466e-01,-2.531110513547847329e-01
3.234868456885710564e-01,3.008431039539857244e-01
-3.183257255355121385e-01,3.551690814348977820e-01
4.437921395877796049e-02,1.367758929136098089e-03
-5.925484279843837992e-02,-1.512624090841198088e-01
-2.014399109350265005e-04,-3.722139947842680874e-01
2.580336883091079447e-01,3.156550437526572939e-02
1.413487102658042560e-01,1.188864932470444780e-01
3.472185590119847287e-02,-2.789864391038646696e-01
8.826637242320062304e-02,2.295965586931243418e-01
1.332681516498988028e-01,9.340814138614239592e-02
-1.055926254745129800e-01,-4.401375587106411968e-01
5.563257898461265727e-03,4.545343038005569269e-01
2.739291138602092390e-01,-5.546137450463051177e-02
-2.999069998833295836e-01,-3.688667145615479592e-01
2.022360852152789989e-01,4.469088103150332669e-01
1.083890021889039740e-01,-4.663654906809485690e-01
-2.237942590780328533e-01,-1.736529829581288098e-01
3.581245520363568469e-02,3.548820918350344966e-01
6.777815307397694333e-02,-1.707668376157921442e-01
-3.615467074363788724e-02,4.359061777430131013e-01
-1.230391934187253372e-01,4.689230118359968280e-01
-3.195634317922520923e-02,4.117959923348711859e-01
1.841896342916100049e-01,2.737068201568871872e-01
2.358964155107950711e-01,3.723950343765102255e-01
5.707637154075621139e-02,9.273029681200239960e-02
1.544681538735750981e-01,2.690717568925768965e-01
-1.848228220357461260e-01,-1.073283955803587819e-01
1.363268536963407884e-01,-4.350370519186825824e-01
1.061143105111788804e-01,4.739173367016332739e-01
-2.265085983961376004e-01,2.006519559893836790e-01
3.368540739504918835e-02,6.214678006711482627e-02
-3.041010163523856225e-01,3.767859989867957671e-01
2.690648738255690398e-01,-4.898802233373811266e-02
1.042404833366063349e-01,4.413701896760557908e-01
-3.400825388494006507e-01,-2.942200810570853031e-01
3.197905755879540401e-02,7.489419120578555411e-02
-1.942290667715828312e-01,1.315446875163014395e-01
2.627188901451474878e-01,3.833981477700398877e-01
-2.805493796244712401e-01,-2.373062183466664310e-01
1.605242949790742779e-01,-4.493663839984953778e-01
-2.050835418794915155e-01,2.772868270714318184e-01
1.457914924543455559e-01,-4.627405900767829205e-01
-3.342352582965788521e-01,2.096834607769560987e-01
1.835039806074638402e-01,-4.410162521417435588e-01
1.012941315387597824e-01,2.662694487439647428e-01
-1.642799818724647587e-01,-1.086270688723636191e-01
1.382705808883654963e-01,-4.525531870169520188e-01
-1.652935760409259269e-01,3.627569475101184437e-01
3.306950885418182828e-01,3.062630118741581642e-01
2.992258972749613499e-01,-2.916035930172049540e-01
