2.554687260000005,7.07057571
-11.479656210000002,-2.44316434
-24.496713629999995,-7.3649311
27.4094944,0.633457
-57.16546629999999,6.11522531
23.61157226,-12.34231662
-43.48486327999999,-12.90916442
26.27210807,9.34813404
17.825006480000003,-5.84959268
-59.757995599999994,-3.40451812
-26.318361279999994,-4.8849864
-35.89411162999999,-9.54143428
29.192277900000004,3.44120073
-33.86520384999999,-6.67705059
-37.30493926999999,13.11160373
-40.06369018,8.49903583
5.2443766499999995,-1.79381549
-3.951277009999995,9.1631174
2.389885420000002,-18.49708557
22.55529975,7.82679796
-39.53390501999999,-9.91003131
8.254771230000003,17.65691375
-47.40634154999999,1.70946419
-37.92919920999999,9.22016716
-29.04419708,4.43851661
1.5070736400000007,10.31144142
-2.0682392099999998,0.21041309
14.82933425,-15.20799446
-25.41082954,15.79934692
29.492727280000004,0.75199466
-56.69990538999999,-6.32211589
-40.736961359999995,-9.02142715
-32.369915,11.65512371
-8.559881209999999,19.34363174
15.386162750000004,-9.81892204
10.030039780000005,-8.1129198
-0.4888167299999951,-7.78403568
15.180538170000002,16.49339866
-7.17774105,2.14339447
-53.61888121999999,7.20683956
-19.951690669999998,5.9594717
-39.401222219999994,9.12949466
18.477922440000004,-10.07472991
7.035257810000002,18.38529396
-14.615428919999994,13.25162696
-34.28063201,-13.53002071
20.937307350000005,14.31849479
5.20911979,8.79888153
-52.583747859999995,-11.5151062
-55.31573485999999,8.50728893
-19.98482704,-16.11525344
-16.14805603,8.7889347
28.645557400000005,-4.60063552
-26.526632299999996,-10.14682579
17.583715430000005,7.60421657
19.733417510000002,-14.99553394
14.129626270000003,-14.32834053
-29.61471748,2.0570302
-49.86289214999999,7.32787942
19.823425290000003,-13.12668895
9.0958395,-10.16541099
16.966032020000004,11.61499118
-28.76731491,6.26672983
-26.1244297,-15.59333324
-22.611179349999997,-17.37914848
-55.829315179999995,5.2913537
-16.652461999999996,-18.23440933
-61.68443297999999,0.96853083
5.443939199999998,5.33506536
-37.48013305,-5.76774883
9.32234096,8.78461647
-18.708497999999995,18.22912597
17.14726066,-15.34546089
-14.183932299999995,-1.01217687
-36.44644164999999,11.99490833
13.333683010000005,-7.06358766
-29.9052124,1.66592645
-31.883329389999993,9.56403636
-26.76168251,-12.57609081
-38.505287169999995,-12.87185478
6.938164230000001,15.85912036
-3.6418104099999966,-18.26889038
-34.99683379999999,-11.44880962
23.676557540000005,11.57641506
11.806101790000003,-14.76470947
30.954200740000005,1.735448
25.56607627,-8.2491436
-26.79551696,14.62923526
25.06814956,10.48075485
0.32144570000000255,-19.35091781
28.66647529,-3.12750244
17.545591350000002,-11.55340766
-0.5721135699999959,16.03247642
19.568773270000005,14.87106037
26.090570450000005,5.48745727
26.191785810000002,-9.21795368
-11.11469173,-2.59233498
-54.91551970999999,-0.54398089
-29.7741394,5.98702144
5.178669449999999,0.45230111
-12.880591389999994,-10.6891222
-32.3197937,-12.22231388
-5.932258119999995,-8.10745143
-12.04030704,-4.91177272
-35.13855742999999,-13.74373722
-38.963958739999995,7.54039764
-17.052066799999995,-8.90555763
4.9746232,-3.93129706
9.634593010000001,-18.27772331
-27.466632839999995,-12.68700218
-27.31296348,8.393507
-17.728872289999998,12.04507637
20.81505394,-8.73323631
-37.719978329999996,-9.72172451
25.173620220000004,1.17314457
-42.865539549999994,-12.42747211
5.7773509,6.45294761
-0.10518424999999544,12.18700599
-12.096765510000003,4.40605974
25.65481567,-10.07487201
-55.10105132999999,-5.7279973
29.162071220000005,2.50158977
-52.63596343999999,11.40830707
4.230668059999999,1.71704185
-13.66433143,7.64152193
16.966064450000005,-13.31311225
2.9367666200000015,-15.69361019
-13.261285779999998,13.84456062
-6.917135709999996,16.48426437
-5.88815355,3.66933727
-30.7106781,12.54076385
-54.81059264999999,-7.80129575
-43.072471609999994,-12.23305702
-11.03336811,2.59648847
-5.926414959999999,-5.66819095
-11.752319330000002,-2.40962147
-42.86519622,8.89239883
-27.890695569999995,-15.58734703
20.79852294,-14.38158989
-57.08841704999999,5.60957431
-15.30560302,8.50026416
24.67908477,-6.29854297
-5.787049769999999,-9.98603057
-61.43659209999999,-2.38756012
-37.37567900999999,-13.27234363
-16.265995019999995,17.4010353
17.862659450000002,14.13947486
-56.74623106999999,-6.78739166
-23.589733119999998,10.57093429
-14.318985929999997,17.58769989
-9.75377559,-4.75650596
-35.128128049999994,11.79348659
-6.949653619999999,13.78086471
4.14701795,-7.06153965
-50.27257536999999,-0.55168628
-53.371116629999996,10.42623043
27.65958786,2.17821312
-21.180442809999995,-2.33147382
24.28813552,-11.76194381
-12.33965492,-5.76526546
-37.33947753,12.70095539
-25.90300369,-11.61439037
-19.02999496,-13.27703857
-5.295342439999998,-16.19829368
24.99580764,4.57733154
23.09223556,10.5769062
-43.90242004,-9.14178466
-20.38122367,16.12691307
-35.132835379999996,-11.72180461
-39.031806939999996,-7.11886215
-47.740875239999994,-13.21351528
21.99174499,-7.68777227
-17.2860527,-9.0226736
-20.34036064,17.46752166
-6.2180271099999995,-7.41229009
23.62187194,12.40022373
-6.3380412999999995,-14.02762126
-62.52306365999999,-0.50758737
21.09868812,-9.29329586
1.6876969300000049,-5.99432325
-36.02798460999999,10.94788646
-1.452272649999999,13.63986015
3.2481255500000024,-19.01805114
-12.060848230000001,4.74900531
-23.840389249999998,-15.2119503
2.8541538700000024,19.07224082
5.031854629999999,-0.26633453
-35.21919249999999,8.07783794
-14.16243457,-7.66852188
-46.28507231999999,-12.40086937
22.84595489,-6.87798309
-31.66309928,-3.60768604
-55.598403929999996,4.54408741
24.17036819,0.61626261
-17.41915512,9.50094604
-19.185853949999995,18.27080345
-35.21736907999999,12.2486124
25.59737396,3.38085937
-30.782470699999998,-13.1302433
14.385487550000006,3.94907975
25.12291336,3.36276865
27.83378028,5.63747549
21.660266870000005,-6.33490753
-39.17430113999999,12.36332321
31.422849650000003,-0.40941846
-3.112119429999995,-0.79384833
9.363311760000002,16.45459938
-9.575661649999999,-12.22943687
-19.05389213,10.09910965
-7.80172824,4.05129718
-36.865867609999995,12.31668186
-32.67372130999999,6.64074754
-36.269424429999994,13.27603054
-4.658507339999995,1.97e-06
-14.585772509999998,-15.46728992
5.87489604,-7.6816039
-13.75841236,-8.46331787
17.813304900000002,1.10874605
4.59887218,5.83562326
-43.221733089999994,-4.876688
-20.88381767,11.90821456
17.359449380000004,-10.54027271
23.384170530000002,-10.17666435
2.138387910000005,-9.16288662
-0.9371775899999971,19.37167358
-49.196029659999994,12.82871818
3.60077285,1.90945327
11.60842895,-11.14927959
-28.137767789999998,9.8480072
-54.749259939999995,2.37266802
-48.04766081999999,-1.85975694
-18.72487258,-11.53236198
24.87955665,10.34355449
-30.83203315,-4.93476867
-3.5424508999999955,15.48927784
18.021308890000004,8.61220359
24.83882904,-1.03755343
-40.26682281,2.84221506
16.25913047,16.01552772
-1.5419042099999996,-3.95585632
1.7125940300000042,14.17018222
-21.437961569999995,16.0363655
-9.298962589999997,-19.41460228
24.941381450000005,-7.55160808
-6.544982429999999,-10.8630619
-38.40032958999999,12.54010772
-11.20103836,-1.27210307
6.800311079999999,6.36334276
-38.83043669999999,-9.05720615
-23.29248809,-16.79393959
-11.3689394,9.30309104
-30.00415229,-4.1752057
-15.126502989999995,-0.62617993
3.92333412,6.91579055
-1.6290095999999978,19.10658264
12.78260135,-10.83746624
-14.735022540000001,7.85499858
-3.8807783099999997,6.35398197
-8.60607147,0.69577157
13.372533790000004,16.20620346
3.808539860000004,-16.64440345
-42.85500335,7.01544666
22.27586174,-9.20744991
19.920713420000002,11.70004463
6.523376460000001,-11.79924011
24.898628230000003,-8.01054859
-5.192344179999996,15.24559688
-10.19585609,10.54382038
10.938117019999998,9.01661777
-8.87720298,-3.65719032
1.8057241400000015,17.24633598
-2.9073455299999997,-2.59330153
-36.00502777,-12.75038242
-26.67712211,-12.23182487
-29.92350006,2.44525551
8.153268810000004,-10.93698787
3.0023846600000033,18.70828819
8.00411701,-8.64121913
-28.17499923,-6.6175394
20.888921730000003,-10.19345188
17.56448173,-9.77460479
10.821722980000004,16.65720939
13.39911079,12.22973918
5.025781629999999,0.61665099
-50.70871733999999,-3.53588628
3.2570147500000006,-7.07568264
-15.193775169999997,-17.78120803
-34.399665829999996,8.13730526
-45.042510979999996,13.02908706
-29.63606452,3.06491184
-21.04772377,14.6733179
-12.962775229999998,19.14931106
-52.80557250999999,-10.98495864
26.77372169,-5.48287344
7.231167309999998,6.90105724
-8.69261264,0.00010743
13.935016629999998,9.60658264
-11.59201908,6.62645006
8.385126110000005,-1.18872535
-9.71198368,0.64288544
-48.178810119999994,6.75764417
16.373592370000004,-3.69446539
-15.334725379999998,16.72508812
-48.63726805999999,4.81260538
-4.417671199999996,-12.28404808
0.6129451900000048,-9.17986774
-52.037796019999995,6.12844562
-15.749880789999999,15.93684959
-10.15525436,5.44104814
12.94869422,14.72504901
22.63369941,-13.28605747
-5.298931589999995,15.71722221
-45.608970639999995,11.89299297
-40.32688139999999,-12.00053501
25.2806034,-6.84445381
-62.17134856999999,1.65341424
1.0100343200000004,7.03289413
-17.078920359999998,1.46424317
-50.758567809999995,-8.54084014
-12.264360419999997,17.53847503
-31.11259269,4.49380111
-7.168678759999996,-19.14848899
-15.92957019,8.74636364
-32.36846923,-0.4787352
-44.06476593,0.28927627
-5.35054588,-0.41067469
-0.5359009499999997,-3.18913936
-16.105499259999995,-13.19549369
-19.00275421,-17.566082
18.592578880000005,-10.64365673
21.25894165,-14.26820564
-54.389312739999994,-9.03235435
-32.25698852,1.77883076
3.7882141999999983,-2.40756726
-4.766470899999999,-8.46241474
2.8739938700000014,14.67392826
-29.20639419,-5.09453296
-31.622446059999998,12.12429428
-53.00497435999999,-11.16665267
28.16258812,-4.2896099
-63.78165434999999,-3.0530169
4.78700447,9.25529193
5.6148190499999995,4.06804847
16.6103363,-14.88056278
-56.50299834999999,-5.24591589
-47.517044059999996,-13.16572189
3.896578309999999,3.02442622
29.120355600000003,-3.03424501
-32.59429931,-6.03729724
-38.58506773999999,-1.59769368
23.85983276,-12.21675491
-1.0933809199999969,-19.26162719
5.443498609999999,-3.695086
-23.02472686,9.56058788
25.223520270000005,-6.16179227
-51.00385283999999,-11.24888038
-16.80434417,-9.2364254
-25.610671989999993,4.52648448
-62.91841124999999,1.54931461
21.428302760000005,-13.66334724
-31.26748657,-1.43143332
4.77222061,3.4550507
27.10712051,-7.88392591
19.955316540000002,7.13469934
-62.034996029999995,-1.57368516
-25.92963218,-9.6695919
-27.353721609999997,-11.69639873
-29.366884229999993,-5.27336406
-22.78324127,-14.79771041
-31.478218069999993,-5.24533128
-41.233543389999994,-5.8171091
-30.897312159999995,14.92882251
0.7461471500000039,-16.81821632
-36.37113952,-13.03509426
-10.73291397,-1.51845598
8.011323920000004,-16.88245201
26.92377662,-7.94292688
-26.992555609999993,0.94679164
24.733922950000004,5.37799978
-62.338623039999995,-4.94532299
-16.040794369999997,9.89299392
-10.49366283,-5.68e-05
-50.22489165999999,12.81206035
19.17457771,-9.53937244
27.31901741,-7.23620748
-40.01235960999999,12.55919647
-9.392115589999996,15.57025814
-15.009638779999996,15.62633895
-57.36314391999999,5.8930664
3.9495091400000004,10.02874374
4.772644039999999,-1.15620386
20.720046990000004,2.64773678
-10.880724899999995,13.53519153
-4.083055489999999,-6.32768678
24.46151351,-11.58738899
-34.79845428,-13.66809654
17.345516200000002,-13.46221542
-23.5981903,16.75571441
-27.88749694,6.85436248
-17.14337348,9.40314102
21.889308920000005,-9.8085699
-29.79954338,5.518e-05
-53.639305109999995,-10.39555263
-61.977455129999996,3.91666197
-1.2277079799999966,18.79449653
-61.671028129999996,-5.20816564
-6.662637709999999,6.17755413
-33.818664549999994,10.80973815
4.488811489999998,4.03531837
-26.620294569999995,10.28298378
-32.556640619999996,-13.99525547
-27.70323181,-7.66131687
6.237633220000001,11.74059581
-21.81728935,10.02830028
10.291527740000005,-5.42175436
4.727975360000004,-17.57842254
-61.271202079999995,-3.75090289
-33.3208847,-11.29481792
-48.35326384999999,13.34369564
-36.837890619999996,-2.66853046
-42.878311149999995,11.91219139
-40.21586607999999,-9.97143173
-30.191101069999995,12.76423263
5.4696855499999995,3.40172863
-57.32475279999999,0.53972858
-41.754425039999994,-11.52492904
-29.77198599999999,-3.23150253
-46.25676726999999,-8.92831134
-42.965545649999996,-6.7092843
-14.69642829,-8.98956871
-13.594493859999995,-6.16470193
-27.565479269999997,14.97751903
-30.34431457,0.63174301
-25.811407079999995,16.80791282
-42.75269316999999,-0.97430878
-38.385154719999996,-9.50304222
-3.9871418399999996,-0.34921544
-20.584653849999995,11.50736236
-35.96137999999999,-11.86657142
-8.2235527,-9.79169082
-34.95388792999999,-11.91140461
-40.86400603999999,12.99104499
6.182258120000004,-17.06058883
-18.67906951,16.94514274
-7.284949779999998,-18.43409538
-8.432424539999994,8.98506832
21.49642372,-13.97091198
-6.440566539999998,-14.90528965
-55.59419249999999,-3.72884392
14.039428710000001,16.88080406
23.70334816,12.23115825
-10.97072506,2.59587526
-23.723352429999995,-11.94424629
-14.260275839999995,-0.57150304
-18.94480896,-13.3951683
-39.081344599999994,-9.81873321
6.2309207900000025,-18.71604728
29.741537090000005,-2.52489423
-29.324234,-8.86972522
-14.280590049999995,13.47791671
-27.41892623,7.61738634
28.342985150000004,4.37588262
-25.05413627,15.59931182
-16.34647369,13.22676467
1.195967190000001,13.74373817
27.398151390000002,-6.81789207
0.9445484800000017,17.31161689
-43.781043999999994,-12.58646392
-45.582748409999994,-5.42155933
-11.829495430000001,-2.72985744
-35.811767569999994,-11.89051342
-38.507217399999995,5.75873994
-27.76807785,-7.48006153
2.7869911100000015,16.80497169
-47.11810301999999,4.18636846
-18.045124049999995,18.51544189
25.0949192,9.93905544
-36.540679929999996,-12.00083732
-59.573051449999994,-4.49538087
0.47609496000000495,6.70222806
27.049007410000005,2.7112317
-42.56729126,9.91538906
-18.59901046,-17.57489204
10.901455870000005,-8.36037159
-61.91827391999999,-0.39505225
-14.614954939999995,-7.93962097
3.992144100000005,0.47034779
-1.4074268299999992,-7.27187824
-31.0110054,-12.62036037
-10.8428812,4.12306594
-30.20882415,9.19668197
-5.409166329999997,19.42403411
-0.028555449999999507,-6.19101047
-26.677709569999998,-7.82385063
26.658092490000005,-8.74744033
-29.216272349999993,6.56568622
-17.897293089999998,11.20287513
-45.63378142999999,9.34348487
9.955059050000003,-15.60677623
24.06602859,-11.31703853
9.568556780000003,-18.0774765
-4.66594886,1.9843043
-18.484472269999998,-10.12583255
11.41080379,10.47308826
-43.739807119999995,12.89863205
24.13439559,-11.75535202
-4.093076699999998,19.23893928
-33.53651427999999,13.76008987
-60.83092497999999,0.86278682
-35.02639769999999,12.04997444
-0.524536309999996,16.65582084
-38.023567199999995,7.54036855
-11.830714219999996,0.87428277
-0.9643323999999951,7.79285001
18.210336680000005,-3.40065312
-8.525907509999996,18.8742485
-27.465717309999995,-16.28293609
-34.54886627,-12.13420581
-35.50753783999999,13.54136371
-49.350288389999996,-11.84308242
4.677850240000001,-14.5523796
14.20409774,-12.7198162
-17.0812149,12.54403972
-14.64869308,8.00034046
-32.84525299,-10.89823246
-15.73533916,10.43901348
18.95942497,-15.4537754
9.985080710000004,12.3032341
-48.12293242999999,-0.65631622
5.280105589999999,3.63167357
-2.1259565299999994,0.47562453
14.561137190000002,-17.06200408
-30.394701,-2.03049635
-38.15405272999999,-7.66846942
-41.31612395999999,-7.20878219
-27.34796333,-7.65250682
-33.2009201,5.75779581
5.53249263,6.97637081
22.613111490000005,-12.32291793
-10.64874744,-1.98227071
-62.250373839999995,5.00726842
1.976086850000004,15.51793098
18.964262000000005,-0.25781267
-59.517448419999994,3.02751207
13.864138599999999,10.3546772
-3.760329239999995,-4.59735965
-50.926254269999994,-11.90886783
-34.09114073999999,-1.30778253
-63.458793639999996,-2.87732529
-37.55177307,-9.34843921
-56.66603850999999,-5.58665561
-42.20246123999999,-11.94908237
4.941805840000002,17.23497581
-37.72904204999999,5.14157581
1.7294144600000003,2.46679353
-31.004405969999997,-14.94054698
-52.12685393999999,-9.60488987
-11.11262226,2.35015773
18.210927960000003,-15.82112979
-35.69709013999999,11.40547561
-4.211348529999998,19.34490966
-44.13426970999999,3.34673214
-21.372076029999995,16.56532859
-28.797101969999996,-10.02501487
-29.87610434999999,-6.45571422
-23.04512596,16.03191375
-5.7246966299999995,-12.33430576
2.679283850000003,18.64953422
26.0394001,-5.26652336
-27.953348159999997,13.41490554
23.30273246,12.68840313
-17.67115402,16.27983856
-17.585769649999996,18.26072692
21.986909860000004,-5.87741756
-40.089385979999996,2.68327236
-31.157127379999995,-14.98689651
28.24563026,5.51529979
-14.793826099999997,-17.04325676
-23.2393589,-16.73905944
-4.547505369999999,9.18649864
-42.24638366,-6.45385599
-16.45526123,17.46034622
-37.23921966,11.10649585
-8.11335945,-0.2009029
-29.22945594,5.57419014
18.1346569,-9.96041393
29.952585220000003,-0.22242894
-38.190429679999994,0.50724607
16.391084670000005,9.10113811
-36.81484985,1.90414214
9.618671409999997,-8.7043972
-15.274205199999997,-13.58948326
-29.682901379999997,12.49965953
-56.70772551999999,0.79635018
-30.50395393,-5.04217195
-32.53584289,1.30713963
12.502735130000005,-2.69603037
-41.277366629999996,11.87771415
-29.610662459999993,7.90291357
-39.28800963999999,12.63935279
-19.386659619999996,-18.14265251
5.766026489999999,4.50041246
3.684885500000001,13.41786861
5.5933723400000055,1.11941695
-48.981132499999994,-0.80613768
-34.13957976999999,8.99978733
9.86405468,-15.27123165
-28.240583419999997,-15.9284563
10.813081740000005,3.32232618
-50.69598387999999,-5.82766199
-33.27285766,-4.36280012
24.559661860000002,-7.46746969
-39.180969229999995,7.86907815
13.386110300000002,17.04021453
-11.332614889999995,3.3859651
-18.866720199999996,-2.72172498
-12.874349590000001,-5.6730318
-11.77852916,4.2186079
-9.8641119,-2.04367065
6.032341480000004,-15.48703479
-52.67955016999999,2.5190413
-26.77492904,-14.217947
15.022115700000002,16.70648765
-54.22793578999999,10.01244354
-38.32840728,-0.28350034
-34.36752318999999,-9.95922184
-29.72729682,-7.64286518
-42.08094023999999,-12.54417419
-53.708450309999996,3.94095754
0.9427757200000024,-19.26689338
-36.65070343,-12.27612876
-41.710052489999995,11.05415248
-28.60332298,-10.25613689
-9.702969549999999,13.35786819
-59.56922148999999,-3.79046773
28.686714170000002,4.31581449
-24.82731628,-16.28052139
0.3661530000000031,-19.04774856
5.6250662799999995,4.785645
14.05823135,-16.10328102
0.5496162100000004,-3.46188139
16.848730080000003,15.7531414
-28.12455177,-7.4161396
-8.142665859999996,-16.6715126
26.246351240000003,5.14885711
16.3297615,10.78696155
-57.410949699999996,5.2669692
29.620113370000002,2.24462151
26.71689224,-8.50760555
-8.037640569999997,-18.86199951
-9.19840145,6.2613554
18.60597038,15.76513958
-27.367603299999995,10.37685489
29.352708810000003,-1.56522035
-54.87625121999999,-4.30745267
-50.41826628999999,10.08174896
16.029703140000002,-6.41289424
-3.234624619999998,-16.83183479
-35.83510589,-4.66884231
12.752158160000006,-6.46802806
-49.704017629999996,-10.77984237
6.441929809999999,6.27588653
-3.631683349999999,8.77670955
-12.66425228,-6.28445434
-1.0519455599999992,-11.38226795
7.904006000000001,16.3259201
-35.18054199,-13.67782592
-44.28517149999999,12.97694778
-19.52734184,-16.11716842
-4.98700666,2.5825665
-7.111235609999995,10.44365978
16.681165690000004,-11.84716033
-19.64488601,-11.55687427
-38.14165495999999,6.31997346
10.14399623,-12.54690742
-31.52827644,4.40922927
-37.51850891,-12.73429584
11.3418293,14.59002494
14.949090000000004,-15.57151889
-31.23967169999999,7.96028518
-0.3916419999999971,-19.32707595
11.92249107,-12.45809173
-45.879768369999994,-13.50231647
25.257892600000005,7.03521823
5.188619130000003,-18.45106506
27.399553290000004,-3.15588927
26.425779340000002,-8.36238098
-25.163335799999995,15.35178184
-3.433486699999996,16.63411521
25.22402381,10.21976852
4.50930929,6.69367933
-5.444524279999998,19.44788551
12.83042049,11.67943191
-59.695243829999995,-3.07192325
-29.824068059999995,-9.0845766
-23.28107833,15.73805332
25.506477350000004,10.36427879
-37.425041189999995,12.15759658
6.994424820000004,11.05390739
-5.171483509999999,-5.11362743
-28.72722816,5.34196949
-32.27467346,0.33821877
-22.389570229999997,4.95544576
10.669496529999998,-9.36201477
-5.532823559999995,-15.55618095
-18.440156929999997,8.55830383
12.71087169,-14.831707
-64.25228118,1.68610155
-11.243715279999996,-17.37488365
-19.29407501,-9.56217765
-40.06536865,8.89945602
-3.0520496299999955,12.35325431
-41.71611021999999,-7.54247856
-2.176115989999999,8.77682399
-49.187683099999994,12.94359684
-42.43229674999999,8.922369
-28.46645927,-5.77449369
-34.40472411999999,-6.04164171
15.235685340000002,-17.00477981
-30.4775753,-1.15899586
10.572471610000003,17.39093017
-10.989953989999998,-11.84773731
-11.906916609999994,-4.61151027
-24.826366419999996,-16.7462387
-11.23586463,1.58124458
8.481093400000006,8.15557098
-11.752478600000002,2.40962243
24.365270610000003,-1.83145737
-20.85415267,-10.36170291
-38.16864775999999,13.03713417
12.189895630000004,-14.96391868
-30.936964029999995,12.63615894
-40.62547302,8.38852787
-13.304800029999999,-18.23973274
-60.45005797999999,-3.91487836
26.106245040000005,-2.30745983
-32.744300839999994,-3.12685346
-56.11492918999999,-7.31836128
-17.96254158,12.99733543
-13.691496839999994,-5.78760385
-28.105266569999998,12.39647579
-36.6840744,-8.50087451
-35.108528129999996,-11.08261203
-59.97122954999999,2.04463911
26.69422149,-7.88975143
2.1426680000000045,-11.35158634
3.1235287100000004,-6.69376134
-49.60368346999999,3.63772606
-16.91619873,-8.89973926
0.2327440900000005,-6.44715023
-31.24180221,-3.51806497
-34.257514949999994,10.90972042
-21.09962844,-14.11554908
-13.888369559999994,-8.59236526
28.738842010000003,4.30071115
3.97908449,5.55637073
-43.405464169999995,8.72948646
-60.65225218999999,-3.70879864
-22.963212959999996,7.07279062
5.815392489999999,4.629354
-29.68011474,1.37822663
-5.826252459999999,7.19834232
-9.77008438,-3.74115395
-14.714232439999998,18.21431922
-15.496749869999995,0.91571039
1.4361617500000003,7.93910217
-22.084650039999996,-11.41687583
-43.71620178,0.59067529
6.259312150000005,14.51977157
-32.533432,0.69237089
-43.038803099999996,-4.31715774
-48.88166808999999,4.77436399
-37.30983734,6.20825529
-29.19226455,11.31092453
20.931295390000002,5.29109239
28.07999992,-4.80673503
-30.96012115,9.163e-05
-7.423439019999995,-0.48297658
-28.67458915,-8.64447784
-15.308239929999997,-16.47857856
13.71016502,-11.23573207
31.604551310000005,-0.46026128
-54.404830929999996,-6.76594305
-35.49673461,3.02203989
11.311490050000005,-8.7562828
-15.403254499999994,-3.8362503
12.413792610000005,-6.45185852
-55.00892638999999,1.17153537
-28.01821136,7.76164102
-41.06034087999999,11.85025596
24.09836769,-8.75073814
-42.89873503999999,11.89274025
-58.22848509999999,-5.1070919
-11.11450195,0.33293342
-5.94356632,1.74495756
27.567201610000005,-6.22010231
-15.41982841,9.01615715
18.01599502,10.53435516
0.7560001600000007,-8.66503047
-11.03882885,-4.85231256
-46.993461599999996,-11.76356887
-29.67821693,1.99407362
26.3281784,-9.27452182
-18.21977615,-9.27918434
21.24424743,11.48512172
-12.63561344,-10.30976867
-23.582769389999996,17.30541992
-14.492552749999996,18.5238533
11.71274948,14.87280845
-0.6166828799999993,10.03691482
-1.7521257399999997,4.64180612
-61.354545589999994,5.2608242
7.42144107,9.42219448
16.81061172,-10.19587993
-53.18981169999999,-10.99958801
-42.906623839999995,-12.12628173
-29.19216728,-4.3671627
6.551665300000001,-12.03696346
-57.08590697999999,6.15201234
-50.12051390999999,5.8312025
28.30539321,-5.24523592
21.58763885,-13.49239254
11.741608619999997,-9.01458263
-19.07818031,9.6528902
-53.487876889999995,7.17230987
-40.120834349999996,5.76197814
-23.690795889999997,7.6385622
-11.420330040000001,-1.07319533
27.372512810000003,6.75710725
-31.928121559999994,3.13999867
-11.45674228,-3.7840321
7.379576679999999,6.76285266
-12.105115889999999,-19.22037124
-40.71524047,0.82639741
-19.25904655,-12.64586639
-44.80536650999999,13.0216732
-37.803619379999994,-9.53870487
10.53689289,-9.55382728
-11.93571472,-5.04834127
14.653881070000002,17.17205047
-24.865684499999997,-16.44572448
-26.57015991,8.58476448
-39.48549651999999,-12.38504409
-38.233108519999995,13.25384712
19.373437880000004,-11.69184589
-36.60961150999999,-10.4311943
-0.836245349999997,19.32464027
-45.78546141999999,-7.23416566
-54.75573729999999,8.27341365
-35.73886107999999,-9.142807
-38.26799010999999,-10.23592186
-28.92577171,6.57572031
-12.69084072,11.76153564
-12.723065370000002,-5.37139892
-18.856330869999997,18.38498306
-31.040861129999993,5.473073
27.629779810000002,-5.22851657
-54.90283202999999,-9.20756244
24.57418441,11.09657287
-20.236387249999996,-18.10990524
-12.353336329999996,18.65880394
24.73664283,1.60330498
30.017833710000005,0.21540914
-39.69570158999999,-3.23311114
5.712047570000004,-17.72574424
-12.952675809999997,-18.98231887
5.832237719999999,-4.78783798
0.2684558600000004,4.23920393
14.79410934,13.5540142
2.478938100000005,-6.20471477
-38.22845459,-7.33678054
-63.962898249999995,-1.66286122
24.4539299,-10.27140426
-12.880579940000002,-5.7408986
-14.086762420000001,-7.20035886
-35.24813841999999,6.86837768
6.9950437500000024,-18.08334732
14.256023400000002,16.31562042
11.005797380000004,16.850214
25.69085121,4.59004783
0.48664450000000203,-18.95578193
0.17455220000000032,-3.28314399
-36.82524107999999,-12.97327899
-35.53771971999999,-11.23843383
-33.70854186999999,-9.22648334
-21.27335929,-13.39997673
-50.56015013999999,6.44082355
-38.611762999999996,-10.2253313
22.19749832,-10.05972576
-8.333119389999998,12.18187713
24.446943280000003,-10.87931537
25.08171463,10.92090988
-54.90895842999999,-8.41119098
-33.67232512999999,4.60886812
-24.007692329999998,-6.5718832
20.17939186,13.02759552
-41.63800811,-6.82809829
25.19228935,3.44523477
-0.9095257499999985,16.27383041
-20.818107599999998,5.90349006
-6.538465969999995,-15.94703674
-2.829102269999995,-6.59729051
-31.238967889999998,-11.27402019
-17.0850296,-14.16063594
19.44404602,9.31025028
-7.034686079999998,18.66596031
13.160559650000003,9.89581298
24.803794860000004,9.55458545
16.479524610000002,-15.96817016
-33.728805539999996,9.53742694
-53.616149899999996,7.97123003
-40.69054412,-10.86034584
-10.581585879999997,17.20991706
-11.737195959999998,18.0444374
-0.9102634099999991,-10.5171566
-34.24257659,12.64943122
29.318918220000004,1.99792468
-46.85827635999999,-6.40549516
10.994020460000005,-5.72548246
3.4049782700000013,14.67350673
29.101043700000005,-2.91788601
15.706035610000004,-9.43673706
28.593591690000004,4.66966056
-42.42430114,2.45420479
-9.554236409999994,2.63492274
0.250475520000005,4.9218688
9.552444450000005,5.69575643
7.8084850300000035,-14.75123882
-42.72641753999999,11.7425394
-10.808064459999997,14.54339218
21.27717971,13.43691158
-41.65375517999999,-11.83403205
-39.26354979999999,-12.37775325
-27.13820076,7.94056797
-54.709533689999994,8.03062725
17.494209290000004,-15.72711086
25.62384033,7.87033462
5.6671624099999995,4.1713829
-42.01249693999999,10.85559368
-54.05984496999999,-7.81357336
-37.395004269999994,13.3520689
20.023283,-13.06626606
-18.2110691,12.83600235
6.930112829999999,-6.51197624
-33.345947259999996,-9.59910869
2.0154905300000006,-9.68235969
-58.02831267999999,-5.9697771
4.133092880000002,17.68969535
-11.772270200000001,3.67137885
-15.897563929999995,-4.13482999
-30.600242609999995,13.33310699
21.127025600000003,-10.16798305
-8.305720319999999,-18.85207748
-43.448387139999994,4.7969551
15.416883460000001,-16.97152328
17.214374540000005,-16.35901641
-30.39731979,-0.46869891
3.5127334499999985,1.48771154
-9.763061519999997,-15.84736156
27.604885100000004,-7.0168581
23.69141006,-8.35920238
23.473802560000003,-12.49145317
-26.041761389999998,15.98002338
-22.40415191,-12.53186321
10.581750870000004,16.61440849
15.237565990000004,-12.49622345
9.09829139,-12.15596771
-18.92619705,10.38556385
-37.43634795999999,-6.42703199
5.31268262,6.18284606
0.5912127400000003,4.85288715
22.14691734,-11.94348716
-25.65384292,9.25579547
-48.43971251999999,-13.27843093
-34.596580499999995,-11.36020088
-45.08222197999999,-5.18152809
-63.49706267999999,2.39941024
-10.11881256,1.90228891
22.09076499,-13.03038024
-31.16386222,-4.19755268
-22.075792309999997,-10.18413925
-22.28408241,-13.50971603
-53.73803709999999,-10.53676223
19.28859329,15.39723682
-49.54103850999999,-2.53608107
-29.81218528,-3.97670793
-19.67586898,10.7619791
-55.53044890999999,6.27978467
-9.38213729,-4.31601762
-56.04770659999999,-7.35150575
-2.5183145999999956,14.62564373
-25.48274421,10.53372192
22.310075760000004,8.08184051
-30.66287994,-4.96138572
28.19228744,-3.22891902
-10.861973759999994,-13.53918647
-50.44136809999999,0.59194147
6.26114749,7.11802434
24.846632,-7.09094286
25.3869915,-8.54244327
-39.28753661999999,12.74131202
-7.098456379999996,14.69948291
-44.91914366999999,-10.75194072
-7.344893929999998,-19.15584754
-23.66991043,16.30739975
-37.73937988,10.21711635
0.8251649100000048,-8.67743301
-34.42988585999999,-11.18195438
-0.26082908999999915,10.66445636
-54.841651909999996,-8.73633289
25.82198524,-5.72323513
21.48353958,-14.13828945
8.425294869999998,-7.73315858
-51.24114226999999,-0.79945552
3.6213741300000035,-18.22227478
9.575284950000002,15.99627971
14.93267345,-13.74266243
22.0736866,10.28295612
-48.20726775999999,-10.25419998
11.406064980000004,-10.37627506
-57.65798949999999,-5.52542781
24.69359588,-9.57481002
2.756448740000002,18.62456321
-4.382100579999997,17.07398605
-61.60157774999999,3.87258482
17.021875380000004,-15.62562465
-20.397695539999997,-0.90501612
-10.44168281,-0.85627675
-12.10211372,-11.10717392
7.011868469999999,6.99161529
-23.997625349999996,5.88870716
12.846191400000006,1.52060461
-27.64772224,-7.23925638
-49.30185698999999,5.24691629
-11.98452091,6.57650423
-13.852961539999997,-17.40702247
-41.48355101999999,-11.14999485
-25.91290092,-11.40250587
-33.20386504999999,-13.72184562
27.60365867,-1.77161872
-32.70350647,-3.55848908
13.446197510000001,-17.3871231
-5.2686505299999995,-13.76425552
-30.83203887,4.93528366
-34.047729489999995,-5.81904315
26.66542244,-8.49486064
-9.00744152,-8.20869159
-43.627540579999994,12.61879062
-15.143174169999998,-15.21428203
-56.619834899999994,-6.02569294
-28.73702049,5.75949144
-1.562256809999999,13.05955123
28.447481150000005,-4.80131864
-44.73690033,2.42756867
-22.329637519999995,3.99288702
-20.20708465,-9.82093143
-45.835479729999996,-10.87386608
25.00271034,7.94922065
-3.6466882199999993,-12.06759834
-4.2026352799999955,14.34235668
5.092518329999999,2.93290853
-13.132592199999996,-15.48351192
-24.163047789999997,-15.36177253
19.31781005,-9.43970394
7.449716560000003,14.82770919
30.345529550000002,0.12330462
3.248322960000001,16.19841003
-44.42427825,5.09967041
4.073185440000003,18.40393447
-55.16740416999999,-2.63348579
-55.81352232999999,-7.71906423
-13.854557029999995,8.36483955
-53.708564749999994,-10.50282383
29.421123500000004,1.78438127
-0.34047715999999967,-2.72340059
-31.89967346,-3.23648786
-34.47357176999999,13.8740406
25.407001490000003,-10.45785617
-2.165774819999999,12.79242324
-42.74445342999999,5.16140413
14.95621681,12.8108015
-22.61082458,-12.61602115
2.125014780000003,-18.76020431
-46.26974486999999,-11.97341156
-19.857027049999996,15.2256813
2.7763862600000047,10.7330904
-45.22864531999999,13.35380077
-11.662409779999996,12.27102375
-30.329235069999992,-7.73453235
-11.548324579999997,17.06388664
-55.728187559999995,4.61565351
-12.539028159999999,-17.38035202
-7.963780399999999,7.38331842
-12.115108489999999,16.49451637
-24.27436637,-10.82577514
-31.3310337,-6.967e-05
24.728490820000005,-1.50680995
1.4103314800000004,-6.97255563
-18.15208244,16.81585693
-15.655588150000002,8.5068016
29.344842910000004,-2.14112186
23.18453598,11.63452339
7.589678759999999,-7.16524457
-5.024474619999997,-17.12421798
-21.87419891,12.65594673
-11.961879730000001,-4.10005044
-43.935897819999994,-3.10673308
19.792425150000003,4.86847543
-56.89743041999999,6.28566741
-44.846717829999996,-13.08621597
-31.60645484,3.82515859
-30.52926826,2.47374439
1.7232730300000003,-4.93935203
12.886741630000003,-8.8270626
-33.01837158,-14.18666076
-50.03878783999999,4.53011035
-9.87767314,-10.48204231
14.23784446,-15.59941005
28.903745650000005,3.71947813
27.42486381,-6.07874202
-25.24184227,9.91258144
-43.336402889999995,-12.6889944
8.962774270000006,8.74444484
-32.57391738,-7.487e-05
-0.2824264699999983,-17.39837646
14.609309190000001,-16.92722129
-13.41871738,9.8086338
-29.39881324,3.10794258
-29.5242939,-5.06954956
23.504230490000005,-12.490242
5.9592656999999996,5.36126232
28.891635890000003,3.62048482
-23.64411544,-10.83095359
-54.45536040999999,8.4901371
-5.202190389999996,-15.42259979
-61.144508359999996,-5.34397602
-15.357764240000002,-8.22471714
-13.57491874,7.24293041
-17.363832469999995,18.56969642
-41.28542327,2.00651335
-35.95052336999999,11.6939907
-46.77146147999999,12.93570041
-15.449697489999998,-18.87629509
-13.54468631,7.4746437
2.8129608600000044,-12.17726421
-62.12452696999999,-5.03284692
0.018679140000000375,-4.00613308
-53.11370848999999,9.694561
26.872034070000005,2.70688319
27.21027374,-7.29873323
-64.62538909,-0.43029335
-20.896575919999997,-10.69692707
-24.539567939999998,-16.89134788
-44.34748077,8.62368774
21.833671570000003,11.83203315
-11.686966890000003,3.10101032
-31.226705549999995,-12.69946098
-20.826139449999996,-18.01897049
-7.103514669999995,7.83051443
-34.31318663999999,-10.93162632
30.727594370000002,-1.55723297
-11.305576320000002,1.24169576
-46.904258719999994,13.39105606
-38.578102109999996,-13.22638225
6.7641634900000005,13.20763111
-62.21509551999999,-1.32486188
-58.18305968999999,1.55716061
23.637432090000004,-7.23536253
13.738933559999998,-10.89761161
-31.44560051,-3.57626605
-7.63367176,-4.34743595
-6.606007569999999,-10.23736095
-32.93095396999999,-10.99520969
-27.483077999999995,15.6883564
-37.92411040999999,13.25838565
11.776556960000002,17.86858558
-7.091920369999996,16.19066619
18.99740219,-14.53253078
-18.461976999999997,13.90142154
-62.89270781999999,4.4800167
-31.4508934,-2.58118653
-64.53105163,0.93207579
4.83214855,3.31432795
-10.432920449999996,-18.82705307
29.227594370000002,1.39086484
-29.560317989999994,-6.45594263
25.974805830000005,-2.2431705
-29.52607344999999,3.83058404
-13.01978015,-10.06705665
23.549617760000004,-0.77905917
-50.664871209999994,3.42801475
-43.31467436999999,-11.74354457
6.077289580000005,-14.29664039
26.050231930000002,-4.56404209
28.913885110000002,3.6755588
-54.92757414999999,-2.04902195
5.097264759999998,-4.98020362
-36.58767699999999,-9.92185497
-0.48665653999999514,7.7838068
-7.703553199999998,-17.70009613
25.95216751,-9.63459587
-10.84211826,-1.72030031
-35.84188078999999,-5.84756898
28.038192740000003,-5.54706907
-41.31114195999999,12.38727664
-49.281478879999995,-11.18591213
-35.1083908,-13.61218261
4.694984430000003,15.88410377
-34.409851069999995,-11.32267475
-48.45809935999999,2.21406483
-22.32064056,-12.36984252
-37.318840019999996,13.39859294
-52.845848079999996,10.46804809
24.29281044,-10.67137146
-36.258285519999994,13.24987697
24.29353523,0.61376655
-29.28344345,-4.68136549
27.608263010000005,5.97084808
8.697051040000002,-16.38500213
1.5551717200000028,19.17074012
-19.005043029999996,-10.3637619
-55.524047849999995,6.94934749
22.146179190000005,-7.22514057
17.64232254,-10.4874258
-7.744178289999999,8.64265632
0.422261230000001,-12.14131832
-51.66625212999999,8.8349905
-39.06378936,3.9055252
-50.793632499999994,-12.26917552
-31.59906387,-3.76015591
-43.502723689999996,10.53608989
-41.06505583999999,12.70844745
-32.04647827,-0.96862584
-1.4130232299999967,19.040802
18.319675440000005,2.13420915
4.451321120000002,-16.6931858
12.721850389999998,9.47931098
23.184465400000004,7.96173524
-16.866388319999995,-18.69342231
-19.693658819999996,12.80463409
-25.736240379999998,7.85747814
-57.863662719999994,2.5324583
25.553785320000003,3.11014509
-26.91426849,8.21249961
22.31395912,-13.5101366
-22.93371009,10.04871273
-11.173174849999997,-15.32391929
27.46081543,8.29e-06
17.72358894,15.99329662
-2.6423528099999967,-18.28775596
30.546670910000003,2.3828361
18.47187423,-15.60267257
-38.36511229999999,-7.35734987
-30.10215187,5.71003818
-1.7956459499999948,2.12812161
-56.16967772999999,6.86445045
11.87997245,-15.57095909
-26.32134818999999,-2.93376827
-62.711357109999994,3.42196059
3.9267582799999987,-3.336e-05
-30.031467429999992,-7.81216907
-26.6238079,-14.69419765
12.383719440000002,17.58223915
-6.648502819999995,-7.40865659
-42.02783965999999,-5.14880228
9.512501710000002,-18.26558876
-29.76518249,0.69845706
-13.261127470000002,6.28939676
-25.01314544,-10.12730598
3.68710231,2.15309405
2.96948885,5.07995796
-36.081581109999995,-12.9499216
23.936845770000005,5.00093317
-9.497656819999996,-18.47405242
7.44117164,-8.59495163
29.301935190000002,3.30874204
-23.018705359999995,-6.1950736
-36.88562773999999,10.8591566
-0.3298507299999983,17.53303909
7.073686599999999,-6.76232624
0.9009827300000037,17.16441345
29.893892280000003,0.22903198
29.636350630000003,1.32081747
-10.3267374,-0.32732042
3.5533170700000016,18.15146064
-30.96761131,5.2623434
15.779323570000006,-1.93911576
25.445922850000002,10.11315918
-55.94402312999999,7.82276344
-60.443611139999994,-3.828722
-39.22056579,9.89927005
-41.452102659999994,11.04655456
-29.59290123,-4.33452892
-11.51763248,-10.32452583
30.878093710000005,0.00010225
-37.5415802,7.63092517
-21.593622199999995,-4.62523937
-10.453924169999997,-14.31832981
13.733391760000002,16.88204002
-25.186601629999995,16.76535415
-47.96982573999999,13.44408893
-14.153251639999995,5.72767877
27.974971770000003,3.86539459
-25.87093925,9.0048685
5.82142067,-10.28854179
28.331369400000003,-4.13342571
18.640527720000005,15.64521789
14.540989870000004,-12.0681858
-46.63473509999999,12.88948726
14.56564426,13.90180492
-52.38884734999999,6.6231904
-56.27403258999999,5.79668808
-39.49315643,0.33397072
-42.537651059999995,7.82664203
-34.65415954,5.84973621
-32.22975921,-6.95265102
-33.77782439999999,-10.62100315
-43.82605742999999,12.03705596
-59.934242239999996,-5.06701469
22.542833320000003,-10.64863872
-22.049703589999996,-17.68768882
-6.723764889999999,-12.20492935
-54.62485503999999,-7.92942142
-24.940158839999995,-9.71312618
-15.626772879999999,-16.85752296
-51.25811766999999,-0.96188205
-30.741939539999994,7.34192419
-17.990661619999997,10.89636039
13.5707283,13.45861339
-18.901927939999997,-11.05016326
12.46465206,-13.65320682
-47.177680959999996,-2.71159195
-39.61608123,-3.36930728
-30.99216842,2.90059804
2.0835664200000004,-5.85236454
-16.565135949999995,-6.54652738
-53.372665399999995,-2.62368965
-45.28043364999999,13.37492561
6.463716499999999,-6.00399541
15.847146980000003,16.05240631
-31.96718024999999,-8.4613161
-20.3844223,-9.91912746
-0.6422016599999988,-13.64475441
-61.086738579999995,8.828e-05
-8.53705215,1.12187039
-42.28163147,10.08902931
-29.98333931,-6.12250042
-56.01829527999999,-7.75623941
-33.065185539999995,-11.98955535
12.06648731,-12.75670623
-9.12597751,1.87449693
-62.61087035999999,0.949346
-45.63743591,3.45638155
-1.5308408699999994,-8.26382923
-57.94798277999999,-5.71122264
-39.111389159999995,3.91284298
-58.29442595999999,-5.01010704
0.24804008000000027,-0.462792
5.659774779999999,4.15881443
15.7257061,-14.47666358
-53.017539969999994,6.04531383
-29.104862209999997,-15.42263507
27.86902046,0.49305972
-32.88415527,-4.93952465
-5.466144559999999,-13.69459533
24.649047850000002,9.23827457
-35.98504637999999,12.26933288
-4.376358979999997,19.51610374
20.28537941,14.89612388
-30.885301589999997,13.74620342
-6.738711349999999,-8.68640995
28.280773160000003,4.83027935
-62.317108149999996,0.60333383
3.634985440000005,5.31607627
-38.67182159,-6.82224035
-60.92903136999999,2.15096736
-37.65988158999999,12.63338661
23.88085365,-12.18465519
-3.7436232499999984,16.44696044
-42.007888789999996,-2.6262505
-7.217461579999997,-19.31859779
-4.7859682999999995,-12.59532356
6.177996149999999,-5.44092416
27.063117980000005,2.61634707
-15.47010994,9.81474304
-39.38015746999999,12.64262199
-56.19338225999999,7.15053224
-40.56304930999999,-12.80856609
-29.512134549999995,15.58672905
-14.890398969999994,-0.63647013
4.922829620000004,-6.89711761
1.2209270000000008,8.26442337
-25.163766859999996,-11.5950613
-18.65358734,9.68400859
28.649333950000003,-3.98406243
-61.39729308999999,1.716e-05
-32.38292694,-5.09467935
17.339754100000004,-6.70996856
6.285075180000004,4.18990898
-31.53591728,-9.68223285
15.818172449999999,11.45457744
-30.5767765,-2.24639296
-10.12211895,6.3154416
0.7171293500000032,18.9604454
-29.56205558,-8.72919845
6.441729059999999,6.89974403
3.5518383900000003,-9.40353488
-31.40672111,-3.98228097
23.996109,-4.89894437
20.58310318,-14.44670009
-37.83947753,5.70386838
-46.587020869999996,13.50191783
-10.88207721,2.61517381
-29.715028759999992,1.68958723
-49.838584899999994,-12.34990501
-36.54148100999999,12.83469295
-35.75048064999999,-11.98644256
-36.081039419999996,12.95047855
-26.393747329999997,-11.78971767
-43.10167693999999,2.25768637
-24.02662086,12.911026
31.110084530000005,-2.609e-05
-10.74965,-10.27445697
-40.17693327999999,11.28049755
-24.02394485,-15.49660778
-22.65044212,12.30619907
20.371812820000002,-13.26711368
9.754539490000004,12.05307197
-14.808027259999998,-18.87810325
10.862305640000004,-12.60955047
27.281532280000004,5.13476181
-33.91252898999999,11.14798641
-16.044876089999995,-18.77379608
-31.55520629,3.67815518
-56.875419609999994,1.046e-05
-21.83766937,11.11045932
-30.479455939999998,13.00657367
8.993471139999999,8.35085487
-62.15754698999999,3.49444675
-21.79392242,-12.43727111
-60.96017455999999,-1.2040261
6.061793320000002,18.54043197
-29.239889139999995,-13.69870281
-0.5136089299999956,-14.14521122
-0.7311293999999994,-7.82251787
20.727436060000002,-2.21678805
13.374317160000004,-11.66033458
-18.25554657,10.84345531
-23.233161919999997,16.92484283
-20.51345253,-10.83023929
-37.54200743999999,-12.18533706
-63.86971282999999,-3.56596612
3.1518840700000035,17.00728225
-39.68663786999999,-11.80002307
-26.31357765,12.61732006
21.34591102,-8.3001461
-29.71451187,0.95733267
4.231607910000004,-16.99429893
-41.694671629999995,-11.17113685
-48.430061339999995,11.4284172
-4.741555689999999,-6.91049909
-24.85795974,9.57362461
27.300668710000004,-0.97961461
-5.731227389999996,17.46143722
-35.121749869999995,-7.62668705
-44.29917907,2.15071129
-34.709678649999994,11.44895935
-19.66541671,-13.64509487
-22.80695343,-11.52996349
27.672058100000005,-4.38279342
-33.01751708999999,10.34791851
18.734960550000004,8.73454761
-29.69960212,-1.14708781
5.305547710000004,-8.80950546
-18.615112299999996,9.65117168
-10.9140501,-6.58486843
-30.70389366,-5.04778528
-51.45608519999999,4.53377962
-48.887916559999994,5.29279804
-52.09414671999999,11.8305521
-19.66600227,13.64435768
-10.814677229999997,-14.87934589
-2.363318919999997,19.39826011
-53.616973869999995,-6.63848829
25.8712635,8.44690036
20.214422220000003,-14.35329914
-39.446304319999996,-13.00839042
-29.84756088,-9.10610103
-5.94214105,2.07139635
-58.68119811999999,-4.72298479
-51.498153679999994,7.81294345
29.702575680000002,-2.58428025
-52.228668209999995,-11.5689125
14.385648720000006,0.64854919
21.14542579,12.57627964
14.983729360000003,-15.96408462
-46.87043761999999,13.22893238
-2.903218499999999,-11.08976173
-15.934938429999995,-2.52879142
-29.61295127,-5.03675031
-34.87220763999999,11.12588214
-40.91316222999999,11.8048191
-61.64994811999999,-5.1690998
-58.28883360999999,5.00869989
-17.95829772,9.79812145
8.972008700000005,6.57885694
-12.33945179,-5.47387838
-16.280204769999997,-9.00883293
7.7696866899999995,7.81948661
-27.467302319999998,8.05880737
-15.11833572,9.59698581
-37.55531310999999,-8.85976886
-55.23495482999999,4.55354404
-19.54297256,-9.90772342
-29.162508009999993,-5.80213117
-61.417610159999995,-2.84296321
-34.03077696999999,-10.07944583
-1.3966436299999956,-12.85556125
5.917836660000001,-16.84836196
22.84192657,-6.60573911
-62.71230315999999,-3.41042041
-5.911476609999996,15.77628707
-49.97589873999999,5.96898269
-36.26577757999999,-13.23205947
-17.991088859999998,-18.18037223
-30.061683649999996,-15.34134101
-45.41459655,-3.83824658
-40.98654173999999,8.5548172
-33.67550659,14.06751632
-39.96356964,-4.6466484
-9.76034164,6.03312063
17.71797752,-10.78184032
-22.751794809999996,-17.38232803
4.8317565899999995,4.20790529
-33.26957701999999,8.80931568
-30.926830289999998,13.6381073
-16.79168319,9.06667232
-8.843027109999994,13.2593069
26.23462295,-0.99806314
-52.233833309999994,1.47169923
27.62135124,4.64008569
-35.66062164,3.14207863
-11.63936233,4.64362573
-22.73970985,-16.54925727
-0.5622920299999983,17.9841957
-63.281524649999994,0.18763877
-36.762947079999996,9.68239593
8.367942810000004,-14.402812
9.381591789999998,-8.33693027
-1.2088506199999958,-15.69098472
-15.49779224,9.55225276
-1.9308657599999994,-8.94215869
24.14403343,5.29466152
-11.59527301,3.84139585
-8.79549789,-2.59623622
-31.930770869999996,-10.3792696
11.176403990000004,10.06291294
-8.98717403,2.20773649
-19.694051739999995,9.57744121
13.57886409,-11.70372772
-11.936800000000002,-2.97251248
10.1076765,-16.02579116
4.949398039999999,0.00014321
25.36140251,-8.88873863
20.88700103,14.27356052
-3.016985649999995,-11.12912178
-35.25676726999999,-8.29459571
-31.561342229999997,-9.43438243
